"provincia","estrato","rv"
"CABA","core",0.3254
"CABA","core",0.2824
"CABA","core",0.1276
"CABA","core",0.468
"CABA","core",0.3202
"CABA","core",0.2006
"CABA","core",0.1933
"CABA","core",0.4556
"CABA","core",0.2308
"CABA","core",0.3253
"CABA","core",0.2885
"CABA","core",0.4552
"CABA","core",0.3613
"CABA","core",0.2367
"CABA","core",0.4644
"CABA","core",0.5331
"CABA","core",0.4995
"CABA","core",0.4261
"CABA","core",0.3539
"CABA","core",0.4595
"CABA","core",0.2057
"CABA","core",0.2726
"CABA","core",0.3928
"CABA","core",0.3172
"CABA","core",0.2477
"CABA","core",0.2917
"CABA","core",0.258
"CABA","core",0.2632
"CABA","core",0.456
"CABA","core",0.2531
"CABA","core",0.3227
"CABA","core",0.4445
"CABA","core",0.2514
"CABA","core",0.377
"CABA","core",0.2447
"CABA","core",0.2063
"CABA","core",0.3173
"CABA","core",0.4752
"CABA","core",0.359
"CABA","core",0.2921
"CABA","core",0.2922
"CABA","core",0.3731
"CABA","core",0.3027
"CABA","core",0.2494
"CABA","core",0.3576
"CABA","core",0.3216
"CABA","core",0.1793
"CABA","core",0.3594
"CABA","core",0.3434
"CABA","core",0.3292
"CABA","core",0.322
"CABA","core",0.3827
"CABA","core",0.4664
"CABA","core",0.2461
"CABA","core",0.311
"CABA","core",0.304
"CABA","core",0.2338
"CABA","core",0.2265
"CABA","core",0.2828
"CABA","core",0.5131
"CABA","core",0.3506
"CABA","core",0.4676
"CABA","core",0.1638
"CABA","core",0.21
"CABA","core",0.3533
"CABA","core",0.4248
"CABA","core",0.3134
"CABA","core",0.3725
"CABA","core",0.4177
"CABA","core",0.2985
"CABA","core",0.363
"CABA","core",0.3375
"CABA","core",0.3309
"CABA","core",0.3894
"CABA","core",0.349
"CABA","core",0.1913
"CABA","core",0.2582
"CABA","core",0.3754
"CABA","core",0.2773
"CABA","core",0.484
"CABA","core",0.3139
"CABA","core",0.3592
"CABA","core",0.4027
"CABA","core",0.2768
"CABA","core",0.2798
"CABA","core",0.3893
"CABA","core",0.3599
"CABA","core",0.3625
"CABA","core",0.3773
"CABA","core",0.1993
"CABA","core",0.3665
"CABA","core",0.2941
"CABA","core",0.4162
"CABA","core",0.4383
"CABA","core",0.2286
"CABA","core",0.2792
"CABA","core",0.3054
"CABA","core",0.4191
"CABA","core",0.3075
"CABA","core",0.3128
"CABA","core",0.3299
"CABA","core",0.2389
"CABA","core",0.2519
"CABA","core",0.2898
"CABA","core",0.5043
"CABA","core",0.3427
"CABA","core",0.2581
"CABA","core",0.2636
"CABA","core",0.188
"CABA","core",0.3747
"CABA","core",0.3206
"CABA","core",0.4193
"CABA","core",0.3636
"CABA","core",0.1912
"CABA","core",0.3274
"CABA","core",0.4067
"CABA","core",0.2083
"CABA","core",0.2105
"CABA","core",0.4695
"CABA","core",0.3187
"CABA","core",0.4827
"CABA","core",0.4337
"CABA","core",0.4934
"CABA","core",0.4416
"CABA","core",0.1722
"CABA","core",0.4213
"CABA","core",0.3904
"CABA","core",0.315
"CABA","core",0.3541
"CABA","core",0.2892
"CABA","core",0.2604
"CABA","core",0.3597
"CABA","core",0.4404
"CABA","core",0.2382
"CABA","core",0.1959
"CABA","core",0.2071
"CABA","core",0.2073
"CABA","core",0.2762
"CABA","core",0.3152
"CABA","core",0.4475
"CABA","core",0.2159
"CABA","core",0.3773
"CABA","core",0.3509
"CABA","core",0.3218
"CABA","core",0.3003
"CABA","core",0.4352
"CABA","core",0.3314
"CABA","core",0.3962
"CABA","core",0.2427
"CABA","core",0.4069
"CABA","core",0.1969
"CABA","core",0.2838
"CABA","core",0.2826
"CABA","core",0.3499
"CABA","core",0.1855
"CABA","core",0.243
"CABA","core",0.2565
"CABA","core",0.4505
"CABA","core",0.4396
"CABA","core",0.2402
"CABA","core",0.2256
"CABA","core",0.4123
"CABA","core",0.2853
"CABA","core",0.3678
"CABA","core",0.318
"CABA","core",0.3037
"CABA","core",0.343
"CABA","core",0.3676
"CABA","core",0.3791
"CABA","core",0.352
"CABA","core",0.3183
"CABA","core",0.4711
"CABA","core",0.3723
"CABA","core",0.2759
"CABA","core",0.2323
"CABA","core",0.3078
"CABA","core",0.3976
"CABA","core",0.4337
"CABA","core",0.3011
"CABA","core",0.3532
"CABA","core",0.4251
"CABA","core",0.3161
"CABA","core",0.3908
"CABA","core",0.3359
"CABA","core",0.4293
"CABA","core",0.3696
"CABA","core",0.4106
"CABA","core",0.3436
"CABA","core",0.2636
"CABA","core",0.1854
"CABA","core",0.4326
"CABA","core",0.326
"CABA","core",0.1919
"CABA","core",0.3627
"CABA","core",0.1913
"CABA","core",0.5759
"CABA","core",0.4405
"CABA","core",0.3043
"CABA","core",0.4021
"CABA","core",0.2261
"CABA","core",0.2688
"CABA","core",0.5077
"CABA","core",0.367
"CABA","core",0.3351
"CABA","core",0.3685
"CABA","core",0.3909
"CABA","core",0.3195
"CABA","core",0.3226
"CABA","core",0.3611
"CABA","core",0.3264
"CABA","core",0.4405
"CABA","core",0.3606
"CABA","core",0.1606
"CABA","core",0.2801
"CABA","core",0.3861
"CABA","core",0.3497
"CABA","core",0.3213
"CABA","core",0.3835
"CABA","core",0.4195
"CABA","core",0.3305
"CABA","core",0.3339
"CABA","core",0.3937
"CABA","core",0.2958
"CABA","core",0.3515
"CABA","core",0.358
"CABA","core",0.2557
"CABA","core",0.3814
"CABA","core",0.39
"CABA","core",0.2793
"CABA","core",0.2771
"CABA","core",0.2987
"CABA","core",0.3591
"CABA","core",0.1881
"CABA","core",0.3124
"CABA","core",0.1787
"CABA","core",0.2271
"CABA","core",0.2593
"CABA","core",0.3789
"CABA","core",0.1854
"CABA","core",0.2719
"CABA","core",0.3922
"CABA","core",0.2878
"CABA","core",0.4412
"CABA","core",0.1007
"CABA","core",0.3306
"CABA","core",0.3418
"CABA","core",0.3908
"CABA","core",0.5538
"CABA","core",0.2512
"CABA","core",0.2147
"CABA","core",0.4605
"CABA","core",0.1678
"CABA","core",0.2522
"CABA","core",0.2761
"CABA","core",0.4282
"CABA","core",0.2551
"CABA","core",0.2195
"CABA","core",0.2151
"CABA","core",0.2926
"CABA","core",0.3137
"CABA","core",0.2955
"CABA","core",0.4274
"CABA","core",0.3947
"CABA","core",0.2244
"CABA","core",0.3619
"CABA","core",0.459
"CABA","core",0.3273
"CABA","core",0.265
"CABA","core",0.3328
"CABA","core",0.2543
"CABA","core",0.3433
"CABA","core",0.1367
"CABA","core",0.3523
"CABA","core",0.3161
"CABA","core",0.4387
"CABA","core",0.2582
"CABA","core",0.4584
"CABA","core",0.3391
"CABA","core",0.4591
"CABA","core",0.3477
"CABA","core",0.3142
"CABA","core",0.265
"CABA","core",0.2816
"CABA","core",0.4655
"CABA","core",0.3308
"CABA","core",0.2244
"CABA","core",0.373
"CABA","core",0.2202
"CABA","core",0.3372
"CABA","core",0.3868
"CABA","core",0.348
"CABA","core",0.3987
"CABA","core",0.4002
"CABA","core",0.5082
"CABA","core",0.3637
"CABA","core",0.3578
"CABA","core",0.2482
"CABA","core",0.3978
"CABA","core",0.5274
"CABA","core",0.3632
"Buenos Aires","core",0.394
"Buenos Aires","core",0.5232
"Buenos Aires","core",0.397
"Buenos Aires","core",0.461
"Buenos Aires","core",0.5498
"Buenos Aires","core",0.3765
"Buenos Aires","core",0.3869
"Buenos Aires","core",0.462
"Buenos Aires","core",0.4079
"Buenos Aires","core",0.3788
"Buenos Aires","core",0.3576
"Buenos Aires","core",0.495
"Buenos Aires","core",0.5379
"Buenos Aires","core",0.5263
"Buenos Aires","core",0.2032
"Buenos Aires","core",0.399
"Buenos Aires","core",0.4232
"Buenos Aires","core",0.4095
"Buenos Aires","core",0.3769
"Buenos Aires","core",0.263
"Buenos Aires","core",0.4296
"Buenos Aires","core",0.3043
"Buenos Aires","core",0.4186
"Buenos Aires","core",0.4833
"Buenos Aires","core",0.4659
"Buenos Aires","core",0.4695
"Buenos Aires","core",0.4877
"Buenos Aires","core",0.4365
"Buenos Aires","core",0.2545
"Buenos Aires","core",0.3377
"Buenos Aires","core",0.4529
"Buenos Aires","core",0.3318
"Buenos Aires","core",0.3607
"Buenos Aires","core",0.362
"Buenos Aires","core",0.3887
"Buenos Aires","core",0.4298
"Buenos Aires","core",0.5022
"Buenos Aires","core",0.4815
"Buenos Aires","core",0.2543
"Buenos Aires","core",0.5032
"Buenos Aires","core",0.4489
"Buenos Aires","core",0.4499
"Buenos Aires","core",0.4218
"Buenos Aires","core",0.4703
"Buenos Aires","core",0.4151
"Buenos Aires","core",0.6036
"Buenos Aires","core",0.4216
"Buenos Aires","core",0.4336
"Buenos Aires","core",0.4237
"Buenos Aires","core",0.4926
"Buenos Aires","core",0.3803
"Buenos Aires","core",0.5548
"Buenos Aires","core",0.4651
"Buenos Aires","core",0.5641
"Buenos Aires","core",0.2704
"Buenos Aires","core",0.444
"Buenos Aires","core",0.4646
"Buenos Aires","core",0.3202
"Buenos Aires","core",0.2963
"Buenos Aires","core",0.2504
"Buenos Aires","core",0.5131
"Buenos Aires","core",0.4274
"Buenos Aires","core",0.4838
"Buenos Aires","core",0.4783
"Buenos Aires","core",0.4956
"Buenos Aires","core",0.5169
"Buenos Aires","core",0.6363
"Buenos Aires","core",0.2683
"Buenos Aires","core",0.5366
"Buenos Aires","core",0.3867
"Buenos Aires","core",0.2485
"Buenos Aires","core",0.6281
"Buenos Aires","core",0.3469
"Buenos Aires","core",0.5589
"Buenos Aires","core",0.3543
"Buenos Aires","core",0.3614
"Buenos Aires","core",0.4597
"Buenos Aires","core",0.4799
"Buenos Aires","core",0.4999
"Buenos Aires","core",0.6076
"Buenos Aires","core",0.4745
"Buenos Aires","core",0.3374
"Buenos Aires","core",0.3514
"Buenos Aires","core",0.3695
"Buenos Aires","core",0.5576
"Buenos Aires","core",0.4735
"Buenos Aires","core",0.1747
"Buenos Aires","core",0.4273
"Buenos Aires","core",0.4313
"Buenos Aires","core",0.4385
"Buenos Aires","core",0.3734
"Buenos Aires","core",0.2375
"Buenos Aires","core",0.4515
"Buenos Aires","core",0.4725
"Buenos Aires","core",0.349
"Buenos Aires","core",0.3541
"Buenos Aires","core",0.3439
"Buenos Aires","core",0.5442
"Buenos Aires","core",0.4445
"Buenos Aires","core",0.5186
"Buenos Aires","core",0.5
"Buenos Aires","core",0.6344
"Buenos Aires","core",0.3835
"Buenos Aires","core",0.4269
"Buenos Aires","core",0.4036
"Buenos Aires","core",0.3738
"Buenos Aires","core",0.3996
"Buenos Aires","core",0.3954
"Buenos Aires","core",0.4009
"Buenos Aires","core",0.5637
"Buenos Aires","core",0.3247
"Buenos Aires","core",0.4373
"Buenos Aires","core",0.4347
"Buenos Aires","core",0.5021
"Buenos Aires","core",0.2377
"Buenos Aires","core",0.4743
"Buenos Aires","core",0.5361
"Buenos Aires","core",0.5046
"Buenos Aires","core",0.4248
"Buenos Aires","core",0.3869
"Buenos Aires","core",0.4302
"Buenos Aires","core",0.4265
"Buenos Aires","core",0.314
"Buenos Aires","core",0.4459
"Buenos Aires","core",0.6092
"Buenos Aires","core",0.3389
"Buenos Aires","core",0.4383
"Buenos Aires","core",0.5661
"Buenos Aires","core",0.3728
"Buenos Aires","core",0.4621
"Buenos Aires","core",0.3847
"Buenos Aires","core",0.3775
"Buenos Aires","core",0.4341
"Buenos Aires","core",0.376
"Buenos Aires","core",0.4277
"Buenos Aires","core",0.1555
"Buenos Aires","core",0.3785
"Buenos Aires","core",0.2954
"Buenos Aires","core",0.4718
"Buenos Aires","core",0.3208
"Buenos Aires","core",0.6065
"Buenos Aires","core",0.4592
"Buenos Aires","core",0.4334
"Buenos Aires","core",0.5285
"Buenos Aires","core",0.3641
"Buenos Aires","core",0.6399
"Buenos Aires","core",0.4431
"Buenos Aires","core",0.4102
"Buenos Aires","core",0.4244
"Buenos Aires","core",0.5319
"Buenos Aires","core",0.3889
"Buenos Aires","core",0.4889
"Buenos Aires","core",0.6414
"Buenos Aires","core",0.5245
"Buenos Aires","core",0.3251
"Buenos Aires","core",0.4423
"Buenos Aires","core",0.4766
"Buenos Aires","core",0.5584
"Buenos Aires","core",0.5979
"Buenos Aires","core",0.2357
"Buenos Aires","core",0.4081
"Buenos Aires","core",0.3574
"Buenos Aires","core",0.2289
"Buenos Aires","core",0.5399
"Buenos Aires","core",0.3558
"Buenos Aires","core",0.3433
"Buenos Aires","core",0.3815
"Buenos Aires","core",0.3298
"Buenos Aires","core",0.5345
"Buenos Aires","core",0.5225
"Buenos Aires","core",0.558
"Buenos Aires","core",0.3627
"Buenos Aires","core",0.3559
"Buenos Aires","core",0.5806
"Buenos Aires","core",0.4598
"Buenos Aires","core",0.4647
"Buenos Aires","core",0.434
"Buenos Aires","core",0.3824
"Buenos Aires","core",0.4601
"Buenos Aires","core",0.4996
"Buenos Aires","core",0.3507
"Buenos Aires","core",0.6748
"Buenos Aires","core",0.5724
"Buenos Aires","core",0.4054
"Buenos Aires","core",0.3634
"Buenos Aires","core",0.5869
"Buenos Aires","core",0.4484
"Buenos Aires","core",0.5249
"Buenos Aires","core",0.421
"Buenos Aires","core",0.4682
"Buenos Aires","core",0.5371
"Buenos Aires","core",0.3296
"Buenos Aires","core",0.4279
"Buenos Aires","core",0.5168
"Buenos Aires","core",0.4352
"Buenos Aires","core",0.5816
"Buenos Aires","core",0.3491
"Buenos Aires","core",0.3975
"Buenos Aires","core",0.6274
"Buenos Aires","core",0.3641
"Buenos Aires","core",0.4271
"Buenos Aires","core",0.4367
"Buenos Aires","core",0.6025
"Buenos Aires","core",0.4433
"Buenos Aires","core",0.3885
"Buenos Aires","core",0.5444
"Buenos Aires","core",0.4706
"Buenos Aires","core",0.3447
"Buenos Aires","core",0.4288
"Buenos Aires","core",0.4125
"Buenos Aires","core",0.4119
"Buenos Aires","core",0.5964
"Buenos Aires","core",0.486
"Buenos Aires","core",0.3392
"Buenos Aires","core",0.5488
"Buenos Aires","core",0.3804
"Buenos Aires","core",0.4473
"Buenos Aires","core",0.3243
"Buenos Aires","core",0.395
"Buenos Aires","core",0.5055
"Buenos Aires","core",0.4936
"Buenos Aires","core",0.4324
"Buenos Aires","core",0.4373
"Buenos Aires","core",0.3926
"Buenos Aires","core",0.3616
"Buenos Aires","core",0.3406
"Buenos Aires","core",0.4876
"Buenos Aires","core",0.6151
"Buenos Aires","core",0.3646
"Buenos Aires","core",0.4708
"Buenos Aires","core",0.4787
"Buenos Aires","core",0.5375
"Buenos Aires","core",0.4828
"Buenos Aires","core",0.3773
"Buenos Aires","core",0.6439
"Buenos Aires","core",0.4084
"Buenos Aires","core",0.4691
"Buenos Aires","core",0.269
"Buenos Aires","core",0.4797
"Buenos Aires","core",0.36
"Buenos Aires","core",0.3696
"Buenos Aires","core",0.474
"Buenos Aires","core",0.4002
"Buenos Aires","core",0.4786
"Buenos Aires","core",0.4376
"Buenos Aires","core",0.664
"Buenos Aires","core",0.4555
"Buenos Aires","core",0.5282
"Buenos Aires","core",0.3596
"Buenos Aires","core",0.6162
"Buenos Aires","core",0.5042
"Buenos Aires","core",0.4097
"Buenos Aires","core",0.5963
"Buenos Aires","core",0.2992
"Buenos Aires","core",0.4933
"Buenos Aires","core",0.3887
"Buenos Aires","core",0.3721
"Buenos Aires","core",0.33
"Buenos Aires","core",0.6499
"Buenos Aires","core",0.5384
"Buenos Aires","core",0.3739
"Buenos Aires","core",0.6864
"Buenos Aires","core",0.4553
"Buenos Aires","core",0.5452
"Buenos Aires","core",0.4269
"Buenos Aires","core",0.4522
"Buenos Aires","core",0.4042
"Buenos Aires","core",0.4796
"Buenos Aires","core",0.4089
"Buenos Aires","core",0.4986
"Buenos Aires","core",0.3973
"Buenos Aires","core",0.5333
"Buenos Aires","core",0.2533
"Buenos Aires","core",0.4006
"Buenos Aires","core",0.3154
"Buenos Aires","core",0.5688
"Buenos Aires","core",0.4841
"Buenos Aires","core",0.6362
"Buenos Aires","core",0.5077
"Buenos Aires","core",0.4399
"Buenos Aires","core",0.3776
"Buenos Aires","core",0.4451
"Buenos Aires","core",0.3417
"Buenos Aires","core",0.3731
"Buenos Aires","core",0.4768
"Buenos Aires","core",0.5603
"Buenos Aires","core",0.4085
"Buenos Aires","core",0.4543
"Buenos Aires","core",0.4003
"Buenos Aires","core",0.5406
"Buenos Aires","core",0.5504
"Buenos Aires","core",0.471
"Buenos Aires","core",0.3828
"Buenos Aires","core",0.5512
"Buenos Aires","core",0.3231
"Buenos Aires","core",0.5303
"Buenos Aires","core",0.347
"Buenos Aires","core",0.5438
"Buenos Aires","core",0.4571
"Buenos Aires","core",0.2808
"Córdoba","core",0.2916
"Córdoba","core",0.3837
"Córdoba","core",0.3585
"Córdoba","core",0.367
"Córdoba","core",0.2354
"Córdoba","core",0.3872
"Córdoba","core",0.2819
"Córdoba","core",0.3725
"Córdoba","core",0.2765
"Córdoba","core",0.22
"Córdoba","core",0.3648
"Córdoba","core",0.5234
"Córdoba","core",0.2419
"Córdoba","core",0.3697
"Córdoba","core",0.4948
"Córdoba","core",0.2915
"Córdoba","core",0.3489
"Córdoba","core",0.5723
"Córdoba","core",0.5505
"Córdoba","core",0.539
"Córdoba","core",0.4628
"Córdoba","core",0.5378
"Córdoba","core",0.4475
"Córdoba","core",0.3762
"Córdoba","core",0.3431
"Córdoba","core",0.3097
"Córdoba","core",0.4365
"Córdoba","core",0.5394
"Córdoba","core",0.3988
"Córdoba","core",0.5679
"Córdoba","core",0.2039
"Córdoba","core",0.5133
"Córdoba","core",0.4582
"Córdoba","core",0.4044
"Córdoba","core",0.2534
"Córdoba","core",0.5372
"Córdoba","core",0.472
"Córdoba","core",0.4393
"Córdoba","core",0.3674
"Córdoba","core",0.3246
"Córdoba","core",0.2539
"Córdoba","core",0.3516
"Córdoba","core",0.4577
"Córdoba","core",0.3387
"Córdoba","core",0.6517
"Córdoba","core",0.583
"Córdoba","core",0.4482
"Córdoba","core",0.4154
"Córdoba","core",0.3547
"Córdoba","core",0.3173
"Córdoba","core",0.2889
"Córdoba","core",0.3382
"Córdoba","core",0.4636
"Córdoba","core",0.3764
"Córdoba","core",0.4122
"Córdoba","core",0.5158
"Córdoba","core",0.3706
"Córdoba","core",0.598
"Córdoba","core",0.3317
"Córdoba","core",0.2481
"Córdoba","core",0.5537
"Córdoba","core",0.3055
"Córdoba","core",0.6616
"Córdoba","core",0.6182
"Córdoba","core",0.3918
"Córdoba","core",0.4228
"Córdoba","core",0.2759
"Córdoba","core",0.3802
"Córdoba","core",0.3019
"Córdoba","core",0.4103
"Córdoba","core",0.2324
"Córdoba","core",0.2371
"Córdoba","core",0.4703
"Córdoba","core",0.2302
"Córdoba","core",0.2929
"Córdoba","core",0.4902
"Córdoba","core",0.4551
"Córdoba","core",0.4848
"Córdoba","core",0.4001
"Córdoba","core",0.408
"Córdoba","core",0.3172
"Córdoba","core",0.2706
"Córdoba","core",0.2347
"Córdoba","core",0.4439
"Córdoba","core",0.4305
"Córdoba","core",0.5592
"Córdoba","core",0.4989
"Córdoba","core",0.3904
"Córdoba","core",0.4109
"Córdoba","core",0.5755
"Córdoba","core",0.2492
"Córdoba","core",0.3699
"Córdoba","core",0.298
"Córdoba","core",0.1697
"Córdoba","core",0.3663
"Córdoba","core",0.3229
"Córdoba","core",0.3334
"Córdoba","core",0.3372
"Córdoba","core",0.2667
"Córdoba","core",0.3327
"Córdoba","core",0.3703
"Córdoba","core",0.5358
"Córdoba","core",0.6674
"Córdoba","core",0.5494
"Córdoba","core",0.2836
"Córdoba","core",0.4909
"Córdoba","core",0.5583
"Córdoba","core",0.5293
"Córdoba","core",0.4026
"Córdoba","core",0.4406
"Córdoba","core",0.2731
"Córdoba","core",0.586
"Córdoba","core",0.3595
"Córdoba","core",0.4563
"Córdoba","core",0.3318
"Córdoba","core",0.6394
"Córdoba","core",0.6134
"Córdoba","core",0.5463
"Córdoba","core",0.3783
"Córdoba","core",0.7023
"Córdoba","core",0.4156
"Córdoba","core",0.251
"Córdoba","core",0.4403
"Córdoba","core",0.4175
"Córdoba","core",0.3637
"Córdoba","core",0.479
"Córdoba","core",0.2724
"Córdoba","core",0.267
"Córdoba","core",0.2058
"Córdoba","core",0.4552
"Córdoba","core",0.2754
"Córdoba","core",0.5329
"Córdoba","core",0.3825
"Córdoba","core",0.3824
"Córdoba","core",0.513
"Córdoba","core",0.3053
"Córdoba","core",0.4129
"Córdoba","core",0.3906
"Córdoba","core",0.5091
"Córdoba","core",0.5235
"Córdoba","core",0.4172
"Córdoba","core",0.28
"Córdoba","core",0.6213
"Córdoba","core",0.3488
"Córdoba","core",0.5308
"Córdoba","core",0.2951
"Córdoba","core",0.1834
"Córdoba","core",0.4777
"Córdoba","core",0.2428
"Córdoba","core",0.3179
"Córdoba","core",0.5115
"Córdoba","core",0.5037
"Córdoba","core",0.3909
"Córdoba","core",0.6114
"Córdoba","core",0.5198
"Córdoba","core",0.2595
"Córdoba","core",0.177
"Córdoba","core",0.3732
"Córdoba","core",0.2641
"Córdoba","core",0.2385
"Córdoba","core",0.2741
"Córdoba","core",0.6188
"Córdoba","core",0.2897
"Córdoba","core",0.2395
"Córdoba","core",0.7085
"Córdoba","core",0.3073
"Córdoba","core",0.4523
"Córdoba","core",0.4803
"Córdoba","core",0.4709
"Córdoba","core",0.3226
"Córdoba","core",0.4972
"Córdoba","core",0.2744
"Córdoba","core",0.2793
"Córdoba","core",0.2219
"Córdoba","core",0.6272
"Córdoba","core",0.326
"Córdoba","core",0.3168
"Córdoba","core",0.3911
"Córdoba","core",0.3348
"Córdoba","core",0.3707
"Córdoba","core",0.2794
"Córdoba","core",0.4465
"Córdoba","core",0.2623
"Córdoba","core",0.3831
"Córdoba","core",0.3286
"Córdoba","core",0.6199
"Córdoba","core",0.5337
"Córdoba","core",0.304
"Córdoba","core",0.5065
"Córdoba","core",0.3539
"Córdoba","core",0.4952
"Córdoba","core",0.3935
"Córdoba","core",0.3497
"Córdoba","core",0.4385
"Córdoba","core",0.5807
"Córdoba","core",0.417
"Córdoba","core",0.6192
"Córdoba","core",0.4612
"Córdoba","core",0.2536
"Córdoba","core",0.3115
"Córdoba","core",0.2713
"Córdoba","core",0.212
"Córdoba","core",0.4362
"Córdoba","core",0.515
"Córdoba","core",0.4335
"Córdoba","core",0.4567
"Córdoba","core",0.5677
"Córdoba","core",0.272
"Córdoba","core",0.3345
"Córdoba","core",0.4898
"Córdoba","core",0.5467
"Córdoba","core",0.4071
"Córdoba","core",0.3278
"Córdoba","core",0.3955
"Córdoba","core",0.6521
"Córdoba","core",0.2214
"Córdoba","core",0.238
"Córdoba","core",0.194
"Córdoba","core",0.5116
"Córdoba","core",0.5142
"Córdoba","core",0.2599
"Córdoba","core",0.5895
"Córdoba","core",0.3816
"Córdoba","core",0.5725
"Córdoba","core",0.2821
"Córdoba","core",0.3151
"Córdoba","core",0.4708
"Córdoba","core",0.4511
"Córdoba","core",0.5448
"Córdoba","core",0.3772
"Córdoba","core",0.3784
"Córdoba","core",0.4912
"Córdoba","core",0.4597
"Córdoba","core",0.4588
"Córdoba","core",0.2171
"Córdoba","core",0.4839
"Córdoba","core",0.2783
"Córdoba","core",0.3842
"Córdoba","core",0.1883
"Córdoba","core",0.4701
"Córdoba","core",0.3457
"Córdoba","core",0.3499
"Córdoba","core",0.4729
"Córdoba","core",0.4205
"Córdoba","core",0.3169
"Córdoba","core",0.5787
"Córdoba","core",0.4805
"Córdoba","core",0.391
"Córdoba","core",0.407
"Córdoba","core",0.255
"Córdoba","core",0.3325
"Córdoba","core",0.3568
"Córdoba","core",0.2481
"Córdoba","core",0.2008
"Córdoba","core",0.3655
"Córdoba","core",0.621
"Córdoba","core",0.1584
"Córdoba","core",0.3635
"Córdoba","core",0.3601
"Córdoba","core",0.3407
"Córdoba","core",0.2867
"Córdoba","core",0.5252
"Córdoba","core",0.2381
"Córdoba","core",0.4929
"Córdoba","core",0.2231
"Córdoba","core",0.4874
"Córdoba","core",0.4712
"Córdoba","core",0.4744
"Córdoba","core",0.4101
"Córdoba","core",0.4326
"Córdoba","core",0.4643
"Córdoba","core",0.6179
"Córdoba","core",0.4208
"Córdoba","core",0.3299
"Córdoba","core",0.2502
"Córdoba","core",0.2242
"Córdoba","core",0.3644
"Córdoba","core",0.4938
"Córdoba","core",0.3195
"Córdoba","core",0.4738
"Córdoba","core",0.4297
"Córdoba","core",0.5054
"Córdoba","core",0.2897
"Córdoba","core",0.4801
"Córdoba","core",0.4975
"Córdoba","core",0.5608
"Córdoba","core",0.3147
"Córdoba","core",0.2938
"Córdoba","core",0.531
"Córdoba","core",0.4102
"Córdoba","core",0.2658
"Córdoba","core",0.4567
"Córdoba","core",0.4902
"Córdoba","core",0.4992
"Córdoba","core",0.3392
"Córdoba","core",0.3546
"Córdoba","core",0.2542
"Córdoba","core",0.1598
"Córdoba","core",0.4855
"Córdoba","core",0.4306
"Santa Fe","core",0.5893
"Santa Fe","core",0.5671
"Santa Fe","core",0.6791
"Santa Fe","core",0.6283
"Santa Fe","core",0.4409
"Santa Fe","core",0.4283
"Santa Fe","core",0.4781
"Santa Fe","core",0.5274
"Santa Fe","core",0.5098
"Santa Fe","core",0.4735
"Santa Fe","core",0.4316
"Santa Fe","core",0.4483
"Santa Fe","core",0.491
"Santa Fe","core",0.4997
"Santa Fe","core",0.4426
"Santa Fe","core",0.4729
"Santa Fe","core",0.6427
"Santa Fe","core",0.4187
"Santa Fe","core",0.2263
"Santa Fe","core",0.5284
"Santa Fe","core",0.2631
"Santa Fe","core",0.6358
"Santa Fe","core",0.4375
"Santa Fe","core",0.4027
"Santa Fe","core",0.18
"Santa Fe","core",0.556
"Santa Fe","core",0.3965
"Santa Fe","core",0.4901
"Santa Fe","core",0.5556
"Santa Fe","core",0.3529
"Santa Fe","core",0.3604
"Santa Fe","core",0.4661
"Santa Fe","core",0.4826
"Santa Fe","core",0.5139
"Santa Fe","core",0.4095
"Santa Fe","core",0.47
"Santa Fe","core",0.4651
"Santa Fe","core",0.5256
"Santa Fe","core",0.5884
"Santa Fe","core",0.4859
"Santa Fe","core",0.4919
"Santa Fe","core",0.4999
"Santa Fe","core",0.3126
"Santa Fe","core",0.5147
"Santa Fe","core",0.3999
"Santa Fe","core",0.3613
"Santa Fe","core",0.5405
"Santa Fe","core",0.4074
"Santa Fe","core",0.5763
"Santa Fe","core",0.5556
"Santa Fe","core",0.5041
"Santa Fe","core",0.5685
"Santa Fe","core",0.5994
"Santa Fe","core",0.4695
"Santa Fe","core",0.3796
"Santa Fe","core",0.5477
"Santa Fe","core",0.2419
"Santa Fe","core",0.4406
"Santa Fe","core",0.6714
"Santa Fe","core",0.2923
"Santa Fe","core",0.3748
"Santa Fe","core",0.5275
"Santa Fe","core",0.5114
"Santa Fe","core",0.3221
"Santa Fe","core",0.3601
"Santa Fe","core",0.3967
"Santa Fe","core",0.6566
"Santa Fe","core",0.4133
"Santa Fe","core",0.262
"Santa Fe","core",0.4166
"Santa Fe","core",0.4786
"Santa Fe","core",0.3476
"Santa Fe","core",0.3982
"Santa Fe","core",0.3672
"Santa Fe","core",0.5872
"Santa Fe","core",0.3424
"Santa Fe","core",0.404
"Santa Fe","core",0.632
"Santa Fe","core",0.3978
"Santa Fe","core",0.4217
"Santa Fe","core",0.4983
"Santa Fe","core",0.4026
"Santa Fe","core",0.3071
"Santa Fe","core",0.3254
"Santa Fe","core",0.4268
"Santa Fe","core",0.6205
"Santa Fe","core",0.4931
"Santa Fe","core",0.4087
"Santa Fe","core",0.6164
"Santa Fe","core",0.547
"Santa Fe","core",0.3257
"Santa Fe","core",0.459
"Santa Fe","core",0.4225
"Santa Fe","core",0.6035
"Santa Fe","core",0.4784
"Santa Fe","core",0.479
"Santa Fe","core",0.6419
"Santa Fe","core",0.4542
"Santa Fe","core",0.6219
"Santa Fe","core",0.3855
"Santa Fe","core",0.5225
"Santa Fe","core",0.4494
"Santa Fe","core",0.5613
"Santa Fe","core",0.2707
"Santa Fe","core",0.5259
"Santa Fe","core",0.4321
"Santa Fe","core",0.3498
"Santa Fe","core",0.6147
"Santa Fe","core",0.3799
"Santa Fe","core",0.4799
"Santa Fe","core",0.5479
"Santa Fe","core",0.6662
"Santa Fe","core",0.4983
"Santa Fe","core",0.2767
"Santa Fe","core",0.6133
"Santa Fe","core",0.2846
"Santa Fe","core",0.6647
"Santa Fe","core",0.1951
"Santa Fe","core",0.4305
"Santa Fe","core",0.3124
"Santa Fe","core",0.5336
"Santa Fe","core",0.5062
"Santa Fe","core",0.5736
"Santa Fe","core",0.445
"Santa Fe","core",0.2177
"Santa Fe","core",0.606
"Santa Fe","core",0.5497
"Santa Fe","core",0.4538
"Santa Fe","core",0.2505
"Santa Fe","core",0.5349
"Santa Fe","core",0.5553
"Santa Fe","core",0.2893
"Santa Fe","core",0.3556
"Santa Fe","core",0.6199
"Santa Fe","core",0.4743
"Santa Fe","core",0.3786
"Santa Fe","core",0.5827
"Santa Fe","core",0.4814
"Santa Fe","core",0.6081
"Santa Fe","core",0.6443
"Santa Fe","core",0.4744
"Santa Fe","core",0.3282
"Santa Fe","core",0.5352
"Santa Fe","core",0.5232
"Santa Fe","core",0.61
"Santa Fe","core",0.5205
"Santa Fe","core",0.3028
"Santa Fe","core",0.4042
"Santa Fe","core",0.3415
"Santa Fe","core",0.547
"Santa Fe","core",0.2964
"Santa Fe","core",0.5606
"Santa Fe","core",0.5516
"Santa Fe","core",0.6229
"Santa Fe","core",0.5184
"Santa Fe","core",0.2751
"Santa Fe","core",0.2768
"Santa Fe","core",0.2736
"Santa Fe","core",0.5312
"Santa Fe","core",0.4348
"Santa Fe","core",0.2785
"Santa Fe","core",0.5193
"Santa Fe","core",0.3953
"Santa Fe","core",0.2944
"Santa Fe","core",0.4008
"Santa Fe","core",0.4455
"Santa Fe","core",0.4074
"Santa Fe","core",0.5148
"Santa Fe","core",0.6041
"Santa Fe","core",0.4015
"Santa Fe","core",0.4413
"Santa Fe","core",0.3868
"Santa Fe","core",0.2201
"Santa Fe","core",0.5793
"Santa Fe","core",0.1857
"Santa Fe","core",0.5053
"Santa Fe","core",0.3342
"Santa Fe","core",0.4819
"Santa Fe","core",0.5162
"Santa Fe","core",0.5388
"Santa Fe","core",0.6302
"Santa Fe","core",0.3804
"Santa Fe","core",0.4165
"Santa Fe","core",0.501
"Santa Fe","core",0.34
"Santa Fe","core",0.5625
"Santa Fe","core",0.4979
"Santa Fe","core",0.3665
"Santa Fe","core",0.4007
"Santa Fe","core",0.4107
"Santa Fe","core",0.597
"Santa Fe","core",0.5672
"Santa Fe","core",0.4885
"Santa Fe","core",0.405
"Santa Fe","core",0.6043
"Santa Fe","core",0.5532
"Santa Fe","core",0.3098
"Santa Fe","core",0.3992
"Santa Fe","core",0.2661
"Santa Fe","core",0.4642
"Santa Fe","core",0.3667
"Santa Fe","core",0.2889
"Santa Fe","core",0.5233
"Santa Fe","core",0.4767
"Santa Fe","core",0.4227
"Santa Fe","core",0.2957
"Santa Fe","core",0.2943
"Santa Fe","core",0.5507
"Santa Fe","core",0.2304
"Santa Fe","core",0.5872
"Santa Fe","core",0.6022
"Santa Fe","core",0.4595
"Santa Fe","core",0.4414
"Santa Fe","core",0.581
"Santa Fe","core",0.4549
"Santa Fe","core",0.3837
"Santa Fe","core",0.5685
"Santa Fe","core",0.4797
"Santa Fe","core",0.4758
"Santa Fe","core",0.4349
"Santa Fe","core",0.3938
"Santa Fe","core",0.4969
"Santa Fe","core",0.3333
"Santa Fe","core",0.5216
"Santa Fe","core",0.4367
"Santa Fe","core",0.5224
"Santa Fe","core",0.3749
"Santa Fe","core",0.5423
"Santa Fe","core",0.5399
"Santa Fe","core",0.4675
"Santa Fe","core",0.6138
"Santa Fe","core",0.3954
"Santa Fe","core",0.4321
"Santa Fe","core",0.5719
"Santa Fe","core",0.481
"Santa Fe","core",0.515
"Santa Fe","core",0.4466
"Santa Fe","core",0.2924
"Santa Fe","core",0.4734
"Santa Fe","core",0.3954
"Santa Fe","core",0.2719
"Santa Fe","core",0.552
"Santa Fe","core",0.409
"Santa Fe","core",0.401
"Santa Fe","core",0.5858
"Santa Fe","core",0.5844
"Santa Fe","core",0.3782
"Santa Fe","core",0.5488
"Santa Fe","core",0.6246
"Santa Fe","core",0.3361
"Santa Fe","core",0.4424
"Santa Fe","core",0.5031
"Santa Fe","core",0.534
"Santa Fe","core",0.4868
"Santa Fe","core",0.474
"Santa Fe","core",0.7066
"Santa Fe","core",0.5159
"Santa Fe","core",0.4356
"Santa Fe","core",0.7334
"Santa Fe","core",0.5061
"Santa Fe","core",0.5499
"Santa Fe","core",0.5541
"Santa Fe","core",0.469
"Santa Fe","core",0.5592
"Santa Fe","core",0.4803
"Santa Fe","core",0.4857
"Santa Fe","core",0.6138
"Santa Fe","core",0.5706
"Santa Fe","core",0.3698
"Santa Fe","core",0.6847
"Santa Fe","core",0.2803
"Santa Fe","core",0.4039
"Santa Fe","core",0.5546
"Santa Fe","core",0.3254
"Santa Fe","core",0.4499
"Santa Fe","core",0.3152
"Santa Fe","core",0.3828
"Santa Fe","core",0.5568
"Santa Fe","core",0.3898
"Santa Fe","core",0.3598
"Santa Fe","core",0.5184
"Santa Fe","core",0.2971
"Santa Fe","core",0.4102
"Santa Fe","core",0.5246
"Santa Fe","core",0.4227
"Santa Fe","core",0.621
"Santa Fe","core",0.4315
"Santa Fe","core",0.4002
"Santa Fe","core",0.3514
"Santa Fe","core",0.284
"Santa Fe","core",0.5247
"Santa Fe","core",0.5774
"Santa Fe","core",0.2274
"Santa Fe","core",0.4234
"Santa Fe","core",0.5656
"Santa Fe","core",0.5287
"Santa Fe","core",0.4939
"Santa Fe","core",0.5973
"Santa Fe","core",0.4715
"Santa Fe","core",0.4882
"Mendoza","core",0.5135
"Mendoza","core",0.3866
"Mendoza","core",0.5266
"Mendoza","core",0.484
"Mendoza","core",0.3686
"Mendoza","core",0.437
"Mendoza","core",0.4465
"Mendoza","core",0.5461
"Mendoza","core",0.5215
"Mendoza","core",0.3473
"Mendoza","core",0.5461
"Mendoza","core",0.5406
"Mendoza","core",0.3254
"Mendoza","core",0.5442
"Mendoza","core",0.1519
"Mendoza","core",0.4666
"Mendoza","core",0.5362
"Mendoza","core",0.5167
"Mendoza","core",0.3762
"Mendoza","core",0.5056
"Mendoza","core",0.5237
"Mendoza","core",0.4979
"Mendoza","core",0.3655
"Mendoza","core",0.393
"Mendoza","core",0.6106
"Mendoza","core",0.4785
"Mendoza","core",0.5304
"Mendoza","core",0.4362
"Mendoza","core",0.5348
"Mendoza","core",0.3346
"Mendoza","core",0.3599
"Mendoza","core",0.5392
"Mendoza","core",0.5447
"Mendoza","core",0.4952
"Mendoza","core",0.3501
"Mendoza","core",0.397
"Mendoza","core",0.4865
"Mendoza","core",0.3024
"Mendoza","core",0.3883
"Mendoza","core",0.6957
"Mendoza","core",0.4117
"Mendoza","core",0.31
"Mendoza","core",0.454
"Mendoza","core",0.2519
"Mendoza","core",0.4616
"Mendoza","core",0.4793
"Mendoza","core",0.5683
"Mendoza","core",0.7461
"Mendoza","core",0.5569
"Mendoza","core",0.4316
"Mendoza","core",0.3603
"Mendoza","core",0.4294
"Mendoza","core",0.4984
"Mendoza","core",0.4279
"Mendoza","core",0.5044
"Mendoza","core",0.4451
"Mendoza","core",0.3947
"Mendoza","core",0.4843
"Mendoza","core",0.6727
"Mendoza","core",0.5135
"Mendoza","core",0.5798
"Mendoza","core",0.4012
"Mendoza","core",0.352
"Mendoza","core",0.4847
"Mendoza","core",0.309
"Mendoza","core",0.4732
"Mendoza","core",0.5985
"Mendoza","core",0.2956
"Mendoza","core",0.4833
"Mendoza","core",0.4803
"Mendoza","core",0.5937
"Mendoza","core",0.3634
"Mendoza","core",0.2787
"Mendoza","core",0.5971
"Mendoza","core",0.5378
"Mendoza","core",0.419
"Mendoza","core",0.31
"Mendoza","core",0.2966
"Mendoza","core",0.5366
"Mendoza","core",0.5492
"Mendoza","core",0.5141
"Mendoza","core",0.531
"Mendoza","core",0.553
"Mendoza","core",0.4311
"Mendoza","core",0.3069
"Mendoza","core",0.5809
"Mendoza","core",0.3413
"Mendoza","core",0.5356
"Mendoza","core",0.3217
"Mendoza","core",0.4541
"Mendoza","core",0.4183
"Mendoza","core",0.521
"Mendoza","core",0.5837
"Mendoza","core",0.4384
"Mendoza","core",0.5487
"Mendoza","core",0.4228
"Mendoza","core",0.5406
"Mendoza","core",0.6362
"Mendoza","core",0.6304
"Mendoza","core",0.5022
"Mendoza","core",0.6601
"Mendoza","core",0.442
"Mendoza","core",0.4585
"Mendoza","core",0.449
"Mendoza","core",0.4771
"Mendoza","core",0.6566
"Mendoza","core",0.4466
"Mendoza","core",0.3729
"Mendoza","core",0.408
"Mendoza","core",0.677
"Mendoza","core",0.4346
"Mendoza","core",0.4186
"Mendoza","core",0.4983
"Mendoza","core",0.4224
"Mendoza","core",0.452
"Mendoza","core",0.4573
"Mendoza","core",0.4309
"Mendoza","core",0.5037
"Mendoza","core",0.4734
"Mendoza","core",0.4905
"Mendoza","core",0.5903
"Mendoza","core",0.4438
"Mendoza","core",0.5101
"Mendoza","core",0.6115
"Mendoza","core",0.3092
"Mendoza","core",0.4539
"Mendoza","core",0.5955
"Mendoza","core",0.649
"Mendoza","core",0.4219
"Mendoza","core",0.4319
"Mendoza","core",0.5742
"Mendoza","core",0.553
"Mendoza","core",0.727
"Mendoza","core",0.3383
"Mendoza","core",0.4431
"Mendoza","core",0.3594
"Mendoza","core",0.6214
"Mendoza","core",0.4352
"Mendoza","core",0.3092
"Mendoza","core",0.5532
"Mendoza","core",0.4386
"Mendoza","core",0.4716
"Mendoza","core",0.4834
"Mendoza","core",0.4368
"Mendoza","core",0.2659
"Mendoza","core",0.5496
"Mendoza","core",0.3502
"Mendoza","core",0.426
"Mendoza","core",0.3784
"Mendoza","core",0.4471
"Mendoza","core",0.6249
"Mendoza","core",0.364
"Mendoza","core",0.3129
"Mendoza","core",0.3587
"Mendoza","core",0.4185
"Mendoza","core",0.4479
"Mendoza","core",0.1638
"Mendoza","core",0.4861
"Mendoza","core",0.5924
"Mendoza","core",0.4664
"Mendoza","core",0.4865
"Mendoza","core",0.3543
"Mendoza","core",0.5937
"Mendoza","core",0.5107
"Mendoza","core",0.4984
"Mendoza","core",0.6801
"Mendoza","core",0.5223
"Mendoza","core",0.5948
"Mendoza","core",0.5702
"Mendoza","core",0.4246
"Mendoza","core",0.2516
"Mendoza","core",0.5551
"Mendoza","core",0.475
"Mendoza","core",0.608
"Mendoza","core",0.5144
"Mendoza","core",0.5438
"Mendoza","core",0.5569
"Mendoza","core",0.5469
"Mendoza","core",0.4938
"Mendoza","core",0.4613
"Mendoza","core",0.321
"Mendoza","core",0.5814
"Mendoza","core",0.5242
"Mendoza","core",0.5166
"Mendoza","core",0.547
"Mendoza","core",0.4085
"Mendoza","core",0.4949
"Mendoza","core",0.4303
"Mendoza","core",0.5086
"Mendoza","core",0.3572
"Mendoza","core",0.5764
"Mendoza","core",0.4416
"Mendoza","core",0.3858
"Mendoza","core",0.3823
"Mendoza","core",0.4422
"Mendoza","core",0.7287
"Mendoza","core",0.4959
"Mendoza","core",0.6042
"Mendoza","core",0.4021
"Mendoza","core",0.5863
"Mendoza","core",0.4199
"Mendoza","core",0.474
"Mendoza","core",0.3626
"Mendoza","core",0.5512
"Mendoza","core",0.5737
"Mendoza","core",0.6407
"Mendoza","core",0.3396
"Mendoza","core",0.529
"Mendoza","core",0.3714
"Mendoza","core",0.4456
"Mendoza","core",0.2679
"Mendoza","core",0.4768
"Mendoza","core",0.452
"Mendoza","core",0.5775
"Mendoza","core",0.5686
"Mendoza","core",0.4938
"Mendoza","core",0.4697
"Mendoza","core",0.6528
"Mendoza","core",0.6137
"Mendoza","core",0.6011
"Mendoza","core",0.592
"Mendoza","core",0.4448
"Mendoza","core",0.4936
"Mendoza","core",0.5668
"Mendoza","core",0.5531
"Mendoza","core",0.5193
"Mendoza","core",0.3551
"Mendoza","core",0.5754
"Mendoza","core",0.6082
"Mendoza","core",0.416
"Mendoza","core",0.4188
"Mendoza","core",0.5312
"Mendoza","core",0.481
"Mendoza","core",0.3455
"Mendoza","core",0.4347
"Mendoza","core",0.5273
"Mendoza","core",0.3443
"Mendoza","core",0.4827
"Mendoza","core",0.4976
"Mendoza","core",0.564
"Mendoza","core",0.5399
"Mendoza","core",0.4182
"Mendoza","core",0.2673
"Mendoza","core",0.3537
"Mendoza","core",0.4001
"Mendoza","core",0.4333
"Mendoza","core",0.3883
"Mendoza","core",0.5019
"Mendoza","core",0.4374
"Mendoza","core",0.3454
"Mendoza","core",0.4838
"Mendoza","core",0.4943
"Mendoza","core",0.5251
"Mendoza","core",0.5927
"Mendoza","core",0.28
"Mendoza","core",0.6128
"Mendoza","core",0.5471
"Mendoza","core",0.6078
"Mendoza","core",0.414
"Mendoza","core",0.4355
"Mendoza","core",0.5677
"Mendoza","core",0.4543
"Mendoza","core",0.3796
"Mendoza","core",0.3593
"Mendoza","core",0.5534
"Mendoza","core",0.7085
"Mendoza","core",0.3951
"Mendoza","core",0.5027
"Mendoza","core",0.5459
"Mendoza","core",0.4638
"Mendoza","core",0.465
"Mendoza","core",0.4542
"Mendoza","core",0.5399
"Mendoza","core",0.5555
"Mendoza","core",0.4727
"Mendoza","core",0.5292
"Mendoza","core",0.4514
"Mendoza","core",0.5112
"Mendoza","core",0.5057
"Mendoza","core",0.5682
"Mendoza","core",0.5235
"Mendoza","core",0.4203
"Mendoza","core",0.5445
"Mendoza","core",0.4032
"Mendoza","core",0.2395
"Mendoza","core",0.5343
"Mendoza","core",0.5556
"Mendoza","core",0.4741
"Mendoza","core",0.4095
"Mendoza","core",0.4122
"Mendoza","core",0.583
"Mendoza","core",0.3454
"Mendoza","core",0.4356
"Mendoza","core",0.4257
"Mendoza","core",0.3986
"Mendoza","core",0.5365
"Mendoza","core",0.5813
"Mendoza","core",0.4223
"Mendoza","core",0.569
"Mendoza","core",0.4981
"Chubut","middle",0.4791
"Chubut","middle",0.609
"Chubut","middle",0.6693
"Chubut","middle",0.345
"Chubut","middle",0.3143
"Chubut","middle",0.5953
"Chubut","middle",0.6257
"Chubut","middle",0.2438
"Chubut","middle",0.5246
"Chubut","middle",0.2011
"Chubut","middle",0.1854
"Chubut","middle",0.3503
"Chubut","middle",0.2801
"Chubut","middle",0.5253
"Chubut","middle",0.5292
"Chubut","middle",0.7454
"Chubut","middle",0.499
"Chubut","middle",0.3476
"Chubut","middle",0.2145
"Chubut","middle",0.6182
"Chubut","middle",0.4531
"Chubut","middle",0.4389
"Chubut","middle",0.6345
"Chubut","middle",0.3858
"Chubut","middle",0.4388
"Chubut","middle",0.4438
"Chubut","middle",0.3705
"Chubut","middle",0.4903
"Chubut","middle",0.5063
"Chubut","middle",0.2029
"Chubut","middle",0.2986
"Chubut","middle",0.4989
"Chubut","middle",0.4095
"Chubut","middle",0.6194
"Chubut","middle",0.263
"Chubut","middle",0.7346
"Chubut","middle",0.3502
"Chubut","middle",0.5224
"Chubut","middle",0.3997
"Chubut","middle",0.378
"Chubut","middle",0.4942
"Chubut","middle",0.4158
"Chubut","middle",0.3825
"Chubut","middle",0.2824
"Chubut","middle",0.4099
"Chubut","middle",0.4346
"Chubut","middle",0.2587
"Chubut","middle",0.4241
"Chubut","middle",0.4042
"Chubut","middle",0.5634
"Chubut","middle",0.4538
"Chubut","middle",0.6776
"Chubut","middle",0.5142
"Chubut","middle",0.5773
"Chubut","middle",0.6002
"Chubut","middle",0.5996
"Chubut","middle",0.525
"Chubut","middle",0.4425
"Chubut","middle",0.195
"Chubut","middle",0.6319
"Chubut","middle",0.3584
"Chubut","middle",0.4119
"Chubut","middle",0.4165
"Chubut","middle",0.3821
"Chubut","middle",0.3426
"Chubut","middle",0.6432
"Chubut","middle",0.6434
"Chubut","middle",0.5471
"Chubut","middle",0.5901
"Chubut","middle",0.4848
"Chubut","middle",0.4551
"Chubut","middle",0.3019
"Chubut","middle",0.4918
"Chubut","middle",0.2757
"Chubut","middle",0.1546
"Chubut","middle",0.6697
"Chubut","middle",0.5026
"Chubut","middle",0.3437
"Chubut","middle",0.6486
"Chubut","middle",0.4972
"Chubut","middle",0.2244
"Chubut","middle",0.3538
"Chubut","middle",0.3105
"Chubut","middle",0.3616
"Chubut","middle",0.4478
"Chubut","middle",0.3926
"Chubut","middle",0.428
"Chubut","middle",0.5058
"Chubut","middle",0.2608
"Chubut","middle",0.4222
"Chubut","middle",0.2966
"Chubut","middle",0.5981
"Chubut","middle",0.59
"Chubut","middle",0.2506
"Chubut","middle",0.5829
"Chubut","middle",0.5713
"Chubut","middle",0.4017
"Chubut","middle",0.343
"Chubut","middle",0.291
"Chubut","middle",0.4893
"Chubut","middle",0.4107
"Chubut","middle",0.4359
"Chubut","middle",0.4629
"Chubut","middle",0.4346
"Chubut","middle",0.2424
"Chubut","middle",0.5235
"Chubut","middle",0.2929
"Chubut","middle",0.2468
"Chubut","middle",0.3855
"Chubut","middle",0.364
"Chubut","middle",0.6453
"Chubut","middle",0.5917
"Chubut","middle",0.4263
"Chubut","middle",0.6014
"Chubut","middle",0.2213
"Chubut","middle",0.5756
"Chubut","middle",0.3373
"Chubut","middle",0.2609
"Chubut","middle",0.2797
"Chubut","middle",0.479
"Chubut","middle",0.4732
"Chubut","middle",0.5417
"Chubut","middle",0.4535
"Chubut","middle",0.3657
"Chubut","middle",0.3204
"Chubut","middle",0.4853
"Chubut","middle",0.2429
"Chubut","middle",0.4716
"Chubut","middle",0.2707
"Chubut","middle",0.5823
"Chubut","middle",0.2995
"Chubut","middle",0.4639
"Chubut","middle",0.5947
"Chubut","middle",0.5005
"Chubut","middle",0.5113
"Chubut","middle",0.4165
"Chubut","middle",0.4459
"Chubut","middle",0.508
"Chubut","middle",0.4302
"Chubut","middle",0.5339
"Chubut","middle",0.5248
"Chubut","middle",0.5342
"Chubut","middle",0.3715
"Chubut","middle",0.5434
"Chubut","middle",0.558
"Chubut","middle",0.4506
"Chubut","middle",0.3948
"Chubut","middle",0.3832
"Chubut","middle",0.5442
"Chubut","middle",0.5598
"Chubut","middle",0.3539
"Chubut","middle",0.3596
"Chubut","middle",0.5193
"Chubut","middle",0.4172
"Chubut","middle",0.5888
"Chubut","middle",0.4112
"Chubut","middle",0.368
"Chubut","middle",0.3152
"Chubut","middle",0.4794
"Chubut","middle",0.4905
"Chubut","middle",0.5894
"Chubut","middle",0.3302
"Chubut","middle",0.3175
"Chubut","middle",0.4955
"Chubut","middle",0.5181
"Chubut","middle",0.3636
"Chubut","middle",0.368
"Chubut","middle",0.456
"Chubut","middle",0.6019
"Chubut","middle",0.482
"Chubut","middle",0.4402
"Chubut","middle",0.5162
"Chubut","middle",0.6945
"Chubut","middle",0.4991
"Chubut","middle",0.3201
"Chubut","middle",0.4917
"Chubut","middle",0.5496
"Chubut","middle",0.3235
"Chubut","middle",0.6893
"Chubut","middle",0.3885
"Chubut","middle",0.5155
"Chubut","middle",0.4121
"Chubut","middle",0.6188
"Chubut","middle",0.4854
"Chubut","middle",0.473
"Chubut","middle",0.5458
"Chubut","middle",0.2334
"Chubut","middle",0.2494
"Chubut","middle",0.4351
"Chubut","middle",0.5038
"Chubut","middle",0.3705
"Chubut","middle",0.4084
"Chubut","middle",0.3132
"Chubut","middle",0.4657
"Chubut","middle",0.2655
"Chubut","middle",0.4598
"Chubut","middle",0.4616
"Chubut","middle",0.3909
"Chubut","middle",0.3604
"Chubut","middle",0.6523
"Chubut","middle",0.3325
"Chubut","middle",0.6316
"Chubut","middle",0.3005
"Chubut","middle",0.5715
"Chubut","middle",0.5177
"Chubut","middle",0.6345
"Chubut","middle",0.2796
"Chubut","middle",0.5099
"Chubut","middle",0.325
"Chubut","middle",0.372
"Chubut","middle",0.4782
"Chubut","middle",0.6629
"Chubut","middle",0.3534
"Chubut","middle",0.5375
"Chubut","middle",0.629
"Chubut","middle",0.5716
"Chubut","middle",0.5364
"Chubut","middle",0.5084
"Chubut","middle",0.2812
"Chubut","middle",0.3516
"Chubut","middle",0.5946
"Chubut","middle",0.3425
"Chubut","middle",0.3901
"Chubut","middle",0.3211
"Chubut","middle",0.4566
"Chubut","middle",0.6176
"Chubut","middle",0.3282
"Chubut","middle",0.649
"Chubut","middle",0.2829
"Chubut","middle",0.5322
"Chubut","middle",0.6088
"Chubut","middle",0.4136
"Chubut","middle",0.5676
"Chubut","middle",0.4622
"Chubut","middle",0.6564
"Chubut","middle",0.5336
"Chubut","middle",0.3792
"Chubut","middle",0.4259
"Chubut","middle",0.2263
"Chubut","middle",0.2231
"Chubut","middle",0.6042
"Chubut","middle",0.243
"Chubut","middle",0.5343
"Chubut","middle",0.3603
"Chubut","middle",0.6301
"Chubut","middle",0.371
"Chubut","middle",0.3286
"Chubut","middle",0.4897
"Chubut","middle",0.3937
"Chubut","middle",0.3577
"Chubut","middle",0.571
"Chubut","middle",0.3939
"Chubut","middle",0.5096
"Chubut","middle",0.6157
"Chubut","middle",0.7141
"Chubut","middle",0.5267
"Chubut","middle",0.6334
"Chubut","middle",0.6345
"Chubut","middle",0.2443
"Chubut","middle",0.5431
"Chubut","middle",0.5608
"Chubut","middle",0.5471
"Chubut","middle",0.6076
"Chubut","middle",0.3039
"Chubut","middle",0.2393
"Chubut","middle",0.5456
"Chubut","middle",0.4001
"Chubut","middle",0.351
"Chubut","middle",0.4731
"Chubut","middle",0.2322
"Chubut","middle",0.3327
"Chubut","middle",0.4548
"Chubut","middle",0.2819
"Chubut","middle",0.3896
"Chubut","middle",0.5059
"Chubut","middle",0.4955
"Chubut","middle",0.5037
"Chubut","middle",0.4204
"Chubut","middle",0.3009
"Chubut","middle",0.3118
"Chubut","middle",0.5443
"Chubut","middle",0.4476
"Chubut","middle",0.3777
"Chubut","middle",0.2337
"Chubut","middle",0.2551
"Chubut","middle",0.363
"Chubut","middle",0.2014
"Chubut","middle",0.2143
"Chubut","middle",0.1981
"Chubut","middle",0.6275
"Chubut","middle",0.4974
"Chubut","middle",0.3172
"Chubut","middle",0.6264
"Chubut","middle",0.4217
"Chubut","middle",0.4592
"Chubut","middle",0.6118
"Chubut","middle",0.2922
"Chubut","middle",0.7123
"Chubut","middle",0.4203
"Chubut","middle",0.3113
"Misiones","outer",0.3532
"Misiones","outer",0.3766
"Misiones","outer",0.2208
"Misiones","outer",0.324
"Misiones","outer",0.4769
"Misiones","outer",0.5825
"Misiones","outer",0.6772
"Misiones","outer",0.2838
"Misiones","outer",0.5048
"Misiones","outer",0.365
"Misiones","outer",0.4229
"Misiones","outer",0.6847
"Misiones","outer",0.5479
"Misiones","outer",0.254
"Misiones","outer",0.55
"Misiones","outer",0.3066
"Misiones","outer",0.3096
"Misiones","outer",0.4624
"Misiones","outer",0.558
"Misiones","outer",0.3749
"Misiones","outer",0.2914
"Misiones","outer",0.5306
"Misiones","outer",0.5443
"Misiones","outer",0.538
"Misiones","outer",0.253
"Misiones","outer",0.5042
"Misiones","outer",0.4817
"Misiones","outer",0.2474
"Misiones","outer",0.3815
"Misiones","outer",0.3228
"Misiones","outer",0.3685
"Misiones","outer",0.297
"Misiones","outer",0.5264
"Misiones","outer",0.4156
"Misiones","outer",0.4757
"Misiones","outer",0.4221
"Misiones","outer",0.1982
"Misiones","outer",0.2985
"Misiones","outer",0.3864
"Misiones","outer",0.2409
"Misiones","outer",0.2656
"Misiones","outer",0.3942
"Misiones","outer",0.2901
"Misiones","outer",0.5356
"Misiones","outer",0.5359
"Misiones","outer",0.3755
"Misiones","outer",0.4828
"Misiones","outer",0.6453
"Misiones","outer",0.2425
"Misiones","outer",0.3798
"Misiones","outer",0.2703
"Misiones","outer",0.3992
"Misiones","outer",0.2184
"Misiones","outer",0.6077
"Misiones","outer",0.4775
"Misiones","outer",0.4164
"Misiones","outer",0.4306
"Misiones","outer",0.3602
"Misiones","outer",0.2525
"Misiones","outer",0.221
"Misiones","outer",0.3257
"Misiones","outer",0.5309
"Misiones","outer",0.2723
"Misiones","outer",0.1959
"Misiones","outer",0.5197
"Misiones","outer",0.3672
"Misiones","outer",0.6335
"Misiones","outer",0.3407
"Misiones","outer",0.2623
"Misiones","outer",0.4064
"Misiones","outer",0.3762
"Misiones","outer",0.3404
"Misiones","outer",0.3656
"Misiones","outer",0.3502
"Misiones","outer",0.438
"Misiones","outer",0.4555
"Misiones","outer",0.3475
"Misiones","outer",0.4269
"Misiones","outer",0.2868
"Misiones","outer",0.5812
"Misiones","outer",0.25
"Misiones","outer",0.3454
"Misiones","outer",0.4406
"Misiones","outer",0.5946
"Misiones","outer",0.3874
"Misiones","outer",0.6801
"Misiones","outer",0.5136
"Misiones","outer",0.3469
"Misiones","outer",0.5398
"Misiones","outer",0.3133
"Misiones","outer",0.2971
"Misiones","outer",0.3399
"Misiones","outer",0.4112
"Misiones","outer",0.5186
"Misiones","outer",0.2533
"Misiones","outer",0.3649
"Misiones","outer",0.2583
"Misiones","outer",0.4988
"Misiones","outer",0.3063
"Misiones","outer",0.2969
"Misiones","outer",0.5603
"Misiones","outer",0.4848
"Misiones","outer",0.4608
"Misiones","outer",0.3052
"Misiones","outer",0.3953
"Misiones","outer",0.5438
"Misiones","outer",0.6011
"Misiones","outer",0.4527
"Misiones","outer",0.5403
"Misiones","outer",0.6667
"Misiones","outer",0.4652
"Misiones","outer",0.5584
"Misiones","outer",0.4512
"Misiones","outer",0.6935
"Misiones","outer",0.3826
"Misiones","outer",0.5108
"Misiones","outer",0.4115
"Misiones","outer",0.5749
"Misiones","outer",0.3625
"Misiones","outer",0.3318
"Misiones","outer",0.4271
"Misiones","outer",0.2865
"Misiones","outer",0.3289
"Misiones","outer",0.314
"Misiones","outer",0.3497
"Misiones","outer",0.5258
"Misiones","outer",0.7245
"Misiones","outer",0.2868
"Misiones","outer",0.3239
"Misiones","outer",0.3305
"Misiones","outer",0.4301
"Misiones","outer",0.4043
"Misiones","outer",0.4419
"Misiones","outer",0.3096
"Misiones","outer",0.4306
"Misiones","outer",0.4364
"Misiones","outer",0.2939
"Misiones","outer",0.3517
"Misiones","outer",0.4536
"Misiones","outer",0.3616
"Misiones","outer",0.5141
"Misiones","outer",0.4652
"Misiones","outer",0.4501
"Misiones","outer",0.6042
"Misiones","outer",0.427
"Misiones","outer",0.503
"Misiones","outer",0.52
"Misiones","outer",0.6555
"Misiones","outer",0.5829
"Misiones","outer",0.4158
"Misiones","outer",0.3935
"Misiones","outer",0.2477
"Misiones","outer",0.3097
"Misiones","outer",0.4537
"Misiones","outer",0.3493
"Misiones","outer",0.2631
"Misiones","outer",0.3275
"Misiones","outer",0.3128
"Misiones","outer",0.5055
"Misiones","outer",0.2619
"Misiones","outer",0.4781
"Misiones","outer",0.4953
"Misiones","outer",0.347
"Misiones","outer",0.3418
"Misiones","outer",0.3487
"Misiones","outer",0.5456
"Misiones","outer",0.3912
"Misiones","outer",0.469
"Misiones","outer",0.3513
"Misiones","outer",0.4606
"Misiones","outer",0.312
"Misiones","outer",0.2174
"Misiones","outer",0.3791
"Misiones","outer",0.3404
"Misiones","outer",0.3977
"Misiones","outer",0.5412
"Misiones","outer",0.6157
"Misiones","outer",0.2248
"Misiones","outer",0.4847
"Misiones","outer",0.4575
"Misiones","outer",0.4827
"Misiones","outer",0.4625
"Misiones","outer",0.2288
"Misiones","outer",0.4229
"Misiones","outer",0.3039
"Misiones","outer",0.5254
"Misiones","outer",0.3197
"Misiones","outer",0.4712
"Misiones","outer",0.52
"Misiones","outer",0.4956
"Misiones","outer",0.3235
"Misiones","outer",0.5655
"Misiones","outer",0.2648
"Misiones","outer",0.3792
"Misiones","outer",0.5277
"Misiones","outer",0.5083
"Misiones","outer",0.575
"Misiones","outer",0.3994
"Misiones","outer",0.3738
"Misiones","outer",0.4534
"Misiones","outer",0.3868
"Misiones","outer",0.4188
"Misiones","outer",0.3738
"Misiones","outer",0.5434
"Misiones","outer",0.6045
"Misiones","outer",0.4751
"Misiones","outer",0.3899
"Misiones","outer",0.3481
"Misiones","outer",0.5345
"Misiones","outer",0.4383
"Misiones","outer",0.3015
"Misiones","outer",0.3364
"Misiones","outer",0.4473
"Misiones","outer",0.4423
"Misiones","outer",0.351
"Misiones","outer",0.5712
"Misiones","outer",0.3022
"Misiones","outer",0.3338
"Misiones","outer",0.2558
"Misiones","outer",0.3432
"Misiones","outer",0.303
"Misiones","outer",0.3316
"Misiones","outer",0.313
"Misiones","outer",0.4838
"Misiones","outer",0.2678
"Misiones","outer",0.3794
"Misiones","outer",0.3007
"Misiones","outer",0.4453
"Misiones","outer",0.5653
"Misiones","outer",0.5191
"Misiones","outer",0.2395
"Misiones","outer",0.309
"Misiones","outer",0.4148
"Misiones","outer",0.3907
"Misiones","outer",0.2012
"Misiones","outer",0.3568
"Misiones","outer",0.506
"Misiones","outer",0.3214
"Misiones","outer",0.4066
"Misiones","outer",0.5153
"Misiones","outer",0.4603
"Misiones","outer",0.3851
"Misiones","outer",0.3129
"Misiones","outer",0.5776
"Misiones","outer",0.3548
"Misiones","outer",0.4883
"Misiones","outer",0.6575
"Misiones","outer",0.3936
"Misiones","outer",0.5323
"Misiones","outer",0.3608
"Misiones","outer",0.257
"Misiones","outer",0.584
"Misiones","outer",0.3571
"Misiones","outer",0.4381
"Misiones","outer",0.5022
"Misiones","outer",0.2042
"Misiones","outer",0.4719
"Misiones","outer",0.3007
"Misiones","outer",0.3242
"Misiones","outer",0.3628
"Misiones","outer",0.5273
"Misiones","outer",0.442
"Misiones","outer",0.5646
"Misiones","outer",0.6162
"Misiones","outer",0.3264
"Misiones","outer",0.3192
"Misiones","outer",0.3962
"Misiones","outer",0.4
"Misiones","outer",0.4753
"Misiones","outer",0.4801
"Misiones","outer",0.5905
"Misiones","outer",0.4543
"Misiones","outer",0.4858
"Misiones","outer",0.672
"Misiones","outer",0.504
"Misiones","outer",0.2368
"Misiones","outer",0.282
"Misiones","outer",0.3752
"Misiones","outer",0.416
"Misiones","outer",0.5437
"Misiones","outer",0.4973
"Misiones","outer",0.3251
"Misiones","outer",0.2874
"Misiones","outer",0.5597
"Misiones","outer",0.382
"Misiones","outer",0.3661
"Misiones","outer",0.3664
"Misiones","outer",0.2299
"Misiones","outer",0.3671
"Misiones","outer",0.4005
"Misiones","outer",0.4235
"Misiones","outer",0.452
"Misiones","outer",0.4169
"Misiones","outer",0.4207
"Misiones","outer",0.3309
"Misiones","outer",0.2179
"Misiones","outer",0.3009
"Misiones","outer",0.5395
"Misiones","outer",0.3884
"Misiones","outer",0.623
"Río Negro","middle",0.5289
"Río Negro","middle",0.5902
"Río Negro","middle",0.4991
"Río Negro","middle",0.4883
"Río Negro","middle",0.4657
"Río Negro","middle",0.5175
"Río Negro","middle",0.4539
"Río Negro","middle",0.5354
"Río Negro","middle",0.4977
"Río Negro","middle",0.3746
"Río Negro","middle",0.3695
"Río Negro","middle",0.3924
"Río Negro","middle",0.3756
"Río Negro","middle",0.6184
"Río Negro","middle",0.2802
"Río Negro","middle",0.6097
"Río Negro","middle",0.2348
"Río Negro","middle",0.4889
"Río Negro","middle",0.3423
"Río Negro","middle",0.4986
"Río Negro","middle",0.4575
"Río Negro","middle",0.4864
"Río Negro","middle",0.5027
"Río Negro","middle",0.4297
"Río Negro","middle",0.4022
"Río Negro","middle",0.4469
"Río Negro","middle",0.3381
"Río Negro","middle",0.4957
"Río Negro","middle",0.4651
"Río Negro","middle",0.5346
"Río Negro","middle",0.4734
"Río Negro","middle",0.4945
"Río Negro","middle",0.5144
"Río Negro","middle",0.5034
"Río Negro","middle",0.3779
"Río Negro","middle",0.4739
"Río Negro","middle",0.4573
"Río Negro","middle",0.4986
"Río Negro","middle",0.5004
"Río Negro","middle",0.3678
"Río Negro","middle",0.4349
"Río Negro","middle",0.3407
"Río Negro","middle",0.4074
"Río Negro","middle",0.4337
"Río Negro","middle",0.4916
"Río Negro","middle",0.4431
"Río Negro","middle",0.4572
"Río Negro","middle",0.4395
"Río Negro","middle",0.4938
"Río Negro","middle",0.4154
"Río Negro","middle",0.4975
"Río Negro","middle",0.5769
"Río Negro","middle",0.4119
"Río Negro","middle",0.4469
"Río Negro","middle",0.4615
"Río Negro","middle",0.4244
"Río Negro","middle",0.4001
"Río Negro","middle",0.5385
"Río Negro","middle",0.4794
"Río Negro","middle",0.5118
"Río Negro","middle",0.4463
"Río Negro","middle",0.566
"Río Negro","middle",0.4377
"Río Negro","middle",0.5519
"Río Negro","middle",0.522
"Río Negro","middle",0.4547
"Río Negro","middle",0.4565
"Río Negro","middle",0.6005
"Río Negro","middle",0.45
"Río Negro","middle",0.5648
"Río Negro","middle",0.5104
"Río Negro","middle",0.4473
"Río Negro","middle",0.4798
"Río Negro","middle",0.5116
"Río Negro","middle",0.5681
"Río Negro","middle",0.3903
"Río Negro","middle",0.4898
"Río Negro","middle",0.478
"Río Negro","middle",0.4595
"Río Negro","middle",0.5131
"Río Negro","middle",0.3661
"Río Negro","middle",0.3819
"Río Negro","middle",0.5471
"Río Negro","middle",0.5031
"Río Negro","middle",0.3374
"Río Negro","middle",0.5505
"Río Negro","middle",0.453
"Río Negro","middle",0.5375
"Río Negro","middle",0.4967
"Río Negro","middle",0.452
"Río Negro","middle",0.4359
"Río Negro","middle",0.4618
"Río Negro","middle",0.2788
"Río Negro","middle",0.5655
"Río Negro","middle",0.3208
"Río Negro","middle",0.5294
"Río Negro","middle",0.417
"Río Negro","middle",0.4826
"Río Negro","middle",0.4397
"Río Negro","middle",0.2486
"Río Negro","middle",0.3333
"Río Negro","middle",0.5402
"Río Negro","middle",0.3676
"Río Negro","middle",0.5514
"Río Negro","middle",0.331
"Río Negro","middle",0.4039
"Río Negro","middle",0.318
"Río Negro","middle",0.4428
"Río Negro","middle",0.4149
"Río Negro","middle",0.5157
"Río Negro","middle",0.51
"Río Negro","middle",0.4682
"Río Negro","middle",0.4347
"Río Negro","middle",0.5225
"Río Negro","middle",0.3497
"Río Negro","middle",0.4703
"Río Negro","middle",0.5613
"Río Negro","middle",0.422
"Río Negro","middle",0.4397
"Río Negro","middle",0.4219
"Río Negro","middle",0.501
"Río Negro","middle",0.5234
"Río Negro","middle",0.3546
"Río Negro","middle",0.425
"Río Negro","middle",0.5172
"Río Negro","middle",0.3812
"Río Negro","middle",0.3645
"Río Negro","middle",0.4915
"Río Negro","middle",0.4839
"Río Negro","middle",0.3935
"Río Negro","middle",0.2981
"Río Negro","middle",0.4312
"Río Negro","middle",0.5328
"Río Negro","middle",0.5465
"Río Negro","middle",0.387
"Río Negro","middle",0.3272
"Río Negro","middle",0.3886
"Río Negro","middle",0.5241
"Río Negro","middle",0.4253
"Río Negro","middle",0.3449
"Río Negro","middle",0.3655
"Río Negro","middle",0.633
"Río Negro","middle",0.2952
"Río Negro","middle",0.2686
"Río Negro","middle",0.433
"Río Negro","middle",0.4953
"Río Negro","middle",0.4652
"Río Negro","middle",0.4456
"Río Negro","middle",0.5277
"Río Negro","middle",0.4387
"Río Negro","middle",0.4536
"Río Negro","middle",0.6065
"Río Negro","middle",0.4727
"Río Negro","middle",0.2633
"Río Negro","middle",0.5702
"Río Negro","middle",0.3548
"Río Negro","middle",0.5716
"Río Negro","middle",0.5074
"Río Negro","middle",0.4033
"Río Negro","middle",0.482
"Río Negro","middle",0.4847
"Río Negro","middle",0.4928
"Río Negro","middle",0.4152
"Río Negro","middle",0.3692
"Río Negro","middle",0.477
"Río Negro","middle",0.5861
"Río Negro","middle",0.4504
"Río Negro","middle",0.4744
"Río Negro","middle",0.5166
"Río Negro","middle",0.3943
"Río Negro","middle",0.5029
"Río Negro","middle",0.4931
"Río Negro","middle",0.3637
"Río Negro","middle",0.4417
"Río Negro","middle",0.4327
"Río Negro","middle",0.4291
"Río Negro","middle",0.4548
"Río Negro","middle",0.4961
"Río Negro","middle",0.4659
"Río Negro","middle",0.5072
"Río Negro","middle",0.4736
"Río Negro","middle",0.3811
"Río Negro","middle",0.4739
"Río Negro","middle",0.4865
"Río Negro","middle",0.5399
"Río Negro","middle",0.4806
"Río Negro","middle",0.5158
"Río Negro","middle",0.5998
"Río Negro","middle",0.4793
"Río Negro","middle",0.5212
"Río Negro","middle",0.4049
"Río Negro","middle",0.4122
"Río Negro","middle",0.3983
"Río Negro","middle",0.5037
"Río Negro","middle",0.5953
"Río Negro","middle",0.4967
"Río Negro","middle",0.4283
"Río Negro","middle",0.4049
"Río Negro","middle",0.4549
"Río Negro","middle",0.4467
"Río Negro","middle",0.3955
"Río Negro","middle",0.4752
"Río Negro","middle",0.3559
"Río Negro","middle",0.3419
"Río Negro","middle",0.4809
"Río Negro","middle",0.3193
"Río Negro","middle",0.456
"Río Negro","middle",0.4887
"Río Negro","middle",0.4106
"Río Negro","middle",0.4496
"Río Negro","middle",0.559
"Río Negro","middle",0.3819
"Río Negro","middle",0.4428
"Río Negro","middle",0.5248
"Río Negro","middle",0.3775
"Río Negro","middle",0.5292
"Río Negro","middle",0.5514
"Río Negro","middle",0.4614
"Río Negro","middle",0.5386
"Río Negro","middle",0.5239
"Río Negro","middle",0.5309
"Río Negro","middle",0.505
"Río Negro","middle",0.4569
"Río Negro","middle",0.3817
"Río Negro","middle",0.3226
"Río Negro","middle",0.595
"Río Negro","middle",0.4468
"Río Negro","middle",0.4246
"Río Negro","middle",0.4976
"Río Negro","middle",0.4502
"Río Negro","middle",0.4232
"Río Negro","middle",0.5123
"Río Negro","middle",0.3587
"Río Negro","middle",0.6024
"Río Negro","middle",0.5045
"Río Negro","middle",0.4868
"Río Negro","middle",0.4472
"Río Negro","middle",0.5413
"Río Negro","middle",0.2973
"Río Negro","middle",0.4485
"Río Negro","middle",0.478
"Río Negro","middle",0.417
"Río Negro","middle",0.3358
"Río Negro","middle",0.5249
"Río Negro","middle",0.4622
"Río Negro","middle",0.465
"Río Negro","middle",0.5544
"Río Negro","middle",0.3796
"Río Negro","middle",0.4033
"Río Negro","middle",0.4692
"Río Negro","middle",0.4988
"Río Negro","middle",0.4415
"Río Negro","middle",0.6225
"Río Negro","middle",0.4676
"Río Negro","middle",0.4274
"Río Negro","middle",0.356
"Río Negro","middle",0.3826
"Río Negro","middle",0.4696
"Río Negro","middle",0.3398
"Río Negro","middle",0.4804
"Río Negro","middle",0.3758
"Río Negro","middle",0.5257
"Río Negro","middle",0.5119
"Río Negro","middle",0.4867
"Río Negro","middle",0.5323
"Río Negro","middle",0.5947
"Río Negro","middle",0.4821
"Río Negro","middle",0.5259
"Río Negro","middle",0.5128
"Río Negro","middle",0.5204
"Río Negro","middle",0.5282
"Río Negro","middle",0.456
"Río Negro","middle",0.3494
"Río Negro","middle",0.4526
"Río Negro","middle",0.4086
"Río Negro","middle",0.3732
"Río Negro","middle",0.3673
"Río Negro","middle",0.559
"Río Negro","middle",0.5432
"Río Negro","middle",0.5104
"Río Negro","middle",0.5029
"Río Negro","middle",0.4233
"Río Negro","middle",0.4793
"Río Negro","middle",0.553
"Río Negro","middle",0.2484
"Río Negro","middle",0.4235
"Río Negro","middle",0.4803
"Río Negro","middle",0.3948
"Río Negro","middle",0.4648
"Río Negro","middle",0.48
"Río Negro","middle",0.3652
"Río Negro","middle",0.5913
"Río Negro","middle",0.4944
"Río Negro","middle",0.5786
"Río Negro","middle",0.5361
"Río Negro","middle",0.4545
"Río Negro","middle",0.4274
"Río Negro","middle",0.5118
"Río Negro","middle",0.4768
"Entre Ríos","middle",0.5087
"Entre Ríos","middle",0.5881
"Entre Ríos","middle",0.5138
"Entre Ríos","middle",0.5859
"Entre Ríos","middle",0.6565
"Entre Ríos","middle",0.625
"Entre Ríos","middle",0.469
"Entre Ríos","middle",0.604
"Entre Ríos","middle",0.5392
"Entre Ríos","middle",0.769
"Entre Ríos","middle",0.5935
"Entre Ríos","middle",0.593
"Entre Ríos","middle",0.671
"Entre Ríos","middle",0.5333
"Entre Ríos","middle",0.6441
"Entre Ríos","middle",0.3199
"Entre Ríos","middle",0.5262
"Entre Ríos","middle",0.5625
"Entre Ríos","middle",0.5495
"Entre Ríos","middle",0.5968
"Entre Ríos","middle",0.4061
"Entre Ríos","middle",0.7176
"Entre Ríos","middle",0.7429
"Entre Ríos","middle",0.7031
"Entre Ríos","middle",0.5814
"Entre Ríos","middle",0.6354
"Entre Ríos","middle",0.6926
"Entre Ríos","middle",0.4604
"Entre Ríos","middle",0.6968
"Entre Ríos","middle",0.5669
"Entre Ríos","middle",0.566
"Entre Ríos","middle",0.6437
"Entre Ríos","middle",0.654
"Entre Ríos","middle",0.6149
"Entre Ríos","middle",0.5967
"Entre Ríos","middle",0.3983
"Entre Ríos","middle",0.782
"Entre Ríos","middle",0.4435
"Entre Ríos","middle",0.4484
"Entre Ríos","middle",0.6119
"Entre Ríos","middle",0.6059
"Entre Ríos","middle",0.6339
"Entre Ríos","middle",0.6516
"Entre Ríos","middle",0.4465
"Entre Ríos","middle",0.4548
"Entre Ríos","middle",0.6145
"Entre Ríos","middle",0.553
"Entre Ríos","middle",0.4406
"Entre Ríos","middle",0.4299
"Entre Ríos","middle",0.3681
"Entre Ríos","middle",0.6275
"Entre Ríos","middle",0.5928
"Entre Ríos","middle",0.6461
"Entre Ríos","middle",0.6396
"Entre Ríos","middle",0.6322
"Entre Ríos","middle",0.6746
"Entre Ríos","middle",0.5842
"Entre Ríos","middle",0.6684
"Entre Ríos","middle",0.4945
"Entre Ríos","middle",0.6636
"Entre Ríos","middle",0.5591
"Entre Ríos","middle",0.6271
"Entre Ríos","middle",0.6804
"Entre Ríos","middle",0.6224
"Entre Ríos","middle",0.6534
"Entre Ríos","middle",0.663
"Entre Ríos","middle",0.3898
"Entre Ríos","middle",0.6169
"Entre Ríos","middle",0.6742
"Entre Ríos","middle",0.5135
"Entre Ríos","middle",0.6584
"Entre Ríos","middle",0.5452
"Entre Ríos","middle",0.7694
"Entre Ríos","middle",0.5517
"Entre Ríos","middle",0.6449
"Entre Ríos","middle",0.7202
"Entre Ríos","middle",0.554
"Entre Ríos","middle",0.6282
"Entre Ríos","middle",0.517
"Entre Ríos","middle",0.3718
"Entre Ríos","middle",0.6423
"Entre Ríos","middle",0.5628
"Entre Ríos","middle",0.6668
"Entre Ríos","middle",0.5976
"Entre Ríos","middle",0.6949
"Entre Ríos","middle",0.6761
"Entre Ríos","middle",0.5048
"Entre Ríos","middle",0.4614
"Entre Ríos","middle",0.5017
"Entre Ríos","middle",0.6592
"Entre Ríos","middle",0.5739
"Entre Ríos","middle",0.6505
"Entre Ríos","middle",0.5523
"Entre Ríos","middle",0.7063
"Entre Ríos","middle",0.5207
"Entre Ríos","middle",0.6035
"Entre Ríos","middle",0.5603
"Entre Ríos","middle",0.7169
"Entre Ríos","middle",0.489
"Entre Ríos","middle",0.6107
"Entre Ríos","middle",0.473
"Entre Ríos","middle",0.4851
"Entre Ríos","middle",0.6891
"Entre Ríos","middle",0.5796
"Entre Ríos","middle",0.6731
"Entre Ríos","middle",0.7225
"Entre Ríos","middle",0.6174
"Entre Ríos","middle",0.6328
"Entre Ríos","middle",0.559
"Entre Ríos","middle",0.536
"Entre Ríos","middle",0.6743
"Entre Ríos","middle",0.6555
"Entre Ríos","middle",0.7139
"Entre Ríos","middle",0.4844
"Entre Ríos","middle",0.5944
"Entre Ríos","middle",0.5085
"Entre Ríos","middle",0.6165
"Entre Ríos","middle",0.6474
"Entre Ríos","middle",0.6204
"Entre Ríos","middle",0.4984
"Entre Ríos","middle",0.3674
"Entre Ríos","middle",0.459
"Entre Ríos","middle",0.653
"Entre Ríos","middle",0.5858
"Entre Ríos","middle",0.6361
"Entre Ríos","middle",0.4037
"Entre Ríos","middle",0.58
"Entre Ríos","middle",0.6001
"Entre Ríos","middle",0.3313
"Entre Ríos","middle",0.6553
"Entre Ríos","middle",0.5824
"Entre Ríos","middle",0.615
"Entre Ríos","middle",0.5108
"Entre Ríos","middle",0.4779
"Entre Ríos","middle",0.6096
"Entre Ríos","middle",0.2849
"Entre Ríos","middle",0.5843
"Entre Ríos","middle",0.6004
"Entre Ríos","middle",0.5369
"Entre Ríos","middle",0.7438
"Entre Ríos","middle",0.5531
"Entre Ríos","middle",0.6142
"Entre Ríos","middle",0.5722
"Entre Ríos","middle",0.6238
"Entre Ríos","middle",0.6133
"Entre Ríos","middle",0.397
"Entre Ríos","middle",0.5204
"Entre Ríos","middle",0.4382
"Entre Ríos","middle",0.724
"Entre Ríos","middle",0.6619
"Entre Ríos","middle",0.5519
"Entre Ríos","middle",0.6873
"Entre Ríos","middle",0.5697
"Entre Ríos","middle",0.674
"Entre Ríos","middle",0.5462
"Entre Ríos","middle",0.5521
"Entre Ríos","middle",0.6064
"Entre Ríos","middle",0.6417
"Entre Ríos","middle",0.4663
"Entre Ríos","middle",0.6399
"Entre Ríos","middle",0.57
"Entre Ríos","middle",0.5363
"Entre Ríos","middle",0.7023
"Entre Ríos","middle",0.6072
"Entre Ríos","middle",0.4281
"Entre Ríos","middle",0.5184
"Entre Ríos","middle",0.5172
"Entre Ríos","middle",0.6536
"Entre Ríos","middle",0.436
"Entre Ríos","middle",0.6326
"Entre Ríos","middle",0.5771
"Entre Ríos","middle",0.6066
"Entre Ríos","middle",0.476
"Entre Ríos","middle",0.5612
"Entre Ríos","middle",0.6133
"Entre Ríos","middle",0.6033
"Entre Ríos","middle",0.4902
"Entre Ríos","middle",0.5792
"Entre Ríos","middle",0.598
"Entre Ríos","middle",0.706
"Entre Ríos","middle",0.5398
"Entre Ríos","middle",0.5913
"Entre Ríos","middle",0.6127
"Entre Ríos","middle",0.6257
"Entre Ríos","middle",0.5347
"Entre Ríos","middle",0.6281
"Entre Ríos","middle",0.5134
"Entre Ríos","middle",0.492
"Entre Ríos","middle",0.5669
"Entre Ríos","middle",0.6135
"Entre Ríos","middle",0.5626
"Entre Ríos","middle",0.4611
"Entre Ríos","middle",0.6181
"Entre Ríos","middle",0.4922
"Entre Ríos","middle",0.5567
"Entre Ríos","middle",0.5681
"Entre Ríos","middle",0.5323
"Entre Ríos","middle",0.5106
"Entre Ríos","middle",0.6169
"Entre Ríos","middle",0.6422
"Entre Ríos","middle",0.6146
"Entre Ríos","middle",0.5748
"Entre Ríos","middle",0.5155
"Entre Ríos","middle",0.687
"Entre Ríos","middle",0.6545
"Entre Ríos","middle",0.5902
"Entre Ríos","middle",0.7459
"Entre Ríos","middle",0.5471
"Entre Ríos","middle",0.5915
"Entre Ríos","middle",0.6704
"Entre Ríos","middle",0.6121
"Entre Ríos","middle",0.5566
"Entre Ríos","middle",0.7317
"Entre Ríos","middle",0.3192
"Entre Ríos","middle",0.7034
"Entre Ríos","middle",0.6491
"Entre Ríos","middle",0.5111
"Entre Ríos","middle",0.6915
"Entre Ríos","middle",0.5878
"Entre Ríos","middle",0.4843
"Entre Ríos","middle",0.4303
"Entre Ríos","middle",0.5935
"Entre Ríos","middle",0.5717
"Entre Ríos","middle",0.5761
"Entre Ríos","middle",0.5575
"Entre Ríos","middle",0.5106
"Entre Ríos","middle",0.562
"Entre Ríos","middle",0.6636
"Entre Ríos","middle",0.5343
"Entre Ríos","middle",0.5387
"Entre Ríos","middle",0.6336
"Entre Ríos","middle",0.6654
"Entre Ríos","middle",0.4397
"Entre Ríos","middle",0.657
"Entre Ríos","middle",0.5605
"Entre Ríos","middle",0.627
"Entre Ríos","middle",0.4355
"Entre Ríos","middle",0.5848
"Entre Ríos","middle",0.5983
"Entre Ríos","middle",0.6058
"Entre Ríos","middle",0.6766
"Entre Ríos","middle",0.4575
"Entre Ríos","middle",0.6206
"Entre Ríos","middle",0.4552
"Entre Ríos","middle",0.6157
"Entre Ríos","middle",0.5869
"Entre Ríos","middle",0.4657
"Entre Ríos","middle",0.4942
"Entre Ríos","middle",0.5439
"Entre Ríos","middle",0.6262
"Entre Ríos","middle",0.5444
"Entre Ríos","middle",0.6092
"Entre Ríos","middle",0.6151
"Entre Ríos","middle",0.3842
"Entre Ríos","middle",0.4299
"Entre Ríos","middle",0.3731
"Entre Ríos","middle",0.7085
"Entre Ríos","middle",0.6514
"Entre Ríos","middle",0.5221
"Entre Ríos","middle",0.6736
"Entre Ríos","middle",0.6744
"Entre Ríos","middle",0.5441
"Entre Ríos","middle",0.6287
"Entre Ríos","middle",0.604
"Entre Ríos","middle",0.456
"Entre Ríos","middle",0.4936
"Entre Ríos","middle",0.558
"Entre Ríos","middle",0.4739
"Entre Ríos","middle",0.6443
"Entre Ríos","middle",0.5538
"Entre Ríos","middle",0.6938
"Entre Ríos","middle",0.6134
"Entre Ríos","middle",0.7044
"Entre Ríos","middle",0.3017
"Entre Ríos","middle",0.7687
"Entre Ríos","middle",0.5717
"Entre Ríos","middle",0.5979
"Entre Ríos","middle",0.5215
"Entre Ríos","middle",0.5877
"Entre Ríos","middle",0.6608
"Entre Ríos","middle",0.622
"Entre Ríos","middle",0.687
"Entre Ríos","middle",0.7375
"Entre Ríos","middle",0.6399
"Entre Ríos","middle",0.3656
"Entre Ríos","middle",0.6679
"Entre Ríos","middle",0.5485
"Entre Ríos","middle",0.7428
"Entre Ríos","middle",0.5965
"Entre Ríos","middle",0.64
"Entre Ríos","middle",0.6608
"Entre Ríos","middle",0.7283
"Entre Ríos","middle",0.6276
"Entre Ríos","middle",0.5353
"Entre Ríos","middle",0.5369
"Entre Ríos","middle",0.4334
"Entre Ríos","middle",0.4453
"Entre Ríos","middle",0.6895
"Entre Ríos","middle",0.4926
"Entre Ríos","middle",0.3332
"Chaco","outer",0.523
"Chaco","outer",0.3473
"Chaco","outer",0.467
"Chaco","outer",0.4781
"Chaco","outer",0.3864
"Chaco","outer",0.4808
"Chaco","outer",0.5329
"Chaco","outer",0.6143
"Chaco","outer",0.4606
"Chaco","outer",0.5822
"Chaco","outer",0.4374
"Chaco","outer",0.5587
"Chaco","outer",0.4016
"Chaco","outer",0.5222
"Chaco","outer",0.5723
"Chaco","outer",0.3461
"Chaco","outer",0.3321
"Chaco","outer",0.448
"Chaco","outer",0.5636
"Chaco","outer",0.3988
"Chaco","outer",0.549
"Chaco","outer",0.5108
"Chaco","outer",0.5884
"Chaco","outer",0.5376
"Chaco","outer",0.5358
"Chaco","outer",0.5392
"Chaco","outer",0.381
"Chaco","outer",0.4962
"Chaco","outer",0.4412
"Chaco","outer",0.4311
"Chaco","outer",0.5861
"Chaco","outer",0.5943
"Chaco","outer",0.5493
"Chaco","outer",0.4674
"Chaco","outer",0.5927
"Chaco","outer",0.4034
"Chaco","outer",0.5003
"Chaco","outer",0.4454
"Chaco","outer",0.4409
"Chaco","outer",0.5156
"Chaco","outer",0.4845
"Chaco","outer",0.3734
"Chaco","outer",0.5992
"Chaco","outer",0.5015
"Chaco","outer",0.3811
"Chaco","outer",0.5866
"Chaco","outer",0.5087
"Chaco","outer",0.5434
"Chaco","outer",0.6313
"Chaco","outer",0.5492
"Chaco","outer",0.4613
"Chaco","outer",0.6111
"Chaco","outer",0.6081
"Chaco","outer",0.5165
"Chaco","outer",0.4422
"Chaco","outer",0.5933
"Chaco","outer",0.5058
"Chaco","outer",0.4315
"Chaco","outer",0.3787
"Chaco","outer",0.5777
"Chaco","outer",0.622
"Chaco","outer",0.5133
"Chaco","outer",0.4516
"Chaco","outer",0.564
"Chaco","outer",0.4591
"Chaco","outer",0.564
"Chaco","outer",0.4836
"Chaco","outer",0.4165
"Chaco","outer",0.2534
"Chaco","outer",0.4861
"Chaco","outer",0.4945
"Chaco","outer",0.5346
"Chaco","outer",0.4356
"Chaco","outer",0.5371
"Chaco","outer",0.4841
"Chaco","outer",0.6364
"Chaco","outer",0.5631
"Chaco","outer",0.3553
"Chaco","outer",0.5209
"Chaco","outer",0.5329
"Chaco","outer",0.4611
"Chaco","outer",0.5262
"Chaco","outer",0.5119
"Chaco","outer",0.4438
"Chaco","outer",0.3527
"Chaco","outer",0.5874
"Chaco","outer",0.5241
"Chaco","outer",0.5397
"Chaco","outer",0.4046
"Chaco","outer",0.4087
"Chaco","outer",0.5209
"Chaco","outer",0.362
"Chaco","outer",0.4172
"Chaco","outer",0.5798
"Chaco","outer",0.3972
"Chaco","outer",0.5919
"Chaco","outer",0.6062
"Chaco","outer",0.5141
"Chaco","outer",0.4281
"Chaco","outer",0.4907
"Chaco","outer",0.5671
"Chaco","outer",0.5062
"Chaco","outer",0.499
"Chaco","outer",0.335
"Chaco","outer",0.5894
"Chaco","outer",0.5444
"Chaco","outer",0.5336
"Chaco","outer",0.462
"Chaco","outer",0.4201
"Chaco","outer",0.5022
"Chaco","outer",0.5761
"Chaco","outer",0.4842
"Chaco","outer",0.449
"Chaco","outer",0.4896
"Chaco","outer",0.5087
"Chaco","outer",0.523
"Chaco","outer",0.5339
"Chaco","outer",0.4227
"Chaco","outer",0.5463
"Chaco","outer",0.4403
"Chaco","outer",0.5248
"Chaco","outer",0.5738
"Chaco","outer",0.5914
"Chaco","outer",0.473
"Chaco","outer",0.5167
"Chaco","outer",0.5499
"Chaco","outer",0.5925
"Chaco","outer",0.5325
"Chaco","outer",0.54
"Chaco","outer",0.5073
"Chaco","outer",0.6324
"Chaco","outer",0.3178
"Chaco","outer",0.3371
"Chaco","outer",0.5786
"Chaco","outer",0.5175
"Chaco","outer",0.3969
"Chaco","outer",0.4379
"Chaco","outer",0.3893
"Chaco","outer",0.5087
"Chaco","outer",0.6249
"Chaco","outer",0.5134
"Chaco","outer",0.5441
"Chaco","outer",0.5418
"Chaco","outer",0.5868
"Chaco","outer",0.4275
"Chaco","outer",0.4063
"Chaco","outer",0.5556
"Chaco","outer",0.3972
"Chaco","outer",0.47
"Chaco","outer",0.491
"Chaco","outer",0.4132
"Chaco","outer",0.6448
"Chaco","outer",0.4775
"Chaco","outer",0.391
"Chaco","outer",0.553
"Chaco","outer",0.2828
"Chaco","outer",0.5118
"Chaco","outer",0.4674
"Chaco","outer",0.6219
"Chaco","outer",0.4556
"Chaco","outer",0.4018
"Chaco","outer",0.6112
"Chaco","outer",0.4884
"Chaco","outer",0.4795
"Chaco","outer",0.4678
"Chaco","outer",0.522
"Chaco","outer",0.332
"Chaco","outer",0.6617
"Chaco","outer",0.4285
"Chaco","outer",0.5718
"Chaco","outer",0.4613
"Chaco","outer",0.5443
"Chaco","outer",0.4058
"Chaco","outer",0.537
"Chaco","outer",0.4624
"Chaco","outer",0.4034
"Chaco","outer",0.5393
"Chaco","outer",0.4498
"Chaco","outer",0.4331
"Chaco","outer",0.4261
"Chaco","outer",0.5373
"Chaco","outer",0.5976
"Chaco","outer",0.509
"Chaco","outer",0.4164
"Chaco","outer",0.4046
"Chaco","outer",0.3513
"Chaco","outer",0.4977
"Chaco","outer",0.4612
"Chaco","outer",0.4575
"Chaco","outer",0.531
"Chaco","outer",0.3787
"Chaco","outer",0.3324
"Chaco","outer",0.4726
"Chaco","outer",0.5211
"Chaco","outer",0.2608
"Chaco","outer",0.5158
"Chaco","outer",0.6257
"Chaco","outer",0.5307
"Chaco","outer",0.5708
"Chaco","outer",0.4869
"Chaco","outer",0.4489
"Chaco","outer",0.4869
"Chaco","outer",0.4673
"Chaco","outer",0.5255
"Chaco","outer",0.4079
"Chaco","outer",0.4463
"Chaco","outer",0.4858
"Chaco","outer",0.5138
"Chaco","outer",0.5705
"Chaco","outer",0.6378
"Chaco","outer",0.4998
"Chaco","outer",0.3173
"Chaco","outer",0.5576
"Chaco","outer",0.4991
"Chaco","outer",0.4345
"Chaco","outer",0.5126
"Chaco","outer",0.2958
"Chaco","outer",0.5237
"Chaco","outer",0.5164
"Chaco","outer",0.4811
"Chaco","outer",0.5625
"Chaco","outer",0.5349
"Chaco","outer",0.5511
"Chaco","outer",0.3465
"Chaco","outer",0.4762
"Chaco","outer",0.3566
"Chaco","outer",0.4512
"Chaco","outer",0.4436
"Chaco","outer",0.4054
"Chaco","outer",0.4332
"Chaco","outer",0.4327
"Chaco","outer",0.5027
"Chaco","outer",0.5389
"Chaco","outer",0.5936
"Chaco","outer",0.4024
"Chaco","outer",0.4427
"Chaco","outer",0.6307
"Chaco","outer",0.4786
"Chaco","outer",0.3282
"Chaco","outer",0.5157
"Chaco","outer",0.5053
"Chaco","outer",0.4723
"Chaco","outer",0.566
"Chaco","outer",0.5045
"Chaco","outer",0.4908
"Chaco","outer",0.528
"Chaco","outer",0.3515
"Chaco","outer",0.351
"Chaco","outer",0.3163
"Chaco","outer",0.6113
"Chaco","outer",0.3179
"Chaco","outer",0.5584
"Chaco","outer",0.5749
"Chaco","outer",0.4944
"Chaco","outer",0.4777
"Chaco","outer",0.4482
"Chaco","outer",0.5672
"Chaco","outer",0.3467
"Chaco","outer",0.4167
"Chaco","outer",0.4196
"Chaco","outer",0.2543
"Chaco","outer",0.5403
"Chaco","outer",0.4392
"Chaco","outer",0.5321
"Chaco","outer",0.4837
"Chaco","outer",0.529
"Chaco","outer",0.4448
"Chaco","outer",0.5119
"Chaco","outer",0.4449
"Chaco","outer",0.4558
"Chaco","outer",0.3421
"Chaco","outer",0.5997
"Chaco","outer",0.4759
"Chaco","outer",0.6376
"Chaco","outer",0.6008
"Chaco","outer",0.5109
"Chaco","outer",0.3935
"Chaco","outer",0.5159
"Chaco","outer",0.5898
"Chaco","outer",0.4907
"Chaco","outer",0.4479
"Chaco","outer",0.4426
"Chaco","outer",0.3362
"Chaco","outer",0.5769
"Chaco","outer",0.4286
"Chaco","outer",0.4286
"Chaco","outer",0.3388
"Chaco","outer",0.5479
"Chaco","outer",0.5038
"Chaco","outer",0.6001
"Chaco","outer",0.4828
"Chaco","outer",0.5702
"Chaco","outer",0.3791
"Chaco","outer",0.3273
"Chaco","outer",0.6081
"Chaco","outer",0.3864
"Chaco","outer",0.5156
"Chaco","outer",0.5936
"Chaco","outer",0.6248
"Chaco","outer",0.4343
"Corrientes","outer",0.3964
"Corrientes","outer",0.4889
"Corrientes","outer",0.4067
"Corrientes","outer",0.561
"Corrientes","outer",0.4994
"Corrientes","outer",0.4507
"Corrientes","outer",0.5715
"Corrientes","outer",0.6135
"Corrientes","outer",0.4004
"Corrientes","outer",0.493
"Corrientes","outer",0.633
"Corrientes","outer",0.5725
"Corrientes","outer",0.5187
"Corrientes","outer",0.3794
"Corrientes","outer",0.4545
"Corrientes","outer",0.428
"Corrientes","outer",0.731
"Corrientes","outer",0.43
"Corrientes","outer",0.447
"Corrientes","outer",0.5645
"Corrientes","outer",0.2374
"Corrientes","outer",0.3151
"Corrientes","outer",0.6716
"Corrientes","outer",0.5827
"Corrientes","outer",0.6341
"Corrientes","outer",0.472
"Corrientes","outer",0.3771
"Corrientes","outer",0.4693
"Corrientes","outer",0.6925
"Corrientes","outer",0.5388
"Corrientes","outer",0.475
"Corrientes","outer",0.5641
"Corrientes","outer",0.4399
"Corrientes","outer",0.4466
"Corrientes","outer",0.7186
"Corrientes","outer",0.5657
"Corrientes","outer",0.3126
"Corrientes","outer",0.4763
"Corrientes","outer",0.4669
"Corrientes","outer",0.5282
"Corrientes","outer",0.6322
"Corrientes","outer",0.4886
"Corrientes","outer",0.5135
"Corrientes","outer",0.5528
"Corrientes","outer",0.4788
"Corrientes","outer",0.4772
"Corrientes","outer",0.6438
"Corrientes","outer",0.3766
"Corrientes","outer",0.6873
"Corrientes","outer",0.7691
"Corrientes","outer",0.6264
"Corrientes","outer",0.4499
"Corrientes","outer",0.6205
"Corrientes","outer",0.5145
"Corrientes","outer",0.462
"Corrientes","outer",0.6877
"Corrientes","outer",0.4896
"Corrientes","outer",0.4942
"Corrientes","outer",0.7064
"Corrientes","outer",0.6388
"Corrientes","outer",0.5048
"Corrientes","outer",0.4546
"Corrientes","outer",0.6134
"Corrientes","outer",0.4438
"Corrientes","outer",0.6261
"Corrientes","outer",0.4386
"Corrientes","outer",0.5835
"Corrientes","outer",0.3921
"Corrientes","outer",0.4649
"Corrientes","outer",0.6926
"Corrientes","outer",0.5811
"Corrientes","outer",0.475
"Corrientes","outer",0.4467
"Corrientes","outer",0.4097
"Corrientes","outer",0.4528
"Corrientes","outer",0.3491
"Corrientes","outer",0.4604
"Corrientes","outer",0.5581
"Corrientes","outer",0.7285
"Corrientes","outer",0.534
"Corrientes","outer",0.3366
"Corrientes","outer",0.4675
"Corrientes","outer",0.3609
"Corrientes","outer",0.4202
"Corrientes","outer",0.4017
"Corrientes","outer",0.5048
"Corrientes","outer",0.4723
"Corrientes","outer",0.4772
"Corrientes","outer",0.3016
"Corrientes","outer",0.4238
"Corrientes","outer",0.6016
"Corrientes","outer",0.5388
"Corrientes","outer",0.5307
"Corrientes","outer",0.4059
"Corrientes","outer",0.5223
"Corrientes","outer",0.6257
"Corrientes","outer",0.3017
"Corrientes","outer",0.6907
"Corrientes","outer",0.6674
"Corrientes","outer",0.7153
"Corrientes","outer",0.4893
"Corrientes","outer",0.4787
"Corrientes","outer",0.6851
"Corrientes","outer",0.6376
"Corrientes","outer",0.6921
"Corrientes","outer",0.5194
"Corrientes","outer",0.4797
"Corrientes","outer",0.5547
"Corrientes","outer",0.368
"Corrientes","outer",0.486
"Corrientes","outer",0.4777
"Corrientes","outer",0.6572
"Corrientes","outer",0.6225
"Corrientes","outer",0.5333
"Corrientes","outer",0.6633
"Corrientes","outer",0.5886
"Corrientes","outer",0.4357
"Corrientes","outer",0.5972
"Corrientes","outer",0.5318
"Corrientes","outer",0.4007
"Corrientes","outer",0.3864
"Corrientes","outer",0.5564
"Corrientes","outer",0.4757
"Corrientes","outer",0.6623
"Corrientes","outer",0.5802
"Corrientes","outer",0.7084
"Corrientes","outer",0.6048
"Corrientes","outer",0.361
"Corrientes","outer",0.4288
"Corrientes","outer",0.4682
"Corrientes","outer",0.5353
"Corrientes","outer",0.3073
"Corrientes","outer",0.4798
"Corrientes","outer",0.334
"Corrientes","outer",0.4406
"Corrientes","outer",0.6265
"Corrientes","outer",0.469
"Corrientes","outer",0.3643
"Corrientes","outer",0.5928
"Corrientes","outer",0.6954
"Corrientes","outer",0.3423
"Corrientes","outer",0.555
"Corrientes","outer",0.6691
"Corrientes","outer",0.3763
"Corrientes","outer",0.6637
"Corrientes","outer",0.3427
"Corrientes","outer",0.6111
"Corrientes","outer",0.6037
"Corrientes","outer",0.3973
"Corrientes","outer",0.4633
"Corrientes","outer",0.406
"Corrientes","outer",0.6647
"Corrientes","outer",0.7049
"Corrientes","outer",0.5189
"Corrientes","outer",0.5454
"Corrientes","outer",0.4621
"Corrientes","outer",0.5427
"Corrientes","outer",0.4939
"Corrientes","outer",0.3508
"Corrientes","outer",0.4467
"Corrientes","outer",0.475
"Corrientes","outer",0.373
"Corrientes","outer",0.4787
"Corrientes","outer",0.448
"Corrientes","outer",0.5009
"Corrientes","outer",0.6958
"Corrientes","outer",0.3619
"Corrientes","outer",0.5193
"Corrientes","outer",0.5338
"Corrientes","outer",0.463
"Corrientes","outer",0.3621
"Corrientes","outer",0.5381
"Corrientes","outer",0.433
"Corrientes","outer",0.675
"Corrientes","outer",0.6111
"Corrientes","outer",0.3524
"Corrientes","outer",0.616
"Corrientes","outer",0.7251
"Corrientes","outer",0.429
"Corrientes","outer",0.4354
"Corrientes","outer",0.6321
"Corrientes","outer",0.6679
"Corrientes","outer",0.4804
"Corrientes","outer",0.6787
"Corrientes","outer",0.5813
"Corrientes","outer",0.3975
"Corrientes","outer",0.6968
"Corrientes","outer",0.4557
"Corrientes","outer",0.485
"Corrientes","outer",0.4303
"Corrientes","outer",0.3828
"Corrientes","outer",0.4014
"Corrientes","outer",0.6619
"Corrientes","outer",0.3784
"Corrientes","outer",0.5381
"Corrientes","outer",0.6319
"Corrientes","outer",0.4452
"Corrientes","outer",0.5506
"Corrientes","outer",0.5166
"Corrientes","outer",0.5611
"Corrientes","outer",0.6846
"Corrientes","outer",0.5653
"Corrientes","outer",0.4929
"Corrientes","outer",0.5821
"Corrientes","outer",0.5551
"Corrientes","outer",0.6624
"Corrientes","outer",0.6778
"Corrientes","outer",0.45
"Corrientes","outer",0.4528
"Corrientes","outer",0.6207
"Corrientes","outer",0.6462
"Corrientes","outer",0.3852
"Corrientes","outer",0.4486
"Corrientes","outer",0.5958
"Corrientes","outer",0.3586
"Corrientes","outer",0.467
"Corrientes","outer",0.4955
"Corrientes","outer",0.6454
"Corrientes","outer",0.397
"Corrientes","outer",0.4096
"Corrientes","outer",0.6355
"Corrientes","outer",0.3665
"Corrientes","outer",0.555
"Corrientes","outer",0.5891
"Corrientes","outer",0.6491
"Corrientes","outer",0.4654
"Corrientes","outer",0.3828
"Corrientes","outer",0.5514
"Corrientes","outer",0.4812
"Corrientes","outer",0.3271
"Corrientes","outer",0.5124
"Corrientes","outer",0.413
"Corrientes","outer",0.4138
"Corrientes","outer",0.425
"Corrientes","outer",0.5923
"Corrientes","outer",0.673
"Corrientes","outer",0.4026
"Corrientes","outer",0.358
"Corrientes","outer",0.6129
"Corrientes","outer",0.2871
"Corrientes","outer",0.5959
"Corrientes","outer",0.4955
"Corrientes","outer",0.5083
"Corrientes","outer",0.5113
"Corrientes","outer",0.3499
"Corrientes","outer",0.6162
"Corrientes","outer",0.3595
"Corrientes","outer",0.7044
"Corrientes","outer",0.6309
"Corrientes","outer",0.5138
"Corrientes","outer",0.3255
"Corrientes","outer",0.5564
"Corrientes","outer",0.7136
"Corrientes","outer",0.6478
"Corrientes","outer",0.5814
"Corrientes","outer",0.4411
"Corrientes","outer",0.4386
"Corrientes","outer",0.3417
"Corrientes","outer",0.4321
"Corrientes","outer",0.6585
"Corrientes","outer",0.5402
"Corrientes","outer",0.6043
"Corrientes","outer",0.3511
"Corrientes","outer",0.6733
"Corrientes","outer",0.4046
"Corrientes","outer",0.4454
"Corrientes","outer",0.3819
"Corrientes","outer",0.5067
"Corrientes","outer",0.3707
"Corrientes","outer",0.6755
"Corrientes","outer",0.5789
"Corrientes","outer",0.6275
"Corrientes","outer",0.3906
"Corrientes","outer",0.3241
"Corrientes","outer",0.5893
"Corrientes","outer",0.4372
"Corrientes","outer",0.6336
"Corrientes","outer",0.596
"Corrientes","outer",0.535
"Corrientes","outer",0.5734
"Corrientes","outer",0.3704
"Corrientes","outer",0.6967
"Corrientes","outer",0.5577
"Corrientes","outer",0.6813
"Corrientes","outer",0.4007
"Corrientes","outer",0.525
"Corrientes","outer",0.5528
"Corrientes","outer",0.3899
"Corrientes","outer",0.3709
"Corrientes","outer",0.6039
"Corrientes","outer",0.4628
"Corrientes","outer",0.4091
"Corrientes","outer",0.4661
"Corrientes","outer",0.7569
"Corrientes","outer",0.549
"Corrientes","outer",0.5287
"Corrientes","outer",0.7106
"Corrientes","outer",0.6067
"Corrientes","outer",0.5099
"Corrientes","outer",0.5002
"Neuquén","middle",0.4611
"Neuquén","middle",0.5291
"Neuquén","middle",0.5329
"Neuquén","middle",0.565
"Neuquén","middle",0.59
"Neuquén","middle",0.4915
"Neuquén","middle",0.521
"Neuquén","middle",0.5584
"Neuquén","middle",0.5273
"Neuquén","middle",0.5198
"Neuquén","middle",0.6135
"Neuquén","middle",0.4923
"Neuquén","middle",0.5662
"Neuquén","middle",0.53
"Neuquén","middle",0.5742
"Neuquén","middle",0.5684
"Neuquén","middle",0.5775
"Neuquén","middle",0.5788
"Neuquén","middle",0.4581
"Neuquén","middle",0.537
"Neuquén","middle",0.6025
"Neuquén","middle",0.4952
"Neuquén","middle",0.6197
"Neuquén","middle",0.5319
"Neuquén","middle",0.513
"Neuquén","middle",0.5646
"Neuquén","middle",0.5451
"Neuquén","middle",0.4138
"Neuquén","middle",0.5122
"Neuquén","middle",0.5068
"Neuquén","middle",0.5005
"Neuquén","middle",0.5786
"Neuquén","middle",0.5716
"Neuquén","middle",0.5127
"Neuquén","middle",0.5704
"Neuquén","middle",0.5596
"Neuquén","middle",0.4951
"Neuquén","middle",0.5218
"Neuquén","middle",0.4799
"Neuquén","middle",0.5959
"Neuquén","middle",0.5333
"Neuquén","middle",0.4872
"Neuquén","middle",0.4811
"Neuquén","middle",0.5678
"Neuquén","middle",0.5186
"Neuquén","middle",0.4976
"Neuquén","middle",0.5392
"Neuquén","middle",0.3992
"Neuquén","middle",0.4787
"Neuquén","middle",0.5348
"Neuquén","middle",0.4581
"Neuquén","middle",0.4969
"Neuquén","middle",0.5883
"Neuquén","middle",0.4866
"Neuquén","middle",0.6456
"Neuquén","middle",0.5966
"Neuquén","middle",0.5205
"Neuquén","middle",0.549
"Neuquén","middle",0.5512
"Neuquén","middle",0.5662
"Neuquén","middle",0.6762
"Neuquén","middle",0.4985
"Neuquén","middle",0.4938
"Neuquén","middle",0.5607
"Neuquén","middle",0.4944
"Neuquén","middle",0.4904
"Neuquén","middle",0.4707
"Neuquén","middle",0.5206
"Neuquén","middle",0.5369
"Neuquén","middle",0.5216
"Neuquén","middle",0.5962
"Neuquén","middle",0.581
"Neuquén","middle",0.4473
"Neuquén","middle",0.6188
"Neuquén","middle",0.4822
"Neuquén","middle",0.5681
"Neuquén","middle",0.3341
"Neuquén","middle",0.537
"Neuquén","middle",0.619
"Neuquén","middle",0.4706
"Neuquén","middle",0.581
"Neuquén","middle",0.5665
"Neuquén","middle",0.3986
"Neuquén","middle",0.4639
"Neuquén","middle",0.5499
"Neuquén","middle",0.5794
"Neuquén","middle",0.6411
"Neuquén","middle",0.4862
"Neuquén","middle",0.5271
"Neuquén","middle",0.412
"Neuquén","middle",0.5699
"Neuquén","middle",0.5867
"Neuquén","middle",0.486
"Neuquén","middle",0.4714
"Neuquén","middle",0.4659
"Neuquén","middle",0.5963
"Neuquén","middle",0.5031
"Neuquén","middle",0.5765
"Neuquén","middle",0.5095
"Neuquén","middle",0.5476
"Neuquén","middle",0.5126
"Neuquén","middle",0.5352
"Neuquén","middle",0.5359
"Neuquén","middle",0.6239
"Neuquén","middle",0.6122
"Neuquén","middle",0.5426
"Neuquén","middle",0.5885
"Neuquén","middle",0.4605
"Neuquén","middle",0.5285
"Neuquén","middle",0.587
"Neuquén","middle",0.4968
"Neuquén","middle",0.5218
"Neuquén","middle",0.5331
"Neuquén","middle",0.6079
"Neuquén","middle",0.5782
"Neuquén","middle",0.4803
"Neuquén","middle",0.5909
"Neuquén","middle",0.5129
"Neuquén","middle",0.5071
"Neuquén","middle",0.5383
"Neuquén","middle",0.5825
"Neuquén","middle",0.4672
"Neuquén","middle",0.5845
"Neuquén","middle",0.6412
"Neuquén","middle",0.5943
"Neuquén","middle",0.4887
"Neuquén","middle",0.4992
"Neuquén","middle",0.5063
"Neuquén","middle",0.4861
"Neuquén","middle",0.5893
"Neuquén","middle",0.6232
"Neuquén","middle",0.4815
"Neuquén","middle",0.5503
"Neuquén","middle",0.5693
"Neuquén","middle",0.542
"Neuquén","middle",0.4937
"Neuquén","middle",0.4781
"Neuquén","middle",0.5429
"Neuquén","middle",0.565
"Neuquén","middle",0.4723
"Neuquén","middle",0.5588
"Neuquén","middle",0.53
"Neuquén","middle",0.5364
"Neuquén","middle",0.5624
"Neuquén","middle",0.5416
"Neuquén","middle",0.6314
"Neuquén","middle",0.5204
"Neuquén","middle",0.5175
"Neuquén","middle",0.5287
"Neuquén","middle",0.5964
"Neuquén","middle",0.5423
"Neuquén","middle",0.5413
"Neuquén","middle",0.5246
"Neuquén","middle",0.4415
"Neuquén","middle",0.5748
"Neuquén","middle",0.58
"Neuquén","middle",0.5991
"Neuquén","middle",0.5365
"Neuquén","middle",0.5928
"Neuquén","middle",0.5646
"Neuquén","middle",0.5266
"Neuquén","middle",0.6168
"Neuquén","middle",0.5678
"Neuquén","middle",0.5661
"Neuquén","middle",0.3714
"Neuquén","middle",0.6235
"Neuquén","middle",0.526
"Neuquén","middle",0.5502
"Neuquén","middle",0.5482
"Neuquén","middle",0.5718
"Neuquén","middle",0.6104
"Neuquén","middle",0.4997
"Neuquén","middle",0.5591
"Neuquén","middle",0.5608
"Neuquén","middle",0.4979
"Neuquén","middle",0.5146
"Neuquén","middle",0.5253
"Neuquén","middle",0.6324
"Neuquén","middle",0.526
"Neuquén","middle",0.5575
"Neuquén","middle",0.5501
"Neuquén","middle",0.499
"Neuquén","middle",0.4388
"Neuquén","middle",0.4053
"Neuquén","middle",0.5196
"Neuquén","middle",0.5188
"Neuquén","middle",0.6321
"Neuquén","middle",0.5958
"Neuquén","middle",0.5519
"Neuquén","middle",0.5011
"Neuquén","middle",0.4981
"Neuquén","middle",0.5855
"Neuquén","middle",0.6366
"Neuquén","middle",0.4966
"Neuquén","middle",0.5846
"Neuquén","middle",0.5208
"Neuquén","middle",0.4473
"Neuquén","middle",0.6059
"Neuquén","middle",0.5211
"Neuquén","middle",0.5815
"Neuquén","middle",0.4557
"Neuquén","middle",0.5369
"Neuquén","middle",0.551
"Neuquén","middle",0.5662
"Neuquén","middle",0.5452
"Neuquén","middle",0.5697
"Neuquén","middle",0.4145
"Neuquén","middle",0.4776
"Neuquén","middle",0.5093
"Neuquén","middle",0.6244
"Neuquén","middle",0.5154
"Neuquén","middle",0.5987
"Neuquén","middle",0.4884
"Neuquén","middle",0.6265
"Neuquén","middle",0.5704
"Neuquén","middle",0.5136
"Neuquén","middle",0.5657
"Neuquén","middle",0.5522
"Neuquén","middle",0.5099
"Neuquén","middle",0.5834
"Neuquén","middle",0.5555
"Neuquén","middle",0.5391
"Neuquén","middle",0.5543
"Neuquén","middle",0.5448
"Neuquén","middle",0.504
"Neuquén","middle",0.5821
"Neuquén","middle",0.4757
"Neuquén","middle",0.5337
"Neuquén","middle",0.555
"Neuquén","middle",0.5605
"Neuquén","middle",0.542
"Neuquén","middle",0.5422
"Neuquén","middle",0.5592
"Neuquén","middle",0.4554
"Neuquén","middle",0.4658
"Neuquén","middle",0.6096
"Neuquén","middle",0.4985
"Neuquén","middle",0.53
"Neuquén","middle",0.4978
"Neuquén","middle",0.607
"Neuquén","middle",0.516
"Neuquén","middle",0.5584
"Neuquén","middle",0.4995
"Neuquén","middle",0.4921
"Neuquén","middle",0.5967
"Neuquén","middle",0.5963
"Neuquén","middle",0.5877
"Neuquén","middle",0.5882
"Neuquén","middle",0.5739
"Neuquén","middle",0.4066
"Neuquén","middle",0.549
"Neuquén","middle",0.5509
"Neuquén","middle",0.5774
"Neuquén","middle",0.452
"Neuquén","middle",0.5077
"Neuquén","middle",0.591
"Neuquén","middle",0.4943
"Neuquén","middle",0.602
"Neuquén","middle",0.5466
"Neuquén","middle",0.5638
"Neuquén","middle",0.6126
"Neuquén","middle",0.5802
"Neuquén","middle",0.5359
"Neuquén","middle",0.5644
"Neuquén","middle",0.5219
"Neuquén","middle",0.5005
"Neuquén","middle",0.5096
"Neuquén","middle",0.4758
"Neuquén","middle",0.426
"Neuquén","middle",0.5353
"Neuquén","middle",0.5299
"Neuquén","middle",0.5487
"Neuquén","middle",0.5673
"Neuquén","middle",0.6114
"Neuquén","middle",0.5142
"Neuquén","middle",0.5325
"Neuquén","middle",0.3786
"Neuquén","middle",0.4686
"Neuquén","middle",0.5386
"Neuquén","middle",0.5609
"Neuquén","middle",0.513
"Neuquén","middle",0.4284
"Neuquén","middle",0.6341
"Neuquén","middle",0.5184
"Neuquén","middle",0.5941
"Neuquén","middle",0.5185
"Neuquén","middle",0.5293
"Neuquén","middle",0.5224
"Neuquén","middle",0.5013
"Neuquén","middle",0.5992
"Neuquén","middle",0.4469
"Neuquén","middle",0.5011
"Neuquén","middle",0.4627
"Neuquén","middle",0.4723
"Neuquén","middle",0.5216
"Neuquén","middle",0.5495
"Neuquén","middle",0.652
"Neuquén","middle",0.6025
"Neuquén","middle",0.5615
"Neuquén","middle",0.3674
"Santa Cruz","middle",0.3939
"Santa Cruz","middle",0.4618
"Santa Cruz","middle",0.2937
"Santa Cruz","middle",0.6049
"Santa Cruz","middle",0.3905
"Santa Cruz","middle",0.3435
"Santa Cruz","middle",0.4323
"Santa Cruz","middle",0.4385
"Santa Cruz","middle",0.4569
"Santa Cruz","middle",0.2059
"Santa Cruz","middle",0.2955
"Santa Cruz","middle",0.4017
"Santa Cruz","middle",0.6201
"Santa Cruz","middle",0.4312
"Santa Cruz","middle",0.5418
"Santa Cruz","middle",0.5718
"Santa Cruz","middle",0.4604
"Santa Cruz","middle",0.5731
"Santa Cruz","middle",0.409
"Santa Cruz","middle",0.5564
"Santa Cruz","middle",0.4819
"Santa Cruz","middle",0.4138
"Santa Cruz","middle",0.5485
"Santa Cruz","middle",0.3308
"Santa Cruz","middle",0.438
"Santa Cruz","middle",0.2142
"Santa Cruz","middle",0.4773
"Santa Cruz","middle",0.2957
"Santa Cruz","middle",0.4684
"Santa Cruz","middle",0.4546
"Santa Cruz","middle",0.5111
"Santa Cruz","middle",0.5119
"Santa Cruz","middle",0.4455
"Santa Cruz","middle",0.6722
"Santa Cruz","middle",0.472
"Santa Cruz","middle",0.4317
"Santa Cruz","middle",0.7281
"Santa Cruz","middle",0.5405
"Santa Cruz","middle",0.4758
"Santa Cruz","middle",0.353
"Santa Cruz","middle",0.545
"Santa Cruz","middle",0.5473
"Santa Cruz","middle",0.5235
"Santa Cruz","middle",0.4883
"Santa Cruz","middle",0.3915
"Santa Cruz","middle",0.6509
"Santa Cruz","middle",0.181
"Santa Cruz","middle",0.3471
"Santa Cruz","middle",0.4167
"Santa Cruz","middle",0.4072
"Santa Cruz","middle",0.4509
"Santa Cruz","middle",0.476
"Santa Cruz","middle",0.3378
"Santa Cruz","middle",0.3748
"Santa Cruz","middle",0.279
"Santa Cruz","middle",0.6569
"Santa Cruz","middle",0.5522
"Santa Cruz","middle",0.5135
"Santa Cruz","middle",0.4953
"Santa Cruz","middle",0.2007
"Santa Cruz","middle",0.6561
"Santa Cruz","middle",0.2339
"Santa Cruz","middle",0.4741
"Santa Cruz","middle",0.4644
"Santa Cruz","middle",0.4919
"Santa Cruz","middle",0.4312
"Santa Cruz","middle",0.2952
"Santa Cruz","middle",0.3086
"Santa Cruz","middle",0.3895
"Santa Cruz","middle",0.3684
"Santa Cruz","middle",0.4208
"Santa Cruz","middle",0.6039
"Santa Cruz","middle",0.4327
"Santa Cruz","middle",0.2408
"Santa Cruz","middle",0.3455
"Santa Cruz","middle",0.3632
"Santa Cruz","middle",0.3248
"Santa Cruz","middle",0.3695
"Santa Cruz","middle",0.5344
"Santa Cruz","middle",0.6303
"Santa Cruz","middle",0.47
"Santa Cruz","middle",0.379
"Santa Cruz","middle",0.3599
"Santa Cruz","middle",0.5117
"Santa Cruz","middle",0.3923
"Santa Cruz","middle",0.4423
"Santa Cruz","middle",0.5059
"Santa Cruz","middle",0.4438
"Santa Cruz","middle",0.3735
"Santa Cruz","middle",0.3034
"Santa Cruz","middle",0.429
"Santa Cruz","middle",0.5524
"Santa Cruz","middle",0.4781
"Santa Cruz","middle",0.425
"Santa Cruz","middle",0.2699
"Santa Cruz","middle",0.2503
"Santa Cruz","middle",0.4189
"Santa Cruz","middle",0.4516
"Santa Cruz","middle",0.4952
"Santa Cruz","middle",0.6288
"Santa Cruz","middle",0.2424
"Santa Cruz","middle",0.3384
"Santa Cruz","middle",0.408
"Santa Cruz","middle",0.491
"Santa Cruz","middle",0.388
"Santa Cruz","middle",0.3925
"Santa Cruz","middle",0.4299
"Santa Cruz","middle",0.4229
"Santa Cruz","middle",0.5724
"Santa Cruz","middle",0.4866
"Santa Cruz","middle",0.5344
"Santa Cruz","middle",0.4427
"Santa Cruz","middle",0.5383
"Santa Cruz","middle",0.2675
"Santa Cruz","middle",0.324
"Santa Cruz","middle",0.4409
"Santa Cruz","middle",0.5324
"Santa Cruz","middle",0.4873
"Santa Cruz","middle",0.3457
"Santa Cruz","middle",0.5917
"Santa Cruz","middle",0.6373
"Santa Cruz","middle",0.5286
"Santa Cruz","middle",0.4124
"Santa Cruz","middle",0.4926
"Santa Cruz","middle",0.6215
"Santa Cruz","middle",0.3614
"Santa Cruz","middle",0.6165
"Santa Cruz","middle",0.5432
"Santa Cruz","middle",0.3893
"Santa Cruz","middle",0.3896
"Santa Cruz","middle",0.6495
"Santa Cruz","middle",0.4238
"Santa Cruz","middle",0.5371
"Santa Cruz","middle",0.1907
"Santa Cruz","middle",0.4977
"Santa Cruz","middle",0.3303
"Santa Cruz","middle",0.2922
"Santa Cruz","middle",0.4969
"Santa Cruz","middle",0.3539
"Santa Cruz","middle",0.4612
"Santa Cruz","middle",0.5091
"Santa Cruz","middle",0.4272
"Santa Cruz","middle",0.585
"Santa Cruz","middle",0.527
"Santa Cruz","middle",0.4022
"Santa Cruz","middle",0.2924
"Santa Cruz","middle",0.4444
"Santa Cruz","middle",0.4945
"Santa Cruz","middle",0.462
"Santa Cruz","middle",0.371
"Santa Cruz","middle",0.2001
"Santa Cruz","middle",0.2865
"Santa Cruz","middle",0.4911
"Santa Cruz","middle",0.2897
"Santa Cruz","middle",0.2638
"Santa Cruz","middle",0.5154
"Santa Cruz","middle",0.54
"Santa Cruz","middle",0.4769
"Santa Cruz","middle",0.6253
"Santa Cruz","middle",0.4256
"Santa Cruz","middle",0.4224
"Santa Cruz","middle",0.398
"Santa Cruz","middle",0.4558
"Santa Cruz","middle",0.4417
"Santa Cruz","middle",0.6564
"Santa Cruz","middle",0.4556
"Santa Cruz","middle",0.5148
"Santa Cruz","middle",0.2867
"Santa Cruz","middle",0.4615
"Santa Cruz","middle",0.3854
"Santa Cruz","middle",0.318
"Santa Cruz","middle",0.5091
"Santa Cruz","middle",0.44
"Santa Cruz","middle",0.3191
"Santa Cruz","middle",0.3605
"Santa Cruz","middle",0.5275
"Santa Cruz","middle",0.4321
"Santa Cruz","middle",0.2072
"Santa Cruz","middle",0.4831
"Santa Cruz","middle",0.4548
"Santa Cruz","middle",0.5262
"Santa Cruz","middle",0.2828
"Santa Cruz","middle",0.4514
"Santa Cruz","middle",0.64
"Santa Cruz","middle",0.4244
"Santa Cruz","middle",0.4981
"Santa Cruz","middle",0.4351
"Santa Cruz","middle",0.4879
"Santa Cruz","middle",0.4299
"Santa Cruz","middle",0.5184
"Santa Cruz","middle",0.4736
"Santa Cruz","middle",0.5668
"Santa Cruz","middle",0.5355
"Santa Cruz","middle",0.3908
"Santa Cruz","middle",0.3829
"Santa Cruz","middle",0.5044
"Santa Cruz","middle",0.5898
"Santa Cruz","middle",0.474
"Santa Cruz","middle",0.3126
"Santa Cruz","middle",0.3621
"Santa Cruz","middle",0.3314
"Santa Cruz","middle",0.5441
"Santa Cruz","middle",0.4152
"Santa Cruz","middle",0.2888
"Santa Cruz","middle",0.4992
"Santa Cruz","middle",0.5129
"Santa Cruz","middle",0.6706
"Santa Cruz","middle",0.2606
"Santa Cruz","middle",0.4005
"Santa Cruz","middle",0.4949
"Santa Cruz","middle",0.3893
"Santa Cruz","middle",0.5063
"Santa Cruz","middle",0.348
"Santa Cruz","middle",0.1934
"Santa Cruz","middle",0.4418
"Santa Cruz","middle",0.5389
"Santa Cruz","middle",0.6316
"Santa Cruz","middle",0.3162
"Santa Cruz","middle",0.6677
"Santa Cruz","middle",0.6662
"Santa Cruz","middle",0.3575
"Santa Cruz","middle",0.6374
"Santa Cruz","middle",0.2952
"Santa Cruz","middle",0.6586
"Santa Cruz","middle",0.3736
"Santa Cruz","middle",0.4853
"Santa Cruz","middle",0.5266
"Santa Cruz","middle",0.4702
"Santa Cruz","middle",0.5619
"Santa Cruz","middle",0.4714
"Santa Cruz","middle",0.6068
"Santa Cruz","middle",0.576
"Santa Cruz","middle",0.2494
"Santa Cruz","middle",0.6203
"Santa Cruz","middle",0.4835
"Santa Cruz","middle",0.5997
"Santa Cruz","middle",0.5979
"Santa Cruz","middle",0.393
"Santa Cruz","middle",0.5233
"Santa Cruz","middle",0.6027
"Santa Cruz","middle",0.396
"Santa Cruz","middle",0.4795
"Santa Cruz","middle",0.5902
"Santa Cruz","middle",0.3745
"Santa Cruz","middle",0.4922
"Santa Cruz","middle",0.4006
"Santa Cruz","middle",0.4807
"Santa Cruz","middle",0.3848
"Santa Cruz","middle",0.4108
"Santa Cruz","middle",0.304
"Santa Cruz","middle",0.5205
"Santa Cruz","middle",0.5715
"Santa Cruz","middle",0.5198
"Santa Cruz","middle",0.4923
"Santa Cruz","middle",0.2999
"Santa Cruz","middle",0.3711
"Santa Cruz","middle",0.4635
"Santa Cruz","middle",0.592
"Santa Cruz","middle",0.4227
"Santa Cruz","middle",0.2399
"Santa Cruz","middle",0.525
"Santa Cruz","middle",0.4846
"Santa Cruz","middle",0.5619
"Santa Cruz","middle",0.6412
"Santa Cruz","middle",0.6346
"Santa Cruz","middle",0.6848
"Santa Cruz","middle",0.5221
"Santa Cruz","middle",0.6257
"Santa Cruz","middle",0.4459
"Santa Cruz","middle",0.6876
"Santa Cruz","middle",0.5465
"Santa Cruz","middle",0.5359
"Santa Cruz","middle",0.4309
"Santa Cruz","middle",0.5261
"Santa Cruz","middle",0.1712
"Santa Cruz","middle",0.4486
"Santa Cruz","middle",0.5974
"Santa Cruz","middle",0.3802
"Santa Cruz","middle",0.5302
"Santa Cruz","middle",0.3807
"Santa Cruz","middle",0.4819
"Santa Cruz","middle",0.4775
"Santa Cruz","middle",0.5492
"Santa Cruz","middle",0.4866
"Santa Cruz","middle",0.4802
"Santa Cruz","middle",0.5285
"Santa Cruz","middle",0.2626
"Santa Cruz","middle",0.4463
"Santa Cruz","middle",0.2048
"Santa Cruz","middle",0.3721
"Santa Cruz","middle",0.2097
"Santa Cruz","middle",0.3701
"Santa Cruz","middle",0.6729
"Santa Cruz","middle",0.4408
"Santa Cruz","middle",0.5108
"Santa Cruz","middle",0.2496
"Santa Cruz","middle",0.5375
"Santa Cruz","middle",0.4346
"Santa Cruz","middle",0.5279
"Santa Cruz","middle",0.4541
"Tucumán","outer",0.5195
"Tucumán","outer",0.4157
"Tucumán","outer",0.3744
"Tucumán","outer",0.4784
"Tucumán","outer",0.4557
"Tucumán","outer",0.4752
"Tucumán","outer",0.5782
"Tucumán","outer",0.4182
"Tucumán","outer",0.4681
"Tucumán","outer",0.4714
"Tucumán","outer",0.4541
"Tucumán","outer",0.4841
"Tucumán","outer",0.4485
"Tucumán","outer",0.5164
"Tucumán","outer",0.4365
"Tucumán","outer",0.4534
"Tucumán","outer",0.3765
"Tucumán","outer",0.491
"Tucumán","outer",0.4728
"Tucumán","outer",0.3964
"Tucumán","outer",0.4778
"Tucumán","outer",0.5162
"Tucumán","outer",0.4717
"Tucumán","outer",0.4821
"Tucumán","outer",0.4492
"Tucumán","outer",0.3609
"Tucumán","outer",0.5649
"Tucumán","outer",0.5547
"Tucumán","outer",0.5486
"Tucumán","outer",0.4738
"Tucumán","outer",0.3536
"Tucumán","outer",0.4719
"Tucumán","outer",0.4966
"Tucumán","outer",0.4893
"Tucumán","outer",0.4237
"Tucumán","outer",0.4805
"Tucumán","outer",0.4566
"Tucumán","outer",0.4382
"Tucumán","outer",0.4897
"Tucumán","outer",0.5797
"Tucumán","outer",0.4527
"Tucumán","outer",0.4486
"Tucumán","outer",0.518
"Tucumán","outer",0.5576
"Tucumán","outer",0.4328
"Tucumán","outer",0.3973
"Tucumán","outer",0.4842
"Tucumán","outer",0.512
"Tucumán","outer",0.5105
"Tucumán","outer",0.4702
"Tucumán","outer",0.5036
"Tucumán","outer",0.4299
"Tucumán","outer",0.3622
"Tucumán","outer",0.3614
"Tucumán","outer",0.3979
"Tucumán","outer",0.4266
"Tucumán","outer",0.4511
"Tucumán","outer",0.529
"Tucumán","outer",0.4398
"Tucumán","outer",0.3577
"Tucumán","outer",0.4923
"Tucumán","outer",0.5329
"Tucumán","outer",0.4687
"Tucumán","outer",0.5088
"Tucumán","outer",0.4213
"Tucumán","outer",0.4557
"Tucumán","outer",0.4803
"Tucumán","outer",0.3882
"Tucumán","outer",0.4824
"Tucumán","outer",0.5073
"Tucumán","outer",0.4803
"Tucumán","outer",0.4426
"Tucumán","outer",0.4923
"Tucumán","outer",0.3695
"Tucumán","outer",0.5074
"Tucumán","outer",0.3628
"Tucumán","outer",0.3723
"Tucumán","outer",0.3912
"Tucumán","outer",0.4684
"Tucumán","outer",0.4969
"Tucumán","outer",0.5434
"Tucumán","outer",0.4413
"Tucumán","outer",0.414
"Tucumán","outer",0.4926
"Tucumán","outer",0.4363
"Tucumán","outer",0.4211
"Tucumán","outer",0.4628
"Tucumán","outer",0.4817
"Tucumán","outer",0.5169
"Tucumán","outer",0.4851
"Tucumán","outer",0.5117
"Tucumán","outer",0.598
"Tucumán","outer",0.4868
"Tucumán","outer",0.521
"Tucumán","outer",0.5452
"Tucumán","outer",0.5096
"Tucumán","outer",0.4857
"Tucumán","outer",0.4539
"Tucumán","outer",0.4853
"Tucumán","outer",0.3984
"Tucumán","outer",0.5361
"Tucumán","outer",0.4869
"Tucumán","outer",0.493
"Tucumán","outer",0.4042
"Tucumán","outer",0.4916
"Tucumán","outer",0.5026
"Tucumán","outer",0.5404
"Tucumán","outer",0.4757
"Tucumán","outer",0.4591
"Tucumán","outer",0.5081
"Tucumán","outer",0.5483
"Tucumán","outer",0.5293
"Tucumán","outer",0.4932
"Tucumán","outer",0.5264
"Tucumán","outer",0.5381
"Tucumán","outer",0.5464
"Tucumán","outer",0.5149
"Tucumán","outer",0.4827
"Tucumán","outer",0.3468
"Tucumán","outer",0.4898
"Tucumán","outer",0.3733
"Tucumán","outer",0.4235
"Tucumán","outer",0.4904
"Tucumán","outer",0.458
"Tucumán","outer",0.3376
"Tucumán","outer",0.5777
"Tucumán","outer",0.3929
"Tucumán","outer",0.4389
"Tucumán","outer",0.4329
"Tucumán","outer",0.5314
"Tucumán","outer",0.4922
"Tucumán","outer",0.5201
"Tucumán","outer",0.4856
"Tucumán","outer",0.3723
"Tucumán","outer",0.4587
"Tucumán","outer",0.4338
"Tucumán","outer",0.4406
"Tucumán","outer",0.5146
"Tucumán","outer",0.3665
"Tucumán","outer",0.4394
"Tucumán","outer",0.4621
"Tucumán","outer",0.4923
"Tucumán","outer",0.5566
"Tucumán","outer",0.3993
"Tucumán","outer",0.4708
"Tucumán","outer",0.5039
"Tucumán","outer",0.556
"Tucumán","outer",0.5575
"Tucumán","outer",0.5244
"Tucumán","outer",0.4169
"Tucumán","outer",0.5154
"Tucumán","outer",0.4039
"Tucumán","outer",0.5117
"Tucumán","outer",0.5389
"Tucumán","outer",0.4832
"Tucumán","outer",0.4354
"Tucumán","outer",0.4319
"Tucumán","outer",0.4864
"Tucumán","outer",0.4475
"Tucumán","outer",0.4663
"Tucumán","outer",0.5212
"Tucumán","outer",0.4371
"Tucumán","outer",0.4797
"Tucumán","outer",0.4278
"Tucumán","outer",0.3338
"Tucumán","outer",0.4191
"Tucumán","outer",0.5078
"Tucumán","outer",0.3507
"Tucumán","outer",0.4567
"Tucumán","outer",0.437
"Tucumán","outer",0.5321
"Tucumán","outer",0.4055
"Tucumán","outer",0.4516
"Tucumán","outer",0.4253
"Tucumán","outer",0.4683
"Tucumán","outer",0.4592
"Tucumán","outer",0.4581
"Tucumán","outer",0.3568
"Tucumán","outer",0.5117
"Tucumán","outer",0.4207
"Tucumán","outer",0.5074
"Tucumán","outer",0.4532
"Tucumán","outer",0.3998
"Tucumán","outer",0.4957
"Tucumán","outer",0.443
"Tucumán","outer",0.4423
"Tucumán","outer",0.4133
"Tucumán","outer",0.3916
"Tucumán","outer",0.4064
"Tucumán","outer",0.418
"Tucumán","outer",0.4717
"Tucumán","outer",0.4079
"Tucumán","outer",0.408
"Tucumán","outer",0.4023
"Tucumán","outer",0.448
"Tucumán","outer",0.4964
"Tucumán","outer",0.3265
"Tucumán","outer",0.5154
"Tucumán","outer",0.5159
"Tucumán","outer",0.5284
"Tucumán","outer",0.4827
"Tucumán","outer",0.5048
"Tucumán","outer",0.4959
"Tucumán","outer",0.442
"Tucumán","outer",0.4852
"Tucumán","outer",0.5708
"Tucumán","outer",0.4048
"Tucumán","outer",0.4782
"Tucumán","outer",0.5017
"Tucumán","outer",0.5426
"Tucumán","outer",0.3991
"Tucumán","outer",0.4817
"Tucumán","outer",0.469
"Tucumán","outer",0.3157
"Tucumán","outer",0.5206
"Tucumán","outer",0.3983
"Tucumán","outer",0.4271
"Tucumán","outer",0.4915
"Tucumán","outer",0.418
"Tucumán","outer",0.3586
"Tucumán","outer",0.3544
"Tucumán","outer",0.4758
"Tucumán","outer",0.4091
"Tucumán","outer",0.3773
"Tucumán","outer",0.5532
"Tucumán","outer",0.4691
"Tucumán","outer",0.4915
"Tucumán","outer",0.4864
"Tucumán","outer",0.5129
"Tucumán","outer",0.4467
"Tucumán","outer",0.4633
"Tucumán","outer",0.4809
"Tucumán","outer",0.4207
"Tucumán","outer",0.5269
"Tucumán","outer",0.4661
"Tucumán","outer",0.4089
"Tucumán","outer",0.4578
"Tucumán","outer",0.4289
"Tucumán","outer",0.5231
"Tucumán","outer",0.5014
"Tucumán","outer",0.4595
"Tucumán","outer",0.4936
"Tucumán","outer",0.4736
"Tucumán","outer",0.4152
"Tucumán","outer",0.4466
"Tucumán","outer",0.4154
"Tucumán","outer",0.3782
"Tucumán","outer",0.3951
"Tucumán","outer",0.5544
"Tucumán","outer",0.3765
"Tucumán","outer",0.3903
"Tucumán","outer",0.3642
"Tucumán","outer",0.4482
"Tucumán","outer",0.4595
"Tucumán","outer",0.5185
"Tucumán","outer",0.4834
"Tucumán","outer",0.4942
"Tucumán","outer",0.4534
"Tucumán","outer",0.415
"Tucumán","outer",0.4726
"Tucumán","outer",0.4523
"Tucumán","outer",0.5319
"Tucumán","outer",0.5026
"Tucumán","outer",0.3832
"Tucumán","outer",0.4616
"Tucumán","outer",0.4942
"Tucumán","outer",0.4778
"Tucumán","outer",0.5324
"Tucumán","outer",0.4927
"Tucumán","outer",0.3765
"Tucumán","outer",0.5678
"Tucumán","outer",0.3966
"Tucumán","outer",0.3256
"Tucumán","outer",0.4307
"Tucumán","outer",0.4871
"Tucumán","outer",0.5148
"Tucumán","outer",0.4903
"Tucumán","outer",0.4969
"Tucumán","outer",0.4179
"Tucumán","outer",0.4943
"Tucumán","outer",0.5337
"Tucumán","outer",0.565
"Tucumán","outer",0.4648
"Tucumán","outer",0.4815
"Tucumán","outer",0.3843
"Tucumán","outer",0.5343
"Tucumán","outer",0.5078
"Tucumán","outer",0.4916
"Tucumán","outer",0.4603
"Tucumán","outer",0.4072
"Tucumán","outer",0.4884
"Tucumán","outer",0.5356
"Tucumán","outer",0.4991
"Tucumán","outer",0.527
"Tucumán","outer",0.4852
"Tucumán","outer",0.4592
"Tucumán","outer",0.5159
"Tucumán","outer",0.4437
"Tucumán","outer",0.5063
"Tucumán","outer",0.4258
"Salta","outer",0.4147
"Salta","outer",0.2461
"Salta","outer",0.2993
"Salta","outer",0.5766
"Salta","outer",0.4524
"Salta","outer",0.4729
"Salta","outer",0.4541
"Salta","outer",0.3231
"Salta","outer",0.4745
"Salta","outer",0.5083
"Salta","outer",0.5803
"Salta","outer",0.4444
"Salta","outer",0.5353
"Salta","outer",0.501
"Salta","outer",0.537
"Salta","outer",0.394
"Salta","outer",0.4772
"Salta","outer",0.504
"Salta","outer",0.469
"Salta","outer",0.4261
"Salta","outer",0.4271
"Salta","outer",0.4348
"Salta","outer",0.4064
"Salta","outer",0.4057
"Salta","outer",0.4736
"Salta","outer",0.5112
"Salta","outer",0.3831
"Salta","outer",0.485
"Salta","outer",0.4501
"Salta","outer",0.3454
"Salta","outer",0.4941
"Salta","outer",0.5603
"Salta","outer",0.5047
"Salta","outer",0.5909
"Salta","outer",0.5439
"Salta","outer",0.5247
"Salta","outer",0.5259
"Salta","outer",0.4168
"Salta","outer",0.4634
"Salta","outer",0.3788
"Salta","outer",0.5239
"Salta","outer",0.3868
"Salta","outer",0.5029
"Salta","outer",0.5141
"Salta","outer",0.4818
"Salta","outer",0.3766
"Salta","outer",0.5089
"Salta","outer",0.5541
"Salta","outer",0.5624
"Salta","outer",0.4797
"Salta","outer",0.5877
"Salta","outer",0.4712
"Salta","outer",0.3633
"Salta","outer",0.4829
"Salta","outer",0.592
"Salta","outer",0.5329
"Salta","outer",0.3587
"Salta","outer",0.4886
"Salta","outer",0.4269
"Salta","outer",0.4791
"Salta","outer",0.4873
"Salta","outer",0.5005
"Salta","outer",0.4672
"Salta","outer",0.4538
"Salta","outer",0.5389
"Salta","outer",0.4922
"Salta","outer",0.4489
"Salta","outer",0.4985
"Salta","outer",0.5526
"Salta","outer",0.5272
"Salta","outer",0.5145
"Salta","outer",0.3637
"Salta","outer",0.4328
"Salta","outer",0.4979
"Salta","outer",0.4073
"Salta","outer",0.4662
"Salta","outer",0.429
"Salta","outer",0.3275
"Salta","outer",0.5596
"Salta","outer",0.4811
"Salta","outer",0.5302
"Salta","outer",0.3404
"Salta","outer",0.3972
"Salta","outer",0.3265
"Salta","outer",0.4831
"Salta","outer",0.3327
"Salta","outer",0.351
"Salta","outer",0.5231
"Salta","outer",0.3713
"Salta","outer",0.4114
"Salta","outer",0.5173
"Salta","outer",0.4373
"Salta","outer",0.4885
"Salta","outer",0.325
"Salta","outer",0.3437
"Salta","outer",0.3933
"Salta","outer",0.4977
"Salta","outer",0.5547
"Salta","outer",0.4894
"Salta","outer",0.5803
"Salta","outer",0.5753
"Salta","outer",0.5017
"Salta","outer",0.4875
"Salta","outer",0.5535
"Salta","outer",0.4515
"Salta","outer",0.5424
"Salta","outer",0.4442
"Salta","outer",0.3316
"Salta","outer",0.2991
"Salta","outer",0.3571
"Salta","outer",0.396
"Salta","outer",0.3983
"Salta","outer",0.4153
"Salta","outer",0.5452
"Salta","outer",0.3452
"Salta","outer",0.3435
"Salta","outer",0.3026
"Salta","outer",0.3372
"Salta","outer",0.4272
"Salta","outer",0.3117
"Salta","outer",0.5554
"Salta","outer",0.5026
"Salta","outer",0.4872
"Salta","outer",0.3415
"Salta","outer",0.4308
"Salta","outer",0.432
"Salta","outer",0.4536
"Salta","outer",0.5948
"Salta","outer",0.5707
"Salta","outer",0.5746
"Salta","outer",0.4648
"Salta","outer",0.4739
"Salta","outer",0.4147
"Salta","outer",0.5584
"Salta","outer",0.5749
"Salta","outer",0.5529
"Salta","outer",0.5564
"Salta","outer",0.4191
"Salta","outer",0.4315
"Salta","outer",0.3034
"Salta","outer",0.5526
"Salta","outer",0.3538
"Salta","outer",0.3833
"Salta","outer",0.5148
"Salta","outer",0.4174
"Salta","outer",0.4965
"Salta","outer",0.4757
"Salta","outer",0.4327
"Salta","outer",0.2984
"Salta","outer",0.4109
"Salta","outer",0.3258
"Salta","outer",0.4009
"Salta","outer",0.3164
"Salta","outer",0.2961
"Salta","outer",0.5714
"Salta","outer",0.4178
"Salta","outer",0.4742
"Salta","outer",0.4044
"Salta","outer",0.3996
"Salta","outer",0.5044
"Salta","outer",0.5083
"Salta","outer",0.4237
"Salta","outer",0.4227
"Salta","outer",0.4351
"Salta","outer",0.5032
"Salta","outer",0.447
"Salta","outer",0.3631
"Salta","outer",0.3484
"Salta","outer",0.3426
"Salta","outer",0.5234
"Salta","outer",0.5924
"Salta","outer",0.5433
"Salta","outer",0.5748
"Salta","outer",0.5264
"Salta","outer",0.5287
"Salta","outer",0.486
"Salta","outer",0.486
"Salta","outer",0.5038
"Salta","outer",0.3724
"Salta","outer",0.391
"Salta","outer",0.3799
"Salta","outer",0.4159
"Salta","outer",0.4806
"Salta","outer",0.5827
"Salta","outer",0.5498
"Salta","outer",0.5333
"Salta","outer",0.4616
"Salta","outer",0.5593
"Salta","outer",0.4015
"Salta","outer",0.4017
"Salta","outer",0.5185
"Salta","outer",0.5226
"Salta","outer",0.4177
"Salta","outer",0.3937
"Salta","outer",0.5322
"Salta","outer",0.5144
"Salta","outer",0.4086
"Salta","outer",0.3338
"Salta","outer",0.5192
"Salta","outer",0.5862
"Salta","outer",0.5051
"Salta","outer",0.3558
"Salta","outer",0.533
"Salta","outer",0.4102
"Salta","outer",0.3339
"Salta","outer",0.4804
"Salta","outer",0.4777
"Salta","outer",0.3695
"Salta","outer",0.4346
"Salta","outer",0.5071
"Salta","outer",0.4982
"Salta","outer",0.4009
"Salta","outer",0.4138
"Salta","outer",0.5436
"Salta","outer",0.4568
"Salta","outer",0.5136
"Salta","outer",0.4321
"Salta","outer",0.319
"Salta","outer",0.5057
"Salta","outer",0.5072
"Salta","outer",0.5044
"Salta","outer",0.3601
"Salta","outer",0.5251
"Salta","outer",0.4099
"Salta","outer",0.313
"Salta","outer",0.38
"Salta","outer",0.5148
"Salta","outer",0.4024
"Salta","outer",0.5469
"Salta","outer",0.5356
"Salta","outer",0.5232
"Salta","outer",0.5762
"Salta","outer",0.4208
"Salta","outer",0.5255
"Salta","outer",0.4784
"Salta","outer",0.4741
"Salta","outer",0.2853
"Salta","outer",0.5664
"Salta","outer",0.4056
"Salta","outer",0.3052
"Salta","outer",0.3572
"Salta","outer",0.4024
"Salta","outer",0.4862
"Salta","outer",0.5333
"Salta","outer",0.4954
"Salta","outer",0.5092
"Salta","outer",0.3047
"Salta","outer",0.435
"Salta","outer",0.3438
"Salta","outer",0.4084
"Salta","outer",0.2915
"Salta","outer",0.471
"Salta","outer",0.4308
"Salta","outer",0.603
"Salta","outer",0.5975
"Salta","outer",0.3087
"Salta","outer",0.3933
"Salta","outer",0.4742
"Salta","outer",0.4015
"Salta","outer",0.5262
"Salta","outer",0.3679
"Salta","outer",0.5952
"Salta","outer",0.5558
"Salta","outer",0.5756
"Salta","outer",0.3907
"Salta","outer",0.5031
"Salta","outer",0.3856
"Salta","outer",0.5747
"Salta","outer",0.4052
"Salta","outer",0.5536
"Salta","outer",0.541
"Salta","outer",0.5621
"Salta","outer",0.5951
"Salta","outer",0.5782
"Salta","outer",0.4999
"Salta","outer",0.4926
"Salta","outer",0.4566
"Salta","outer",0.3594
"Salta","outer",0.5414
"Salta","outer",0.3674
"Salta","outer",0.5294
"Salta","outer",0.6012
"Salta","outer",0.5646
"Salta","outer",0.4134
"Salta","outer",0.4916
"Salta","outer",0.4458
"Salta","outer",0.5452
"Salta","outer",0.2975
"Salta","outer",0.4111
"Salta","outer",0.3912
"Salta","outer",0.3226
"Salta","outer",0.4267
"Salta","outer",0.4639
"Salta","outer",0.4468
"Salta","outer",0.3985
"Salta","outer",0.508
"Salta","outer",0.5191
"Salta","outer",0.4361
"Salta","outer",0.459
"Salta","outer",0.5261
"Tierra del Fuego","middle",0.5175
"Tierra del Fuego","middle",0.3987
"Tierra del Fuego","middle",0.5141
"Tierra del Fuego","middle",0.3199
"Tierra del Fuego","middle",0.4038
"Tierra del Fuego","middle",0.4291
"Tierra del Fuego","middle",0.4198
"Tierra del Fuego","middle",0.3912
"Tierra del Fuego","middle",0.4116
"Tierra del Fuego","middle",0.3203
"Tierra del Fuego","middle",0.3819
"Tierra del Fuego","middle",0.3827
"Tierra del Fuego","middle",0.4588
"Tierra del Fuego","middle",0.5239
"Tierra del Fuego","middle",0.3636
"Tierra del Fuego","middle",0.45
"Tierra del Fuego","middle",0.5544
"Tierra del Fuego","middle",0.3993
"Tierra del Fuego","middle",0.4005
"Tierra del Fuego","middle",0.4885
"Tierra del Fuego","middle",0.496
"Tierra del Fuego","middle",0.4522
"Tierra del Fuego","middle",0.4668
"Tierra del Fuego","middle",0.3183
"Tierra del Fuego","middle",0.534
"Tierra del Fuego","middle",0.4871
"Tierra del Fuego","middle",0.4635
"Tierra del Fuego","middle",0.5061
"Tierra del Fuego","middle",0.4883
"Tierra del Fuego","middle",0.351
"Tierra del Fuego","middle",0.5382
"Tierra del Fuego","middle",0.4075
"Tierra del Fuego","middle",0.4701
"Tierra del Fuego","middle",0.4038
"Tierra del Fuego","middle",0.3981
"Tierra del Fuego","middle",0.4083
"Tierra del Fuego","middle",0.3362
"Tierra del Fuego","middle",0.3802
"Tierra del Fuego","middle",0.2873
"Tierra del Fuego","middle",0.4625
"Tierra del Fuego","middle",0.3961
"Tierra del Fuego","middle",0.46
"Tierra del Fuego","middle",0.3694
"Tierra del Fuego","middle",0.4445
"Tierra del Fuego","middle",0.4727
"Tierra del Fuego","middle",0.342
"Tierra del Fuego","middle",0.504
"Tierra del Fuego","middle",0.3365
"Tierra del Fuego","middle",0.4046
"Tierra del Fuego","middle",0.4965
"Tierra del Fuego","middle",0.2733
"Tierra del Fuego","middle",0.3697
"Tierra del Fuego","middle",0.4233
"Tierra del Fuego","middle",0.3842
"Tierra del Fuego","middle",0.4343
"Tierra del Fuego","middle",0.3203
"Tierra del Fuego","middle",0.3568
"Tierra del Fuego","middle",0.3946
"Tierra del Fuego","middle",0.3641
"Tierra del Fuego","middle",0.3937
"Tierra del Fuego","middle",0.4376
"Tierra del Fuego","middle",0.42
"Tierra del Fuego","middle",0.5027
"Tierra del Fuego","middle",0.4818
"Tierra del Fuego","middle",0.3993
"Tierra del Fuego","middle",0.4398
"Tierra del Fuego","middle",0.5755
"Tierra del Fuego","middle",0.4521
"Tierra del Fuego","middle",0.4801
"Tierra del Fuego","middle",0.5011
"Tierra del Fuego","middle",0.4479
"Tierra del Fuego","middle",0.4478
"Tierra del Fuego","middle",0.2713
"Tierra del Fuego","middle",0.4588
"Tierra del Fuego","middle",0.4384
"Tierra del Fuego","middle",0.3823
"Tierra del Fuego","middle",0.3623
"Tierra del Fuego","middle",0.3605
"Tierra del Fuego","middle",0.3409
"Tierra del Fuego","middle",0.3626
"Tierra del Fuego","middle",0.4905
"Tierra del Fuego","middle",0.4016
"Tierra del Fuego","middle",0.4306
"Tierra del Fuego","middle",0.4047
"Tierra del Fuego","middle",0.3866
"Tierra del Fuego","middle",0.3921
"Tierra del Fuego","middle",0.5714
"Tierra del Fuego","middle",0.4396
"Tierra del Fuego","middle",0.4912
"Tierra del Fuego","middle",0.3608
"Tierra del Fuego","middle",0.4636
"Tierra del Fuego","middle",0.3547
"Tierra del Fuego","middle",0.4243
"Tierra del Fuego","middle",0.5301
"Tierra del Fuego","middle",0.3867
"Tierra del Fuego","middle",0.4129
"Tierra del Fuego","middle",0.5005
"Tierra del Fuego","middle",0.4502
"Tierra del Fuego","middle",0.4414
"Tierra del Fuego","middle",0.3282
"Tierra del Fuego","middle",0.4541
"Tierra del Fuego","middle",0.5404
"Tierra del Fuego","middle",0.4189
"Tierra del Fuego","middle",0.5095
"Tierra del Fuego","middle",0.5781
"Tierra del Fuego","middle",0.3346
"Tierra del Fuego","middle",0.4535
"Tierra del Fuego","middle",0.3731
"Tierra del Fuego","middle",0.4475
"Tierra del Fuego","middle",0.2667
"Tierra del Fuego","middle",0.4674
"Tierra del Fuego","middle",0.4239
"Tierra del Fuego","middle",0.4071
"Tierra del Fuego","middle",0.5256
"Tierra del Fuego","middle",0.4257
"Tierra del Fuego","middle",0.4565
"Tierra del Fuego","middle",0.4494
"Tierra del Fuego","middle",0.4078
"Tierra del Fuego","middle",0.4615
"Tierra del Fuego","middle",0.3893
"Tierra del Fuego","middle",0.3418
"Tierra del Fuego","middle",0.2996
"Tierra del Fuego","middle",0.3192
"Tierra del Fuego","middle",0.3567
"Tierra del Fuego","middle",0.4444
"Tierra del Fuego","middle",0.4613
"Tierra del Fuego","middle",0.4317
"Tierra del Fuego","middle",0.3281
"Tierra del Fuego","middle",0.5471
"Tierra del Fuego","middle",0.3646
"Tierra del Fuego","middle",0.4091
"Tierra del Fuego","middle",0.5242
"Tierra del Fuego","middle",0.3677
"Tierra del Fuego","middle",0.4111
"Tierra del Fuego","middle",0.3901
"Tierra del Fuego","middle",0.4954
"Tierra del Fuego","middle",0.3932
"Tierra del Fuego","middle",0.4178
"Tierra del Fuego","middle",0.4536
"Tierra del Fuego","middle",0.4724
"Tierra del Fuego","middle",0.4237
"Tierra del Fuego","middle",0.5277
"Tierra del Fuego","middle",0.2737
"Tierra del Fuego","middle",0.4037
"Tierra del Fuego","middle",0.458
"Tierra del Fuego","middle",0.5736
"Tierra del Fuego","middle",0.4743
"Tierra del Fuego","middle",0.3832
"Tierra del Fuego","middle",0.4505
"Tierra del Fuego","middle",0.537
"Tierra del Fuego","middle",0.5024
"Tierra del Fuego","middle",0.4166
"Tierra del Fuego","middle",0.4418
"Tierra del Fuego","middle",0.4083
"Tierra del Fuego","middle",0.5148
"Tierra del Fuego","middle",0.3875
"Tierra del Fuego","middle",0.3528
"Tierra del Fuego","middle",0.4705
"Tierra del Fuego","middle",0.5213
"Tierra del Fuego","middle",0.4815
"Tierra del Fuego","middle",0.3034
"Tierra del Fuego","middle",0.4607
"Tierra del Fuego","middle",0.3379
"Tierra del Fuego","middle",0.4427
"Tierra del Fuego","middle",0.5001
"Tierra del Fuego","middle",0.4659
"Tierra del Fuego","middle",0.4486
"Tierra del Fuego","middle",0.3847
"Tierra del Fuego","middle",0.4266
"Tierra del Fuego","middle",0.4741
"Tierra del Fuego","middle",0.4766
"Tierra del Fuego","middle",0.4336
"Tierra del Fuego","middle",0.4233
"Tierra del Fuego","middle",0.5068
"Tierra del Fuego","middle",0.3504
"Tierra del Fuego","middle",0.4974
"Tierra del Fuego","middle",0.3011
"Tierra del Fuego","middle",0.4512
"Tierra del Fuego","middle",0.4278
"Tierra del Fuego","middle",0.3663
"Tierra del Fuego","middle",0.4454
"Tierra del Fuego","middle",0.3371
"Tierra del Fuego","middle",0.3861
"Tierra del Fuego","middle",0.3519
"Tierra del Fuego","middle",0.3777
"Tierra del Fuego","middle",0.3794
"Tierra del Fuego","middle",0.4163
"Tierra del Fuego","middle",0.428
"Tierra del Fuego","middle",0.4436
"Tierra del Fuego","middle",0.5156
"Tierra del Fuego","middle",0.4519
"Tierra del Fuego","middle",0.3269
"Tierra del Fuego","middle",0.3802
"Tierra del Fuego","middle",0.4173
"Tierra del Fuego","middle",0.4079
"Tierra del Fuego","middle",0.4468
"Tierra del Fuego","middle",0.3762
"Tierra del Fuego","middle",0.3978
"Tierra del Fuego","middle",0.4632
"Tierra del Fuego","middle",0.4296
"Tierra del Fuego","middle",0.4191
"Tierra del Fuego","middle",0.4362
"Tierra del Fuego","middle",0.4611
"Tierra del Fuego","middle",0.2692
"Tierra del Fuego","middle",0.3863
"Tierra del Fuego","middle",0.4407
"Tierra del Fuego","middle",0.2761
"Tierra del Fuego","middle",0.4783
"Tierra del Fuego","middle",0.3426
"Tierra del Fuego","middle",0.4871
"Tierra del Fuego","middle",0.4594
"Tierra del Fuego","middle",0.3574
"Tierra del Fuego","middle",0.4248
"Tierra del Fuego","middle",0.4734
"Tierra del Fuego","middle",0.3616
"Tierra del Fuego","middle",0.5513
"Tierra del Fuego","middle",0.3727
"Tierra del Fuego","middle",0.4644
"Tierra del Fuego","middle",0.3933
"Tierra del Fuego","middle",0.4496
"Tierra del Fuego","middle",0.4606
"Tierra del Fuego","middle",0.4348
"Tierra del Fuego","middle",0.4795
"Tierra del Fuego","middle",0.4824
"Tierra del Fuego","middle",0.4304
"Tierra del Fuego","middle",0.3595
"Tierra del Fuego","middle",0.5358
"Tierra del Fuego","middle",0.3896
"Tierra del Fuego","middle",0.404
"Tierra del Fuego","middle",0.5078
"Tierra del Fuego","middle",0.532
"Tierra del Fuego","middle",0.5577
"Tierra del Fuego","middle",0.521
"Tierra del Fuego","middle",0.5254
"Tierra del Fuego","middle",0.4235
"Tierra del Fuego","middle",0.4235
"Tierra del Fuego","middle",0.3588
"Tierra del Fuego","middle",0.3622
"Tierra del Fuego","middle",0.5105
"Tierra del Fuego","middle",0.3978
"Tierra del Fuego","middle",0.4271
"Tierra del Fuego","middle",0.3812
"Tierra del Fuego","middle",0.4915
"Tierra del Fuego","middle",0.4885
"Tierra del Fuego","middle",0.49
"Tierra del Fuego","middle",0.3727
"Tierra del Fuego","middle",0.4472
"Tierra del Fuego","middle",0.5339
"Tierra del Fuego","middle",0.4646
"Tierra del Fuego","middle",0.4008
"Tierra del Fuego","middle",0.4358
"Tierra del Fuego","middle",0.4922
"Tierra del Fuego","middle",0.4791
"Tierra del Fuego","middle",0.457
"Tierra del Fuego","middle",0.4605
"Tierra del Fuego","middle",0.4376
"Tierra del Fuego","middle",0.5317
"Tierra del Fuego","middle",0.464
"Tierra del Fuego","middle",0.3745
"Tierra del Fuego","middle",0.4734
"Tierra del Fuego","middle",0.2961
"Tierra del Fuego","middle",0.4698
"Tierra del Fuego","middle",0.4384
"Tierra del Fuego","middle",0.4051
"Tierra del Fuego","middle",0.3734
"Tierra del Fuego","middle",0.403
"Tierra del Fuego","middle",0.5601
"Tierra del Fuego","middle",0.4217
"Tierra del Fuego","middle",0.3797
"Tierra del Fuego","middle",0.481
"Tierra del Fuego","middle",0.3121
"Tierra del Fuego","middle",0.4124
"Tierra del Fuego","middle",0.3874
"Tierra del Fuego","middle",0.3879
"Tierra del Fuego","middle",0.4593
"Tierra del Fuego","middle",0.3555
"Tierra del Fuego","middle",0.3861
"Tierra del Fuego","middle",0.519
"Tierra del Fuego","middle",0.4224
"Tierra del Fuego","middle",0.4029
"Tierra del Fuego","middle",0.4373
"Tierra del Fuego","middle",0.5311
"Tierra del Fuego","middle",0.3699
"Tierra del Fuego","middle",0.5454
"Tierra del Fuego","middle",0.3656
"Tierra del Fuego","middle",0.4054
"Tierra del Fuego","middle",0.4735
"Tierra del Fuego","middle",0.4212
"Tierra del Fuego","middle",0.5023
"Tierra del Fuego","middle",0.4185
"Tierra del Fuego","middle",0.3031
"Tierra del Fuego","middle",0.4624
"Tierra del Fuego","middle",0.486
"Tierra del Fuego","middle",0.365
"Tierra del Fuego","middle",0.4383
"Tierra del Fuego","middle",0.3293
"Tierra del Fuego","middle",0.508
"Tierra del Fuego","middle",0.4805
"Tierra del Fuego","middle",0.4332
"Tierra del Fuego","middle",0.5666
"San Juan","middle",0.3411
"San Juan","middle",0.4451
"San Juan","middle",0.486
"San Juan","middle",0.4821
"San Juan","middle",0.4649
"San Juan","middle",0.4524
"San Juan","middle",0.366
"San Juan","middle",0.4809
"San Juan","middle",0.4475
"San Juan","middle",0.4808
"San Juan","middle",0.3688
"San Juan","middle",0.3756
"San Juan","middle",0.4403
"San Juan","middle",0.4298
"San Juan","middle",0.471
"San Juan","middle",0.4844
"San Juan","middle",0.3977
"San Juan","middle",0.4384
"San Juan","middle",0.4775
"San Juan","middle",0.4587
"San Juan","middle",0.4666
"San Juan","middle",0.4575
"San Juan","middle",0.4528
"San Juan","middle",0.512
"San Juan","middle",0.4499
"San Juan","middle",0.4773
"San Juan","middle",0.4741
"San Juan","middle",0.4685
"San Juan","middle",0.4658
"San Juan","middle",0.4727
"San Juan","middle",0.4191
"San Juan","middle",0.4392
"San Juan","middle",0.4838
"San Juan","middle",0.4461
"San Juan","middle",0.4542
"San Juan","middle",0.4528
"San Juan","middle",0.4774
"San Juan","middle",0.4946
"San Juan","middle",0.4302
"San Juan","middle",0.5166
"San Juan","middle",0.4454
"San Juan","middle",0.4481
"San Juan","middle",0.495
"San Juan","middle",0.4206
"San Juan","middle",0.4383
"San Juan","middle",0.4793
"San Juan","middle",0.4105
"San Juan","middle",0.478
"San Juan","middle",0.5163
"San Juan","middle",0.4312
"San Juan","middle",0.5192
"San Juan","middle",0.4356
"San Juan","middle",0.4302
"San Juan","middle",0.4556
"San Juan","middle",0.458
"San Juan","middle",0.4103
"San Juan","middle",0.463
"San Juan","middle",0.4306
"San Juan","middle",0.4427
"San Juan","middle",0.4555
"San Juan","middle",0.3664
"San Juan","middle",0.4682
"San Juan","middle",0.4917
"San Juan","middle",0.4628
"San Juan","middle",0.425
"San Juan","middle",0.4944
"San Juan","middle",0.3436
"San Juan","middle",0.4935
"San Juan","middle",0.4446
"San Juan","middle",0.3809
"San Juan","middle",0.4459
"San Juan","middle",0.4974
"San Juan","middle",0.4271
"San Juan","middle",0.4476
"San Juan","middle",0.4794
"San Juan","middle",0.449
"San Juan","middle",0.3183
"San Juan","middle",0.5433
"San Juan","middle",0.4579
"San Juan","middle",0.4588
"San Juan","middle",0.3769
"San Juan","middle",0.4707
"San Juan","middle",0.421
"San Juan","middle",0.4735
"San Juan","middle",0.4251
"San Juan","middle",0.4438
"San Juan","middle",0.4864
"San Juan","middle",0.438
"San Juan","middle",0.4523
"San Juan","middle",0.4453
"San Juan","middle",0.4627
"San Juan","middle",0.4458
"San Juan","middle",0.4144
"San Juan","middle",0.4022
"San Juan","middle",0.4033
"San Juan","middle",0.4538
"San Juan","middle",0.4764
"San Juan","middle",0.4198
"San Juan","middle",0.4924
"San Juan","middle",0.4428
"San Juan","middle",0.4315
"San Juan","middle",0.4767
"San Juan","middle",0.3857
"San Juan","middle",0.4768
"San Juan","middle",0.4996
"San Juan","middle",0.4103
"San Juan","middle",0.4554
"San Juan","middle",0.4385
"San Juan","middle",0.4455
"San Juan","middle",0.4843
"San Juan","middle",0.476
"San Juan","middle",0.4759
"San Juan","middle",0.457
"San Juan","middle",0.4633
"San Juan","middle",0.4568
"San Juan","middle",0.3928
"San Juan","middle",0.4706
"San Juan","middle",0.502
"San Juan","middle",0.5063
"San Juan","middle",0.4928
"San Juan","middle",0.4274
"San Juan","middle",0.4371
"San Juan","middle",0.376
"San Juan","middle",0.4582
"San Juan","middle",0.3567
"San Juan","middle",0.4322
"San Juan","middle",0.4984
"San Juan","middle",0.4805
"San Juan","middle",0.4927
"San Juan","middle",0.4768
"San Juan","middle",0.4577
"San Juan","middle",0.456
"San Juan","middle",0.4717
"San Juan","middle",0.4379
"San Juan","middle",0.4515
"San Juan","middle",0.4629
"San Juan","middle",0.4813
"San Juan","middle",0.4342
"San Juan","middle",0.4799
"San Juan","middle",0.4188
"San Juan","middle",0.3853
"San Juan","middle",0.4594
"San Juan","middle",0.4211
"San Juan","middle",0.4088
"San Juan","middle",0.4674
"San Juan","middle",0.4302
"San Juan","middle",0.4689
"San Juan","middle",0.5005
"San Juan","middle",0.4754
"San Juan","middle",0.4751
"San Juan","middle",0.4976
"San Juan","middle",0.4491
"San Juan","middle",0.3794
"San Juan","middle",0.5167
"San Juan","middle",0.4382
"San Juan","middle",0.4718
"San Juan","middle",0.4479
"San Juan","middle",0.5375
"San Juan","middle",0.4781
"San Juan","middle",0.5002
"San Juan","middle",0.4843
"San Juan","middle",0.4496
"San Juan","middle",0.5018
"San Juan","middle",0.4722
"San Juan","middle",0.4688
"San Juan","middle",0.4505
"San Juan","middle",0.5329
"San Juan","middle",0.4595
"San Juan","middle",0.3647
"San Juan","middle",0.4728
"San Juan","middle",0.4718
"San Juan","middle",0.4387
"San Juan","middle",0.4852
"San Juan","middle",0.492
"San Juan","middle",0.4402
"San Juan","middle",0.4758
"San Juan","middle",0.379
"San Juan","middle",0.4671
"San Juan","middle",0.517
"San Juan","middle",0.3356
"San Juan","middle",0.4824
"San Juan","middle",0.4329
"San Juan","middle",0.469
"San Juan","middle",0.4976
"San Juan","middle",0.4231
"San Juan","middle",0.437
"San Juan","middle",0.3896
"San Juan","middle",0.4421
"San Juan","middle",0.4291
"San Juan","middle",0.4499
"San Juan","middle",0.3874
"San Juan","middle",0.4729
"San Juan","middle",0.3011
"San Juan","middle",0.4346
"San Juan","middle",0.4408
"San Juan","middle",0.3753
"San Juan","middle",0.4016
"San Juan","middle",0.3976
"San Juan","middle",0.3888
"San Juan","middle",0.4197
"San Juan","middle",0.5182
"San Juan","middle",0.4359
"San Juan","middle",0.4664
"San Juan","middle",0.3738
"San Juan","middle",0.4861
"San Juan","middle",0.4459
"San Juan","middle",0.385
"San Juan","middle",0.3521
"San Juan","middle",0.4404
"San Juan","middle",0.4817
"San Juan","middle",0.4556
"San Juan","middle",0.4579
"San Juan","middle",0.4844
"San Juan","middle",0.4547
"San Juan","middle",0.5269
"San Juan","middle",0.4862
"San Juan","middle",0.4663
"San Juan","middle",0.4512
"San Juan","middle",0.4534
"San Juan","middle",0.4412
"San Juan","middle",0.469
"San Juan","middle",0.5096
"San Juan","middle",0.4671
"San Juan","middle",0.3463
"San Juan","middle",0.4456
"San Juan","middle",0.4039
"San Juan","middle",0.4403
"San Juan","middle",0.4365
"San Juan","middle",0.4792
"San Juan","middle",0.4689
"San Juan","middle",0.4334
"San Juan","middle",0.4128
"San Juan","middle",0.4433
"San Juan","middle",0.4758
"San Juan","middle",0.4976
"San Juan","middle",0.3995
"San Juan","middle",0.4784
"San Juan","middle",0.4384
"San Juan","middle",0.3993
"San Juan","middle",0.4588
"San Juan","middle",0.4676
"San Juan","middle",0.4706
"San Juan","middle",0.4379
"San Juan","middle",0.4765
"San Juan","middle",0.4937
"San Juan","middle",0.4869
"San Juan","middle",0.4414
"San Juan","middle",0.463
"San Juan","middle",0.4906
"San Juan","middle",0.5061
"San Juan","middle",0.4373
"San Juan","middle",0.477
"San Juan","middle",0.4388
"San Juan","middle",0.4289
"San Juan","middle",0.439
"San Juan","middle",0.4886
"San Juan","middle",0.4763
"San Juan","middle",0.4491
"San Juan","middle",0.4608
"San Juan","middle",0.421
"San Juan","middle",0.4036
"San Juan","middle",0.4643
"San Juan","middle",0.4746
"San Juan","middle",0.5107
"San Juan","middle",0.465
"San Juan","middle",0.4147
"San Juan","middle",0.4558
"San Juan","middle",0.4305
"San Juan","middle",0.5017
"San Juan","middle",0.4248
"San Juan","middle",0.489
"San Juan","middle",0.4589
"San Juan","middle",0.4829
"San Juan","middle",0.4814
"San Juan","middle",0.4127
"San Juan","middle",0.462
"San Juan","middle",0.4596
"San Juan","middle",0.5094
"San Juan","middle",0.3887
"San Juan","middle",0.4213
"San Juan","middle",0.4556
"San Juan","middle",0.4983
"San Juan","middle",0.3275
"San Juan","middle",0.4548
"San Juan","middle",0.4451
"San Juan","middle",0.4552
"San Juan","middle",0.4499
"San Juan","middle",0.4686
"San Juan","middle",0.4582
"San Juan","middle",0.4902
"San Juan","middle",0.4809
"San Juan","middle",0.3819
"San Juan","middle",0.4708
"San Juan","middle",0.419
"San Juan","middle",0.4483
"San Juan","middle",0.4685
"San Juan","middle",0.5221
"San Juan","middle",0.4779
"San Juan","middle",0.5012
"San Juan","middle",0.3685
"Formosa","outer",0.3971
"Formosa","outer",0.4387
"Formosa","outer",0.4037
"Formosa","outer",0.4025
"Formosa","outer",0.4176
"Formosa","outer",0.508
"Formosa","outer",0.422
"Formosa","outer",0.4319
"Formosa","outer",0.4378
"Formosa","outer",0.418
"Formosa","outer",0.4245
"Formosa","outer",0.4422
"Formosa","outer",0.4519
"Formosa","outer",0.5257
"Formosa","outer",0.4436
"Formosa","outer",0.4803
"Formosa","outer",0.4638
"Formosa","outer",0.3917
"Formosa","outer",0.4018
"Formosa","outer",0.4163
"Formosa","outer",0.4581
"Formosa","outer",0.4313
"Formosa","outer",0.4496
"Formosa","outer",0.4248
"Formosa","outer",0.3918
"Formosa","outer",0.448
"Formosa","outer",0.4119
"Formosa","outer",0.4382
"Formosa","outer",0.4841
"Formosa","outer",0.4342
"Formosa","outer",0.3783
"Formosa","outer",0.4512
"Formosa","outer",0.4206
"Formosa","outer",0.4792
"Formosa","outer",0.4767
"Formosa","outer",0.4691
"Formosa","outer",0.4626
"Formosa","outer",0.4722
"Formosa","outer",0.4668
"Formosa","outer",0.4076
"Formosa","outer",0.3798
"Formosa","outer",0.4655
"Formosa","outer",0.4836
"Formosa","outer",0.418
"Formosa","outer",0.4144
"Formosa","outer",0.4912
"Formosa","outer",0.4246
"Formosa","outer",0.4405
"Formosa","outer",0.4251
"Formosa","outer",0.4358
"Formosa","outer",0.4598
"Formosa","outer",0.4735
"Formosa","outer",0.396
"Formosa","outer",0.4317
"Formosa","outer",0.4595
"Formosa","outer",0.4082
"Formosa","outer",0.3378
"Formosa","outer",0.3515
"Formosa","outer",0.4259
"Formosa","outer",0.4333
"Formosa","outer",0.4547
"Formosa","outer",0.5001
"Formosa","outer",0.4391
"Formosa","outer",0.4604
"Formosa","outer",0.369
"Formosa","outer",0.3644
"Formosa","outer",0.4464
"Formosa","outer",0.3835
"Formosa","outer",0.4578
"Formosa","outer",0.4455
"Formosa","outer",0.3683
"Formosa","outer",0.4061
"Formosa","outer",0.4557
"Formosa","outer",0.359
"Formosa","outer",0.5005
"Formosa","outer",0.3994
"Formosa","outer",0.4782
"Formosa","outer",0.4617
"Formosa","outer",0.4158
"Formosa","outer",0.3683
"Formosa","outer",0.391
"Formosa","outer",0.4143
"Formosa","outer",0.4333
"Formosa","outer",0.459
"Formosa","outer",0.4271
"Formosa","outer",0.366
"Formosa","outer",0.4672
"Formosa","outer",0.4501
"Formosa","outer",0.3973
"Formosa","outer",0.3862
"Formosa","outer",0.466
"Formosa","outer",0.4489
"Formosa","outer",0.4617
"Formosa","outer",0.4309
"Formosa","outer",0.4365
"Formosa","outer",0.4579
"Formosa","outer",0.4078
"Formosa","outer",0.4538
"Formosa","outer",0.4512
"Formosa","outer",0.4867
"Formosa","outer",0.4403
"Formosa","outer",0.4671
"Formosa","outer",0.4672
"Formosa","outer",0.4404
"Formosa","outer",0.4281
"Formosa","outer",0.4997
"Formosa","outer",0.457
"Formosa","outer",0.4137
"Formosa","outer",0.4267
"Formosa","outer",0.417
"Formosa","outer",0.4727
"Formosa","outer",0.4903
"Formosa","outer",0.4764
"Formosa","outer",0.468
"Formosa","outer",0.3661
"Formosa","outer",0.487
"Formosa","outer",0.4883
"Formosa","outer",0.4415
"Formosa","outer",0.4985
"Formosa","outer",0.4051
"Formosa","outer",0.486
"Formosa","outer",0.3778
"Formosa","outer",0.4042
"Formosa","outer",0.4185
"Formosa","outer",0.472
"Formosa","outer",0.4477
"Formosa","outer",0.447
"Formosa","outer",0.4501
"Formosa","outer",0.497
"Formosa","outer",0.4229
"Formosa","outer",0.4021
"Formosa","outer",0.3691
"Formosa","outer",0.4257
"Formosa","outer",0.4117
"Formosa","outer",0.3611
"Formosa","outer",0.3842
"Formosa","outer",0.4944
"Formosa","outer",0.4227
"Formosa","outer",0.3951
"Formosa","outer",0.3671
"Formosa","outer",0.4228
"Formosa","outer",0.3495
"Formosa","outer",0.3437
"Formosa","outer",0.3613
"Formosa","outer",0.4713
"Formosa","outer",0.5104
"Formosa","outer",0.4674
"Formosa","outer",0.4691
"Formosa","outer",0.4339
"Formosa","outer",0.4228
"Formosa","outer",0.35
"Formosa","outer",0.4239
"Formosa","outer",0.4337
"Formosa","outer",0.4219
"Formosa","outer",0.447
"Formosa","outer",0.4088
"Formosa","outer",0.4742
"Formosa","outer",0.4198
"Formosa","outer",0.4786
"Formosa","outer",0.4186
"Formosa","outer",0.4114
"Formosa","outer",0.4005
"Formosa","outer",0.4304
"Formosa","outer",0.4073
"Formosa","outer",0.4533
"Formosa","outer",0.5628
"Formosa","outer",0.4251
"Formosa","outer",0.5013
"Formosa","outer",0.402
"Formosa","outer",0.3705
"Formosa","outer",0.4177
"Formosa","outer",0.3758
"Formosa","outer",0.457
"Formosa","outer",0.4712
"Formosa","outer",0.394
"Formosa","outer",0.4281
"Formosa","outer",0.394
"Formosa","outer",0.4229
"Formosa","outer",0.4159
"Formosa","outer",0.4598
"Formosa","outer",0.4083
"Formosa","outer",0.4225
"Formosa","outer",0.3902
"Formosa","outer",0.4568
"Formosa","outer",0.4719
"Formosa","outer",0.4561
"Formosa","outer",0.4421
"Formosa","outer",0.4183
"Formosa","outer",0.3843
"Formosa","outer",0.4941
"Formosa","outer",0.4326
"Formosa","outer",0.4425
"Formosa","outer",0.4209
"Formosa","outer",0.4975
"Formosa","outer",0.4227
"Formosa","outer",0.4649
"Formosa","outer",0.447
"Formosa","outer",0.3992
"Formosa","outer",0.4572
"Formosa","outer",0.489
"Formosa","outer",0.4676
"Formosa","outer",0.495
"Formosa","outer",0.4687
"Formosa","outer",0.4714
"Formosa","outer",0.4577
"Formosa","outer",0.4647
"Formosa","outer",0.4534
"Formosa","outer",0.3853
"Formosa","outer",0.4623
"Formosa","outer",0.4631
"Formosa","outer",0.3904
"Formosa","outer",0.3904
"Formosa","outer",0.3762
"Formosa","outer",0.3937
"Formosa","outer",0.4451
"Formosa","outer",0.5014
"Formosa","outer",0.431
"Formosa","outer",0.5042
"Formosa","outer",0.4022
"Formosa","outer",0.3934
"Formosa","outer",0.3944
"Formosa","outer",0.435
"Formosa","outer",0.4374
"Formosa","outer",0.3635
"Formosa","outer",0.4356
"Formosa","outer",0.4606
"Formosa","outer",0.4395
"Formosa","outer",0.4138
"Formosa","outer",0.4522
"Formosa","outer",0.4481
"Formosa","outer",0.3963
"Formosa","outer",0.4133
"Formosa","outer",0.4435
"Formosa","outer",0.433
"Formosa","outer",0.4677
"Formosa","outer",0.3521
"Formosa","outer",0.4659
"Formosa","outer",0.4653
"Formosa","outer",0.4591
"Formosa","outer",0.4331
"Formosa","outer",0.3717
"Formosa","outer",0.4013
"Formosa","outer",0.4187
"Formosa","outer",0.5037
"Formosa","outer",0.4247
"Formosa","outer",0.4457
"Formosa","outer",0.421
"Formosa","outer",0.4391
"Formosa","outer",0.461
"Formosa","outer",0.4633
"Formosa","outer",0.4887
"Formosa","outer",0.4114
"Formosa","outer",0.4231
"Formosa","outer",0.4614
"Formosa","outer",0.448
"Formosa","outer",0.4692
"Formosa","outer",0.4055
"Formosa","outer",0.4642
"Formosa","outer",0.4161
"Formosa","outer",0.3793
"Formosa","outer",0.4132
"Formosa","outer",0.4427
"Formosa","outer",0.4093
"Formosa","outer",0.4332
"Formosa","outer",0.421
"Formosa","outer",0.4444
"Formosa","outer",0.471
"Formosa","outer",0.4634
"Formosa","outer",0.4479
"Formosa","outer",0.4504
"Formosa","outer",0.4918
"Formosa","outer",0.4156
"Formosa","outer",0.473
"Formosa","outer",0.3823
"Formosa","outer",0.4385
"Formosa","outer",0.4442
"Formosa","outer",0.4339
"Formosa","outer",0.375
"Formosa","outer",0.3793
"Formosa","outer",0.4251
"Formosa","outer",0.4257
"Formosa","outer",0.3991
"Formosa","outer",0.4764
"Formosa","outer",0.4663
"Formosa","outer",0.4643
"Formosa","outer",0.4398
"Formosa","outer",0.4676
"Formosa","outer",0.4983
"Formosa","outer",0.4564
"Formosa","outer",0.4402
"Formosa","outer",0.4478
"Formosa","outer",0.4828
"Formosa","outer",0.4803
"Formosa","outer",0.4078
"Formosa","outer",0.4295
"Formosa","outer",0.4226
"Formosa","outer",0.4708
"Formosa","outer",0.432
"Formosa","outer",0.4335
"Formosa","outer",0.3986
