organismo,fecha_acta,fecha_envio-onc,descripcion,ccoo,planilla-adjunta,acto-administrativo
Dirección Nacional de Migraciones,2020-03-20,2020-04-29,"Comunicación Oficial enviada por la Dirección Nacional de Migraciones con el detalle del procedimiento COVID-19 N° 01/2020, planilla adjunta y acto administrativo.",https://www.argentina.gob.ar/sites/default/files/no-2020-28807945-apn-dcpysdnm.pdf,https://www.argentina.gob.ar/sites/default/files/planilla_no-2020-28807945-apn-dcpysdnm.xlsx,https://www.argentina.gob.ar/sites/default/files/di-2020-18848230-apn-dnmmi.pdf
Dirección Nacional de Migraciones,2020-03-25,2020-04-29,"Comunicación Oficial enviada por la Dirección Nacional de Migraciones con el detalle del procedimiento COVID-19 N° 02/2020, planilla adjunta y acto administrativo.",https://www.argentina.gob.ar/sites/default/files/no-2020-28807945-apn-dcpysdnm.pdf,https://www.argentina.gob.ar/sites/default/files/planilla_no-2020-28807945-apn-dcpysdnm.xlsx,https://www.argentina.gob.ar/sites/default/files/di-2020-19172904-apn-dnmmi.pdf
Dirección Nacional de Migraciones,2020-03-25,2020-04-29,"Comunicación Oficial enviada por la Dirección Nacional de Migraciones con el detalle del procedimiento COVID-19 N° 03/2020, planilla adjunta y acto administrativo.",https://www.argentina.gob.ar/sites/default/files/no-2020-28807945-apn-dcpysdnm.pdf,https://www.argentina.gob.ar/sites/default/files/planilla_no-2020-28807945-apn-dcpysdnm.xlsx,https://www.argentina.gob.ar/sites/default/files/di-2020-19172222-apn-dnmmi.pdf
Ejército Argentino,2020-04-07,2020-05-02,"Comunicación Oficial enviada por el Ejército Argentino con el detalle del procedimiento  COVID-19 Nº 02/2020, planilla adjunta y acto administrativo.",https://www.argentina.gob.ar/sites/default/files/no-2020-29441143-apn-dgsea.pdf,https://www.argentina.gob.ar/sites/default/files/planilla_no-2020-29441143-apn-dgsea.xlsx,https://www.argentina.gob.ar/sites/default/files/rs-2020-28760575-apn-dgsea.pdf
Ejército Argentino,2020-03-28,2020-05-05,"Comunicación Oficial enviada por el Hospital Militar - Ejército Argentino con el detalle del procedimiento  COVID-19 Nº 01/2020, planilla adjunta y acto administrativo.",https://www.argentina.gob.ar/sites/default/files/no-2020-29924828-apn-hmcea.pdf,https://www.argentina.gob.ar/sites/default/files/planilla_no-2020-29924828-apn-hmcea.xlsx,https://www.argentina.gob.ar/sites/default/files/rs-2020-19548167-apn-hmcea.pdf
Ejército Argentino,2020-03-28,2020-05-05,"Comunicación Oficial enviada por el Hospital Militar - Ejército Argentino con el detalle del procedimiento  COVID-19 Nº 02/2020, planilla adjunta y acto administrativo.",https://www.argentina.gob.ar/sites/default/files/no-2020-29924828-apn-hmcea.pdf,https://www.argentina.gob.ar/sites/default/files/planilla_no-2020-29924828-apn-hmcea.xlsx,https://www.argentina.gob.ar/sites/default/files/rs-2020-19547565-apn-hmcea.pdf
Ejército Argentino,2020-03-28,2020-05-05,"Comunicación Oficial enviada por el Hospital Militar - Ejército Argentino con el detalle del procedimiento  COVID-19 Nº 03/2020, planilla adjunta y acto administrativo.",https://www.argentina.gob.ar/sites/default/files/no-2020-29924828-apn-hmcea.pdf,https://www.argentina.gob.ar/sites/default/files/planilla_no-2020-29924828-apn-hmcea.xlsx,https://www.argentina.gob.ar/sites/default/files/rs-2020-19547795-apn-hmcea.pdf
Ejército Argentino,2020-03-28,2020-05-05,"Comunicación Oficial enviada por el Hospital Militar - Ejército Argentino con el detalle del procedimiento COVID-19 Nº 04/2020, planilla adjunta y acto administrativo.",https://www.argentina.gob.ar/sites/default/files/no-2020-29924828-apn-hmcea.pdf,https://www.argentina.gob.ar/sites/default/files/planilla_no-2020-29924828-apn-hmcea.xlsx,https://www.argentina.gob.ar/sites/default/files/rs-2020-19548353-apn-hmcea.pdf
Ejército Argentino,N/A,2020-05-06,Comunicación Oficial enviada por la Dirección General de Educación - Ejército Argentino informando que no realizaron procedimientos de emergencia a la fecha. ,https://www.argentina.gob.ar/sites/default/files/no-2020-30214908-apn-dgeea.pdf,,
Ministerio de Ambiente y Desarrollo Sostenible,2020-03-25,2020-05-06,"Comunicación Oficial enviada por el Ministerio de Ambiente y Desarrollo Sostenible con el detalle del procedimiento COVID-19 Nº1/2020, planilla adjunta (reenviada en ME-2020-35966120-APN-DCCPYS#MAD) y acto administrativo.",https://www.argentina.gob.ar/sites/default/files/me-2020-30194218-apn-dccpysmad.pdf,https://www.argentina.gob.ar/sites/default/files/planilla_mad_covid-19_n1-2020.xlsx,https://www.argentina.gob.ar/sites/default/files/di-2020-18849347-apn-ssgamad.pdf
Ministerio de Ambiente y Desarrollo Sostenible,2020-04-21,2020-05-06,"Comunicación Oficial enviada por el Ministerio de Ambiente y Desarrollo Sostenible con el detalle del procedimiento COVID-19 Nº2/2020, planilla adjunta (reenviada en ME-2020-35966120-APN-DCCPYS#MAD) y acto administrativo.",https://www.argentina.gob.ar/sites/default/files/me-2020-30194218-apn-dccpysmad.pdf,https://www.argentina.gob.ar/sites/default/files/planilla_mad_covid-19_n2-2020.xlsx,https://www.argentina.gob.ar/sites/default/files/di-2020-28432065-apn-ssgamad.pdf
Ministerio de Cultura,2020-03-31,2020-05-06,"Comunicación Oficial enviada por el Ministerio de Cultura con el detalle del procedimiento COVID-19 N.º 001/2020, planilla adjunta (reenviada en NO-2020-36202038-APN-DCYC#MC) y acto administrativo.",https://www.argentina.gob.ar/sites/default/files/no-2020-30230424-apn-dcycmc.pdf,https://www.argentina.gob.ar/sites/default/files/covid_n0001-20.xlsx,https://www.argentina.gob.ar/sites/default/files/rs-2020-22311785-apn-mc.pdf
Ministerio de Cultura,2020-04-13,2020-05-06,"Comunicación Oficial enviada por el Ministerio de Cultura con el detalle del procedimiento COVID-19 N.º 002/2020, planilla adjunta (reenviada en NO-2020-36202038-APN-DCYC#MC) y acto administrativo",https://www.argentina.gob.ar/sites/default/files/no-2020-30230424-apn-dcycmc.pdf,https://www.argentina.gob.ar/sites/default/files/covid_n0002-20.xlsx,https://www.argentina.gob.ar/sites/default/files/rs-2020-28434765-apn-mc.pdf
Ministerio de Cultura,2020-04-18,2020-05-06,"Comunicación Oficial enviada por el Ministerio de Cultura con el detalle del procedimiento COVID-19 N.º 003/2020, planilla adjunta (reenviada en NO-2020-36202038-APN-DCYC#MC) y acto administrativo.",https://www.argentina.gob.ar/sites/default/files/no-2020-30230424-apn-dcycmc.pdf,https://www.argentina.gob.ar/sites/default/files/covid_n_0003-20.xlsx,https://www.argentina.gob.ar/sites/default/files/rs-2020-27293179-apn-mc.pdf
"Ministerio de Relaciones Exteriores, Comercio Internacional y Culto",2020-03-30,2020-04-30,"Comunicación Oficial enviada por el Ministerio de Relaciones Exteriores, Comercio Internacional y Culto con el detalle del procedimiento COVID-19 N° 01/2020, planilla adjunta y acto administrativo.",https://www.argentina.gob.ar/sites/default/files/no-2020-29202925-apn-dcycmre.pdf,https://www.argentina.gob.ar/sites/default/files/planilla_no-2020-29202925-apn-dcycmre.xlsx,https://www.argentina.gob.ar/sites/default/files/rs-2020-22004849-apn-seccypemre.pdf
Ministerio de Salud,2020-04-08,2020-05-05,"Comunicación Oficial enviada por el Instituto Nacional de Rehabilitación Psicofísica del Sur - Ministerio de Salud con el detalle del procedimiento COVID-19 Nº 01/2020, planilla adjunta y acto administrativo.",https://www.argentina.gob.ar/sites/default/files/no-2020-29968111-apn-inarepsms.pdf,https://www.argentina.gob.ar/sites/default/files/planilla_no-2020-29968111-apn-inarepsms.xlsx,https://www.argentina.gob.ar/sites/default/files/di-2020-25674032-apn-inarepsms.pdf
Ministerio de Salud,2020-01-31,2020-05-05,"Comunicación Oficial enviada por el Administración Nacional de Laboratorios e Institutos de Salud ""DR. CARLOS G. MALBRAN"" con el detalle del procedimiento COMPR.AR 68-0005-CDI20, planilla adjunta y acto administrativo.",https://www.argentina.gob.ar/sites/default/files/no-2020-29979092-apn-dacmysganlis.pdf,https://www.argentina.gob.ar/sites/default/files/planilla_no-2020-29979092-apn-dacmysganlis_1.xlsx,https://www.argentina.gob.ar/sites/default/files/di-2020-07425504-apn-anlisms.pdf
Ministerio de Salud,2020-03-11,2020-05-05,"Comunicación Oficial enviada por el Administración Nacional de Laboratorios e Institutos de Salud ""DR. CARLOS G. MALBRAN"" con el detalle del procedimiento COMPR.AR 68-0030-CDI20, planilla adjunta y acto administrativo.",https://www.argentina.gob.ar/sites/default/files/no-2020-29979092-apn-dacmysganlis.pdf,https://www.argentina.gob.ar/sites/default/files/planilla_no-2020-29979092-apn-dacmysganlis_2.xlsx,https://www.argentina.gob.ar/sites/default/files/di-2020-16896767-apn-anlisms.pdf
Ministerio de Salud,2020-03-20,2020-05-05,"Comunicación Oficial enviada por el Administración Nacional de Laboratorios e Institutos de Salud ""DR. CARLOS G. MALBRAN"" con el detalle del procedimiento COMPR.AR 68-0034-CDI20, planilla adjunta y acto administrativo.",https://www.argentina.gob.ar/sites/default/files/no-2020-29979092-apn-dacmysganlis.pdf,https://www.argentina.gob.ar/sites/default/files/planilla_no-2020-29979092-apn-dacmysganlis_3.xlsx,https://www.argentina.gob.ar/sites/default/files/di-2020-18384975-apn-anlisms.pdf
Ministerio de Salud,2020-03-20,2020-05-05,"Comunicación Oficial enviada por el Administración Nacional de Laboratorios e Institutos de Salud ""DR. CARLOS G. MALBRAN"" con el detalle del procedimiento COMPR.AR 68-0035-CDI20, planilla adjunta y acto administrativo.",https://www.argentina.gob.ar/sites/default/files/no-2020-29979092-apn-dacmysganlis.pdf,https://www.argentina.gob.ar/sites/default/files/planilla_no-2020-29979092-apn-dacmysganlis_4.xlsx,https://www.argentina.gob.ar/sites/default/files/di-2020-18384590-apn-anlisms.pdf
Ministerio de Salud,2020-04-06,2020-05-05,"Comunicación Oficial enviada por el Administración Nacional de Laboratorios e Institutos de Salud ""DR. CARLOS G. MALBRAN"" con el detalle del procedimiento COVID-19 Nº 001/2020, planilla adjunta y acto administrativo.",https://www.argentina.gob.ar/sites/default/files/no-2020-29979092-apn-dacmysganlis.pdf,https://www.argentina.gob.ar/sites/default/files/planilla_no-2020-29979092-apn-dacmysganlis_5.xlsx,https://www.argentina.gob.ar/sites/default/files/di-2020-26231378-apn-anlisms.pdf
Ministerio de Salud,2020-04-24,2020-05-05,"Comunicación Oficial enviada por el Administración Nacional de Laboratorios e Institutos de Salud ""DR. CARLOS G. MALBRAN"" con el detalle del procedimiento COVID-19 Nº 002/2020, planilla adjunta y acto administrativo.",https://www.argentina.gob.ar/sites/default/files/no-2020-29979092-apn-dacmysganlis.pdf,https://www.argentina.gob.ar/sites/default/files/planilla_no-2020-29979092-apn-dacmysganlis_6.xlsx,https://www.argentina.gob.ar/sites/default/files/di-2020-28338856-apn-anlisms.pdf
Ministerio del Interior,2020-03-20,2020-04-30,"Comunicación Oficial enviada por el Ministerio del Interior con el detalle del procedimiento COMPR.AR 81-0007-CDI20, planilla adjunta y acto administrativo.",https://www.argentina.gob.ar/sites/default/files/no-2020-29203654-apn-dgsafmi.pdf,https://www.argentina.gob.ar/sites/default/files/planilla_no-2020-29203654-apn-dgsafmi_1.xlsx,https://www.argentina.gob.ar/sites/default/files/rs-2020-26205478-apn-mi.pdf
Ministerio del Interior,2020-04-08,2020-04-30,Comunicación Oficial enviada por el Ministerio del Interior con el detalle del procedimiento COMPR.AR 81-0008-CDI20 y planilla adjunta,https://www.argentina.gob.ar/sites/default/files/no-2020-29203654-apn-dgsafmi.pdf,https://www.argentina.gob.ar/sites/default/files/planilla_no-2020-29203654-apn-dgsafmi_2.xlsx,
Superintendencia de Servicios de Salud,2020-03-12,2020-04-28,"Comunicación Oficial enviada por la Superintendencia de Servicios de Salud con el detalle del procedimiento COMPR.AR 71-0012-CDI20, planilla adjunta y acto administrativo.",https://www.argentina.gob.ar/sites/default/files/no-2020-28604082-apn-ccypsss.pdf,https://www.argentina.gob.ar/sites/default/files/planilla_no-2020-28604082-apn-ccypsss.xlsx,https://www.argentina.gob.ar/sites/default/files/di-2020-17597455-apn-gasss.pdf
Ministerio de Salud,2020-04-20,2020-05-07,"Comunicación Oficial enviada por el Instituto Nacional de Rehabilitación Psicofísica del Sur - Ministerio de Salud con el detalle del procedimiento COVID-19 Nº 02/2020, planilla adjunta y acto administrativo.",https://www.argentina.gob.ar/sites/default/files/no-2020-30457391-apn-inarepsms.pdf,https://www.argentina.gob.ar/sites/default/files/planilla_no-2020-30457391-apn-inarepsms_1.xlsx,https://www.argentina.gob.ar/sites/default/files/di-2020-27216753-apn-inarepsms.pdf
Ministerio de Salud,2020-04-21,2020-05-07,"Comunicación Oficial enviada por el Instituto Nacional de Rehabilitación Psicofísica del Sur - Ministerio de Salud con el detalle del procedimiento COVID-19 Nº 03/2020, planilla adjunta y acto administrativo.",https://www.argentina.gob.ar/sites/default/files/no-2020-30457391-apn-inarepsms.pdf,https://www.argentina.gob.ar/sites/default/files/planilla_no-2020-30457391-apn-inarepsms_2.xlsx,https://www.argentina.gob.ar/sites/default/files/di-2020-27431614-apn-inarepsms.pdf
Ministerio de Salud,2020-04-22,2020-05-07,"Comunicación Oficial enviada por el Instituto Nacional de Rehabilitación Psicofísica del Sur - Ministerio de Salud con el detalle del procedimiento COVID-19 Nº 04/2020, planilla adjunta y acto administrativo.",https://www.argentina.gob.ar/sites/default/files/no-2020-30457391-apn-inarepsms.pdf,https://www.argentina.gob.ar/sites/default/files/planilla_no-2020-30457391-apn-inarepsms_3.xlsx,https://www.argentina.gob.ar/sites/default/files/di-2020-27670846-apn-inarepsms.pdf
Ministerio de Salud,2020-04-24,2020-05-07,"Comunicación Oficial enviada por el Instituto Nacional de Rehabilitación Psicofísica del Sur - Ministerio de Salud con el detalle del procedimiento COVID-19 Nº 05/2020, planilla adjunta y acto administrativo.",https://www.argentina.gob.ar/sites/default/files/no-2020-30457391-apn-inarepsms.pdf,https://www.argentina.gob.ar/sites/default/files/planilla_no-2020-30457391-apn-inarepsms_4.xlsx,https://www.argentina.gob.ar/sites/default/files/di-2020-28173884-apn-inarepsms.pdf
Ministerio de Salud,2020-04-27,2020-05-07,"Comunicación Oficial enviada por el Instituto Nacional de Rehabilitación Psicofísica del Sur - Ministerio de Salud con el detalle del procedimiento COVID-19 Nº 06/2020, planilla adjunta y acto administrativo.",https://www.argentina.gob.ar/sites/default/files/no-2020-30457391-apn-inarepsms.pdf,https://www.argentina.gob.ar/sites/default/files/planilla_no-2020-30457391-apn-inarepsms_5.xlsx,https://www.argentina.gob.ar/sites/default/files/di-2020-28769498-apn-inarepsms.pdf
Superintendencia de Riesgos del Trabajo,2020-04-21,2020-05-07,"Comunicación Oficial enviada por la Superintendencia de Riesgos del Trabajo con el detalle del procedimiento COMPR.AR 64-0008-CDI20, planilla adjunta y acto administrativo.",https://www.argentina.gob.ar/sites/default/files/no-2020-30591958-apn-sfsrt.pdf,https://www.argentina.gob.ar/sites/default/files/planilla_no-2020-30591958-apn-sfsrt.xlsx,https://www.argentina.gob.ar/sites/default/files/rs-2020-30341455-apn-srtmt.pdf
Ejército Argentino,N/A,2020-05-08,Comunicación Oficial enviada por la Agrupación de Artillería Antiaérea del Ejército 601 – Escuela - Ejército Argentino informando que no realizaron procedimientos de emergencia a la fecha. ,https://www.argentina.gob.ar/sites/default/files/no-2020-30749509-apn-aaaeea.pdf,,
Ejército Argentino,N/A,2020-05-08,Comunicación Oficial enviada por el Comando de la Guarnición Militar Buenos Aires - Ejército Argentino informando que no realizaron procedimientos de emergencia a la fecha. ,https://www.argentina.gob.ar/sites/default/files/no-2020-30802349-apn-cgmbaea.pdf,,
Ejército Argentino,N/A,2020-05-08,Comunicación Oficial enviada por el Comando de Brigada de Monte III - Ejército Argentino informando que no realizaron procedimientos de emergencia a la fecha. ,https://www.argentina.gob.ar/sites/default/files/no-2020-30809845-apn-cbmiiiea.pdf,,
Ejército Argentino,2020-04-14,2020-05-11,"Comunicación Oficial enviada por el Hospital Militar - Ejército Argentino con el detalle del procedimiento COVID-19 Nº 05/2020, planilla adjunta y acto administrativo.",https://www.argentina.gob.ar/sites/default/files/no-2020-31220880-apn-hmcea.pdf,https://www.argentina.gob.ar/sites/default/files/planilla_no-2020-31220880-apn-hmcea.xlsx,https://www.argentina.gob.ar/sites/default/files/rs-2020-30469849-apn-hmcea.pdf
Ejército Argentino,2020-04-21,2020-05-11,"Comunicación Oficial enviada por el Hospital Militar - Ejército Argentino con el detalle del procedimiento COVID-19 Nº 07/2020, planilla adjunta y acto administrativo.",https://www.argentina.gob.ar/sites/default/files/no-2020-31220880-apn-hmcea.pdf,https://www.argentina.gob.ar/sites/default/files/planilla_no-2020-31220880-apn-hmcea.xlsx,https://www.argentina.gob.ar/sites/default/files/rs-2020-30092121-apn-hmcea.pdf
Ministerio de Educación,2020-03-26,2020-05-11,"Comunicación Oficial enviada por el Ministerio de Educación con el detalle del procedimiento COMPR.AR 82-0007-CDI20, planilla adjunta y acto administrativo.",https://www.argentina.gob.ar/sites/default/files/no-2020-31228741-apn-dcmemeccyt.pdf,https://www.argentina.gob.ar/sites/default/files/planilla_no-2020-31228741-apn-dcmemeccyt_1.xlsx,https://www.argentina.gob.ar/sites/default/files/rs-2020-19408095-apn-me.pdf
Ministerio de Educación,2020-04-15,2020-05-11,"Comunicación Oficial enviada por el Ministerio de Educación con el detalle del procedimiento COMPR.AR 82-0009-CDI20, planilla adjunta y acto administrativo.",https://www.argentina.gob.ar/sites/default/files/no-2020-31228741-apn-dcmemeccyt.pdf,https://www.argentina.gob.ar/sites/default/files/planilla_no-2020-31228741-apn-dcmemeccyt_1.xlsx,https://www.argentina.gob.ar/sites/default/files/rs-2020-26318599-apn-me.pdf
Ministerio de Educación,2020-04-08,2020-05-11,"Comunicación Oficial enviada por el Ministerio de Educación con el detalle del procedimiento COMPR.AR 82-0006-CDI20, planilla adjunta y acto administrativo.",https://www.argentina.gob.ar/sites/default/files/no-2020-31228741-apn-dcmemeccyt.pdf,https://www.argentina.gob.ar/sites/default/files/planilla_no-2020-31228741-apn-dcmemeccyt_1.xlsx,https://www.argentina.gob.ar/sites/default/files/rs-2020-25155186-apn-me.pdf
Ministerio de Educación,2020-04-30,2020-05-11,"Comunicación Oficial enviada por el Ministerio de Educación con el detalle del procedimiento COMPR.AR 82-0011-CDI20, planilla adjunta y acto administrativo.",https://www.argentina.gob.ar/sites/default/files/no-2020-31228741-apn-dcmemeccyt.pdf,https://www.argentina.gob.ar/sites/default/files/planilla_no-2020-31228741-apn-dcmemeccyt_2.xlsx,https://www.argentina.gob.ar/sites/default/files/rs-2020-29468928-apn-me.pdf
Superintendencia de Riesgos del Trabajo,2020-04-22,2020-05-12,"Comunicación Oficial enviada por la Superintendencia de Riesgos del Trabajo con el detalle del procedimiento COMPR.AR 64-0009-CDI20, planilla adjunta y acto administrativo.",https://www.argentina.gob.ar/sites/default/files/no-2020-31514436-apn-sfsrt.pdf,https://www.argentina.gob.ar/sites/default/files/planilla_no-2020-31514436-apn-sfsrt.xlsx,https://www.argentina.gob.ar/sites/default/files/rs-2020-30953940-apn-srtmt.pdf
Ministerio de Salud,2020-04-08,2020-05-12,"Comunicación Oficial enviada por la Colonia Nacional Montes de Oca - Ministerio de Salud con el detalle del procedimiento COVID-19 Nº 02/2020, planilla adjunta y acto administrativo.",https://www.argentina.gob.ar/sites/default/files/no-2020-31490424-apn-dtacnmo.pdf,https://www.argentina.gob.ar/sites/default/files/planilla_no-2020-31490424-apn-dtacnmo.xlsx,https://www.argentina.gob.ar/sites/default/files/rs-2020-30022349-apn-dcnmo.pdf
Ministerio de Salud,2020-04-22,2020-05-12,"Comunicación Oficial enviada por la Colonia Nacional Montes de Oca - Ministerio de Salud con el detalle del procedimiento COVID-19 Nº 04/2020, planilla adjunta y acto administrativo.",https://www.argentina.gob.ar/sites/default/files/no-2020-31492602-apn-dtacnmo.pdf,https://www.argentina.gob.ar/sites/default/files/planilla_no-2020-31492602-apn-dtacnmo.xlsx,https://back.argentina.gob.ar/sites/default/files/rs-2020-30023196-apn-dcnmo.pdf
Estado Mayor Conjunto de las Fuerzas Armadas,2020-03-26,2020-05-14,"Comunicación Oficial enviada por el Estado Mayor Conjunto de las Fuerzas Armadas con el detalle del procedimiento COMPR.AR 72-0005-CDI20, planilla adjunta y acto administrativo.",https://www.argentina.gob.ar/sites/default/files/no-2020-32031338-apn-dafemco.pdf,https://www.argentina.gob.ar/sites/default/files/planilla_no-2020-32031338-apn-dafemco_1.xlsx,https://www.argentina.gob.ar/sites/default/files/rs-2020-23893360-apn-emcomd.pdf
Estado Mayor Conjunto de las Fuerzas Armadas,2020-03-26,2020-05-14,"Comunicación Oficial enviada por el Estado Mayor Conjunto de las Fuerzas Armadas con el detalle del procedimiento COMPR.AR 72-0006-CDI20, planilla adjunta y acto administrativo.",https://www.argentina.gob.ar/sites/default/files/no-2020-32031338-apn-dafemco.pdf,https://www.argentina.gob.ar/sites/default/files/planilla_no-2020-32031338-apn-dafemco_2.xlsx,https://ww.argentina.gob.ar/sites/default/files/rs-2020-23580305-apn-emcomd.pdf
Gendarmería Nacional Argentina,2020-04-08,2020-05-14,"Comunicación Oficial enviada por la Gendarmería Nacional Argentina con el detalle del procedimiento COVID-19 Nº02/2020, planilla adjunta y acto administrativo.",https://www.argentina.gob.ar/sites/default/files/no-2020-32175194-apn-esjachalgna.pdf,https://www.argentina.gob.ar/sites/default/files/planilla_no-2020-32175194-apn-esjachalgna.xlsx,https://www.argentina.gob.ar/sites/default/files/acto-2020-31951578-apn-agrujuangna.pdf
Instituto de Ayuda Financiera para Pago de Retiros y Pensiones Militares,2020-05-08,2020-05-18,"Comunicación Oficial enviada por el Instituto de Ayuda Financiera para Pago de Retiros y Pensiones Militares con el detalle del procedimiento COVID-19 Nº1/2020, planilla adjunta y acto administrativo.",https://www.argentina.gob.ar/sites/default/files/no-2020-32678109-apn-deiaf.pdf,https://www.argentina.gob.ar/sites/default/files/planilla_no-2020-32678109-apn-deiaf.xlsx,https://www.argentina.gob.ar/sites/default/files/di-2020-32366198-apn-diriaf.pdf
Fundación Miguel Lillo,2020-04-29,2020-05-19,"Comunicación Oficial enviada por la Fundación Miguel Lillo con el detalle del procedimiento COMPR.AR 98-0013-CDI20, planilla adjunta y acto administrativo.",https://www.argentina.gob.ar/sites/default/files/no-2020-32892465-apn-dafmlcav.pdf,https://www.argentina.gob.ar/sites/default/files/planilla_no-2020-32892465-apn-dafmlcav.xlsx,https://www.argentina.gob.ar/sites/default/files/rs-2020-32261955-apn-fmlcavme.pdf
Ministerio de Salud,2020-05-08,2020-05-19,"Comunicación Oficial enviada por el Instituto Nacional de Rehabilitación Psicofísica del Sur - Ministerio de Salud con el detalle del procedimiento COVID-19 Nº 07/2020, planilla adjunta y acto administrativo.",https://www.argentina.gob.ar/sites/default/files/no-2020-32901056-apn-inarepsms.pdf,https://www.argentina.gob.ar/sites/default/files/planilla_no-2020-32901056-apn-inarepsms.xlsx,https://www.argentina.gob.ar/sites/default/files/di-2020-31717145-apn-inarepsms.pdf
"Ministerio de Trabajo, Empleo y Seguridad Social",2020-04-15,2020-05-19,"Comunicación Oficial enviada por el Ministerio de Trabajo, Empleo y Seguridad Social con el detalle del procedimiento COMPR.AR 33-0003-CDI20, planilla adjunta y acto administrativo.",https://www.argentina.gob.ar/sites/default/files/no-2020-33013915-apn-dcpmt.pdf,https://www.argentina.gob.ar/sites/default/files/planilla_no-2020-33013915-apn-dcpmt.xlsx,https://www.argentina.gob.ar/sites/default/files/rs-2020-28478692-apn-mt.pdf
"Caja de Retiros, Jubilaciones y Pensiones de la Policía Federal",2020-04-27,2020-05-20,"Comunicación Oficial enviada por la Caja de Retiros, Jubilaciones y Pensiones de la Policía Federal con el detalle del procedimiento COVID-19 Nº1/2020, planilla adjunta y acto administrativo.",https://www.argentina.gob.ar/sites/default/files/no-2020-33195506-apn-dacrjyppf.pdf,https://www.argentina.gob.ar/sites/default/files/planilla_no-2020-33195506-apn-dacrjyppf.xlsx,https://www.argentina.gob.ar/sites/default/files/di-2020-32423380-apn-dgocrjyppf.pdf
Ministerio de Economía,2020-04-13,2020-05-21,"Comunicación Oficial enviada por el Ministerio de Economía con el detalle del procedimiento COVID-19 Nº1/2020, planilla adjunta y acto administrativo.",https://www.argentina.gob.ar/sites/default/files/no-2020-33408256-apn-dcpysmec.pdf,https://www.argentina.gob.ar/sites/default/files/planilla_no-2020-33408256-apn-dcpysmec.xlsx,https://www.argentina.gob.ar/sites/default/files/di-2020-32807058-apn-dgamha.pdf
Armada Argentina,2020-04-21,2020-05-21,"Comunicación Oficial enviada por la Armada Argentina con el detalle del procedimiento COVID-19 Nº001-2020, planilla adjunta y acto administrativo.",https://www.argentina.gob.ar/sites/default/files/no-2020-33504535-apn-bnpbara.pdf,https://www.argentina.gob.ar/sites/default/files/planilla_no-2020-33504535-apn-bnpbara.xlsx,https://www.argentina.gob.ar/sites/default/files/di-2020-33049009-apn-coaaara.pdf
Secretaría de Medios y Comunicación Pública,2020-05-08,2020-05-21,"Comunicación Oficial enviada por la Secretaría de Medios y Comunicación Pública de la Jefatura de Gabinete de Ministros con el detalle del procedimiento COMPR.AR 457-0002-CDI20, planilla adjunta y acto administrativo.",https://www.argentina.gob.ar/sites/default/files/no-2020-33584997-apn-dcmyctjgm.pdf,https://www.argentina.gob.ar/sites/default/files/planilla_no-2020-33584997-apn-dcmyctjgm.xlsx,https://www.argentina.gob.ar/sites/default/files/rs-2020-31838796-apn-smycpjgm.pdf
Ministerio de Educación,2020-05-05,2020-05-21,"Comunicación Oficial enviada por el Ministerio de Educación con el detalle del procedimiento COMPR.AR 82-0012-CDI20, planilla adjunta y acto administrativo.",https://www.argentina.gob.ar/sites/default/files/no-2020-33618425-apn-dcmemeccyt.pdf,https://www.argentina.gob.ar/sites/default/files/planilla_no-2020-33618425-apn-dcmemeccyt_1.xlsx,https://www.argentina.gob.ar/sites/default/files/rs-2020-31636237-apn-me.pdf
Ministerio de Educación,2020-04-29,2020-05-21,"Comunicación Oficial enviada por el Ministerio de Educación con el detalle del procedimiento COMPR.AR 82-0010-CDI20, planilla adjunta y acto administrativo.",https://www.argentina.gob.ar/sites/default/files/no-2020-33618425-apn-dcmemeccyt.pdf,https://www.argentina.gob.ar/sites/default/files/planilla_no-2020-33618425-apn-dcmemeccyt_2.xlsx,https://www.argentina.gob.ar/sites/default/files/rs-2020-31922996-apn-me.pdf
Armada Argentina,2020-04-21,2020-05-21,"Comunicación Oficial enviada por la Armada Argentina con el detalle del procedimiento COVID-19 Nº002-2020, planilla adjunta y acto administrativo.",https://www.argentina.gob.ar/sites/default/files/no-2020-33619786-apn-cofmara.pdf,https://www.argentina.gob.ar/sites/default/files/planilla_no-2020-33619786-apn-cofmara_1.xlsx,https://www.argentina.gob.ar/sites/default/files/di-2020-28166834-apn-cofmara.pdf
Armada Argentina,2020-04-21,2020-05-21,"Comunicación Oficial enviada por la Armada Argentina con el detalle del procedimiento COVID-19 Nº003-2020, planilla adjunta y acto administrativo.",https://www.argentina.gob.ar/sites/default/files/no-2020-33619786-apn-cofmara.pdf,https://www.argentina.gob.ar/sites/default/files/planilla_no-2020-33619786-apn-cofmara_2.xlsx,https://www.argentina.gob.ar/sites/default/files/di-2020-28167803-apn-cofmara.pdf
Ministerio de Salud,2020-05-08,2020-05-22,"Comunicación Oficial enviada por el Instituto Nacional de Rehabilitación Psicofísica del Sur - Ministerio de Salud con el detalle del procedimiento COMPR.AR 88-0009-CDI20, planilla adjunta y acto administrativo.",https://www.argentina.gob.ar/sites/default/files/no-2020-33771955-apn-inarepsms.pdf,https://www.argentina.gob.ar/sites/default/files/planilla_no-2020-33771955-apn-inarepsms_1.xlsx,https://www.argentina.gob.ar/sites/default/files/di-2020-31985611-apn-inarepsms.pdf
Ministerio de Salud,2020-05-07,2020-05-22,"Comunicación Oficial enviada por el Instituto Nacional de Rehabilitación Psicofísica del Sur - Ministerio de Salud con el detalle del procedimiento COMPR.AR 88-0010-CDI20, planilla adjunta y acto administrativo.",https://www.argentina.gob.ar/sites/default/files/no-2020-33771955-apn-inarepsms.pdf,https://www.argentina.gob.ar/sites/default/files/planilla_no-2020-33771955-apn-inarepsms_2.xlsx,https://www.argentina.gob.ar/sites/default/files/di-2020-32256366-apn-inarepsms.pdf
Universidad Nacional de La Matanza,2020-04-27,2020-05-22,Planilla enviada por la Universidad Nacional de La Matanza con el detalle del procedimiento COVID-19 Nº21-2020,,https://www.argentina.gob.ar/sites/default/files/planilla_expte_264-20_universidad_naciona_de_la_matanza.xlsx,https://www.argentina.gob.ar/sites/default/files/disposicion_109-2020_unlm.pdf
Armada Argentina,2020-04-30,2020-05-22,"Comunicación Oficial enviada por la Armada Argentina con el detalle del procedimiento COMPR.AR 38/38-0051-CDI20, planilla adjunta y acto administrativo.",https://www.argentina.gob.ar/sites/default/files/no-2020-33832386-apn-dgsaara.pdf,https://www.argentina.gob.ar/sites/default/files/planilla_no-2020-33832386-apn-dgsaara.xlsx,https://www.argentina.gob.ar/sites/default/files/di-2020-32053959-apn-dgsaara.pdf
Armada Argentina,2020-04-30,2020-05-22,"Comunicación Oficial enviada por la Armada Argentina con el detalle del procedimiento COMPR.AR 38/38-0052-CDI20, planilla adjunta y acto administrativo.",https://www.argentina.gob.ar/sites/default/files/no-2020-33833882-apn-dgsaara.pdf,https://www.argentina.gob.ar/sites/default/files/planilla_no-2020-33833882-apn-dgsaara.xlsx,https://www.argentina.gob.ar/sites/default/files/di-2020-32054291-apn-dgsaara.pdf
Ministerio de Desarrollo Social,2020-04-29,2020-06-04,"Comunicación Oficial rectificatoria enviada por el Ministerio de Desarrollo Social con el detalle del procedimiento COMPR.AR 95-0015-CDI20 / COVID-19 N°08/2020, planilla adjunta y acto administrativo.",https://www.argentina.gob.ar/sites/default/files/no-2020-36129496-apn-dcycmds.pdf,https://www.argentina.gob.ar/sites/default/files/planilla_no-2020-36129496-apn-dcycmds_-_covid_19_n8-20.xlsx,https://www.argentina.gob.ar/sites/default/files/rs-2020-30859613-apn-sgamds.pdf
Ministerio de Desarrollo Social,2020-04-29,2020-06-04,"Comunicación Oficial rectificatoria enviada por el Ministerio de Desarrollo Social con el detalle del procedimiento COMPR.AR 95-0016-CDI20 / COVID-19 N°09/2020, planilla adjunta y acto administrativo.",https://www.argentina.gob.ar/sites/default/files/no-2020-36129900-apn-dcycmds.pdf,https://www.argentina.gob.ar/sites/default/files/planilla_no-2020-36129900-apn-dcycmds_-_covid_19_n9-20.xlsx,https://www.argentina.gob.ar/sites/default/files/rs-2020-30869537-apn-sgamds.pdf
Ministerio de Desarrollo Social,2020-04-30,2020-06-04,"Comunicación Oficial rectificatoria enviada por el Ministerio de Desarrollo Social con el detalle del procedimiento COMPR.AR 95-0017-CDI20 / COVID-19 N°10/2020, planilla adjunta y acto administrativo.",https://www.argentina.gob.ar/sites/default/files/no-2020-36130224-apn-dcycmds.pdf,https://www.argentina.gob.ar/sites/default/files/planilla_no-2020-36130224-apn-dcycmds_-_covid_19_n10-20.xlsx,https://www.argentina.gob.ar/sites/default/files/rs-2020-31890230-apn-mds.pdf
Ejército Argentino,2020-04-28,2020-05-27,"Comunicación Oficial enviada por el Hospital Militar - Ejército Argentino con el detalle del procedimiento COVID-19 Nº 08/2020, planilla adjunta y acto administrativo.",https://www.argentina.gob.ar/sites/default/files/no-2020-34500281-apn-hmcea.pdf,https://www.argentina.gob.ar/sites/default/files/planilla_no-2020-34500281-apn-hmcea.xlsx,https://www.argentina.gob.ar/sites/default/files/rs-2020-33399292-apn-hmcea.pdf
Instituto de Ayuda Financiera para Pago de Retiros y Pensiones Militares,2020-05-07,2020-05-28,"Comunicación Oficial enviada por el Instituto de Ayuda Financiera para Pago de Retiros y Pensiones Militares con el detalle del procedimiento COMPR.AR 43-0010-CDI20, planilla adjunta y acto administrativo.",https://www.argentina.gob.ar/sites/default/files/no-2020-34654771-apn-deiaf.pdf,https://www.argentina.gob.ar/sites/default/files/planilla_no-2020-34654771-apn-deiaf.xlsx,https://www.argentina.gob.ar/sites/default/files/di-2020-33793239-apn-diriaf.pdf
Administración de Parques Nacionales,2020-04-15,2020-05-28,"Comunicación Oficial enviada por la Administración de Parques Nacionales con el detalle del procedimiento COVID-19 Nº 01/2020, planilla adjunta y acto administrativo.",https://www.argentina.gob.ar/sites/default/files/no-2020-34824624-apn-dadapnac.pdf,https://www.argentina.gob.ar/sites/default/files/planilla_no-2020-34824624-apn-dadapnac_1.xlsx,https://www.argentina.gob.ar/sites/default/files/di-2020-27308456-apn-dgaapnac.pdf
Administración de Parques Nacionales,2020-05-08,2020-05-28,"Comunicación Oficial enviada por la Administración de Parques Nacionales con el detalle del procedimiento COMPR.AR 74-0008-CDI20, planilla adjunta y acto administrativo.",https://www.argentina.gob.ar/sites/default/files/no-2020-34824624-apn-dadapnac.pdf,https://www.argentina.gob.ar/sites/default/files/planilla_no-2020-34824624-apn-dadapnac_2.xlsx,https://www.argentina.gob.ar/sites/default/files/rs-2020-32082037-apn-apnacmad.pdf
Ejército Argentino,2020-05-06,2020-05-29,"Comunicación Oficial enviada por el Ejército Argentino - Comando de Brigada Mecanizada IX con el detalle del procedimiento COVID-19 Nº 01/2020, planilla adjunta y acto administrativo.",https://www.argentina.gob.ar/sites/default/files/no-2020-35120314-apn-cbmixea.pdf,https://www.argentina.gob.ar/sites/default/files/planilla_no-2020-35120314-apn-cbmixea.xlsx,https://www.argentina.gob.ar/sites/default/files/rs-2020-32374205-apn-caaeea.pdf
Universidad Nacional de La Matanza,2020-05-04,2020-06-01,Planilla enviada por la Universidad Nacional de La Matanza con el detalle del procedimiento COVID-19 Nº22-2020,,https://www.argentina.gob.ar/sites/default/files/planilla_comunicacion_onc_n9_expte_269-20.xlsx,https://www.argentina.gob.ar/sites/default/files/disposicion_269-2020.pdf
Armada Argentina,2020-05-15,2020-06-02,"Comunicación Oficial enviada por la Armada Argentina - Hospital Naval con el detalle del procedimiento COMPR.AR 38/38-0081-CDI20 / COVID-19 Nº081-2020, planilla adjunta y acto administrativo.",https://www.argentina.gob.ar/sites/default/files/no-2020-35707782-apn-dgsaara.pdf,https://www.argentina.gob.ar/sites/default/files/planilla_no-2020-35707782-apn-dgsaara.xlsx,https://www.argentina.gob.ar/sites/default/files/di-2020-34571398-apn-dgsara.pdf
Ministerio de Desarrollo Social,2020-04-29,2020-06-04,"Comunicación Oficial rectificatoria enviada por el Ministerio de Desarrollo Social con el detalle del procedimiento COMPR.AR 95-0018-CDI20 / COVID-19 N°11/2020, planilla adjunta y acto administrativo.",https://www.argentina.gob.ar/sites/default/files/no-2020-36131172-apn-dcycmds.pdf,https://www.argentina.gob.ar/sites/default/files/planilla_no-2020-36131172-apn-dcycmds_-_covid_19_n11-20.xlsx,https://www.argentina.gob.ar/sites/default/files/rs-2020-31915737-apn-sgamds.pdf
Fuerza Aérea Argentina,2020-05-08,2020-06-03,"Comunicación Oficial enviada por la Fuerza Aérea Argentina con el detalle del procedimiento COMPR.AR 40/45-0245-CDI20, planilla adjunta (rectificada por NO-2020-38954459-APN-DCON#FAA) y acto administrativo.",https://www.argentina.gob.ar/sites/default/files/no-2020-36007099-apn-dconfaa.pdf,https://www.argentina.gob.ar/sites/default/files/planilla_no-2020-38954459-apn-dconfaa_1.xlsx,https://www.argentina.gob.ar/sites/default/files/di-2020-33198467-apn-dconfaa.pdf
Servicio Nacional de Sanidad y Calidad Agroalimentaria,2020-03-30,2020-05-22,"Comunicación Oficial enviada por el Servicio Nacional de Sanidad y Calidad Agroalimentaria (SENASA) con el detalle del procedimiento COVID-19 Nº001/2020, planilla adjunta (reenviada en NO-2020-36143323-APN-DSAYF#SENASA) y acto administrativo.",https://www.argentina.gob.ar/sites/default/files/no-2020-33832629-apn-dsayfsenasa.pdf,https://www.argentina.gob.ar/sites/default/files/planilla_no-2020-36143323-apn-dsayfsenasa_1.xlsx,https://www.argentina.gob.ar/sites/default/files/rs-2020-24515373-apn-pressenasa.pdf
Servicio Nacional de Sanidad y Calidad Agroalimentaria,2020-03-27,2020-05-22,"Comunicación Oficial enviada por el Servicio Nacional de Sanidad y Calidad Agroalimentaria (SENASA) con el detalle del procedimiento COVID-19 Nº002/2020, planilla adjunta (reenviada en NO-2020-36143323-APN-DSAYF#SENASA) y acto administrativo.",https://www.argentina.gob.ar/sites/default/files/no-2020-33832629-apn-dsayfsenasa.pdf,https://www.argentina.gob.ar/sites/default/files/planilla_no-2020-36143323-apn-dsayfsenasa_2.xlsx,https://www.argentina.gob.ar/sites/default/files/di-2020-30090895-apn-dgtyasenasa.pdf
Servicio Nacional de Sanidad y Calidad Agroalimentaria,2020-04-03,2020-05-22,"Comunicación Oficial enviada por el Servicio Nacional de Sanidad y Calidad Agroalimentaria (SENASA) con el detalle del procedimiento COVID-19 Nº003/2020, planilla adjunta (reenviada en NO-2020-36143323-APN-DSAYF#SENASA) y acto administrativo.",https://www.argentina.gob.ar/sites/default/files/no-2020-33832629-apn-dsayfsenasa.pdf,https://www.argentina.gob.ar/sites/default/files/planilla_no-2020-36143323-apn-dsayfsenasa_3.xlsx,https://www.argentina.gob.ar/sites/default/files/rs-2020-27538495-apn-pressenasa.pdf
Servicio Nacional de Sanidad y Calidad Agroalimentaria,2020-04-06,2020-05-22,"Comunicación Oficial enviada por el Servicio Nacional de Sanidad y Calidad Agroalimentaria (SENASA) con el detalle del procedimiento COVID-19 Nº004/2020, planilla adjunta (reenviada en NO-2020-36143323-APN-DSAYF#SENASA) y acto administrativo.",https://www.argentina.gob.ar/sites/default/files/no-2020-33832629-apn-dsayfsenasa.pdf,https://www.argentina.gob.ar/sites/default/files/planilla_no-2020-36143323-apn-dsayfsenasa_4.xlsx,https://www.argentina.gob.ar/sites/default/files/di-2020-31232768-apn-dgtyasenasa.pdf
Servicio Nacional de Sanidad y Calidad Agroalimentaria,2020-04-14,2020-05-22,"Comunicación Oficial enviada por el Servicio Nacional de Sanidad y Calidad Agroalimentaria (SENASA) con el detalle del procedimiento COVID-19 Nº005/2020, planilla adjunta (reenviada en NO-2020-36143323-APN-DSAYF#SENASA) y acto administrativo.",https://www.argentina.gob.ar/sites/default/files/no-2020-33832629-apn-dsayfsenasa.pdf,https://www.argentina.gob.ar/sites/default/files/planilla_no-2020-36143323-apn-dsayfsenasa_5.xlsx,https://www.argentina.gob.ar/sites/default/files/di-2020-33546527-apn-dgtyasenasa.pdf
Servicio Nacional de Sanidad y Calidad Agroalimentaria,2020-04-23,2020-05-22,"Comunicación Oficial enviada por el Servicio Nacional de Sanidad y Calidad Agroalimentaria (SENASA) con el detalle del procedimiento COVID-19 Nº006/2020, planilla adjunta (reenviada en NO-2020-36143323-APN-DSAYF#SENASA) y acto administrativo.",https://www.argentina.gob.ar/sites/default/files/no-2020-33832629-apn-dsayfsenasa.pdf,https://www.argentina.gob.ar/sites/default/files/planilla_no-2020-36143323-apn-dsayfsenasa_6.xlsx,https://www.argentina.gob.ar/sites/default/files/rs-2020-29660809-apn-pressenasa.pdf
Servicio Nacional de Sanidad y Calidad Agroalimentaria,2020-05-17,2020-05-22,"Comunicación Oficial enviada por el Servicio Nacional de Sanidad y Calidad Agroalimentaria (SENASA) con el detalle del procedimiento COVID-19 Nº007/2020, planilla adjunta (reenviada en NO-2020-36143323-APN-DSAYF#SENASA) y acto administrativo.",https://www.argentina.gob.ar/sites/default/files/no-2020-33832629-apn-dsayfsenasa.pdf,https://www.argentina.gob.ar/sites/default/files/planilla_no-2020-36143323-apn-dsayfsenasa_7.xlsx,https://www.argentina.gob.ar/sites/default/files/di-2020-31232966-apn-dgtyasenasa.pdf
Servicio Nacional de Sanidad y Calidad Agroalimentaria,2020-04-27,2020-05-22,"Comunicación Oficial enviada por el Servicio Nacional de Sanidad y Calidad Agroalimentaria (SENASA) con el detalle del procedimiento COVID-19 Nº008/2020, planilla adjunta (reenviada en NO-2020-36143323-APN-DSAYF#SENASA) y acto administrativo.",https://www.argentina.gob.ar/sites/default/files/no-2020-33832629-apn-dsayfsenasa.pdf,https://www.argentina.gob.ar/sites/default/files/planilla_no-2020-36143323-apn-dsayfsenasa_8.xlsx,https://www.argentina.gob.ar/sites/default/files/rs-2020-33038056-apn-pressenasa.pdf
Ejército Argentino,2020-05-04,2020-06-04,"Comunicación Oficial enviada por el Ejército Argentino - Comando de Brigada Mecanizada X con el detalle del procedimiento COMPR.AR 84/40-0076-CDI20, planilla adjunta y acto administrativo.",https://www.argentina.gob.ar/sites/default/files/no-2020-36176997-apn-cbmxea.pdf,https://www.argentina.gob.ar/sites/default/files/planilla_no-2020-36176997-apn-cbmxea_1.xlsx,https://www.argentina.gob.ar/sites/default/files/rs-2020-31553845-apn-cfdrea.pdf
Ejército Argentino,2020-05-05,2020-06-04,"Comunicación Oficial enviada por el Ejército Argentino - Comando de Brigada Mecanizada X con el detalle del procedimiento COMPR.AR 84/40-0078-CDI20, planilla adjunta y acto administrativo.",https://www.argentina.gob.ar/sites/default/files/no-2020-36176997-apn-cbmxea.pdf,https://www.argentina.gob.ar/sites/default/files/planilla_no-2020-36176997-apn-cbmxea_2.xlsx,https://www.argentina.gob.ar/sites/default/files/rs-2020-32569955-apn-cfdrea.pdf
Ejército Argentino,2020-05-06,2020-06-04,"Comunicación Oficial enviada por el Ejército Argentino - Comando de Brigada Mecanizada X con el detalle del procedimiento COMPR.AR 84/40-0080-CDI20, planilla adjunta y acto administrativo.",https://www.argentina.gob.ar/sites/default/files/no-2020-36176997-apn-cbmxea.pdf,https://www.argentina.gob.ar/sites/default/files/planilla_no-2020-36176997-apn-cbmxea_3.xlsx,https://www.argentina.gob.ar/sites/default/files/rs-2020-35747237-apn-cfdrea.pdf
Jefatura de Gabinete de Ministros,2020-05-18,2020-06-05,"Comunicación Oficial enviada por la Jefatura de Gabinete de Ministros con el detalle del procedimiento COMPR.AR 79-0009-CDI20, planilla adjunta y acto administrativo.",https://www.argentina.gob.ar/sites/default/files/no-2020-36409673-apn-dcysjgm.pdf,https://www.argentina.gob.ar/sites/default/files/planilla_no-2020-36409673-apn-dcysjgm.xlsx,https://www.argentina.gob.ar/sites/default/files/rs-2020-35256272-apn-jgm.pdf
"Ministerio de Trabajo, Empleo y Seguridad Social",2020-05-13,2020-06-05,"Comunicación Oficial enviada por el Ministerio de Trabajo, Empleo y Seguridad Social con el detalle del procedimiento COMPR.AR 33-0008-CDI20, planilla adjunta y acto administrativo.",https://www.argentina.gob.ar/sites/default/files/no-2020-36444517-apn-dcpmt.pdf,https://www.argentina.gob.ar/sites/default/files/planilla_no-2020-36444517-apn-dcpmt.xlsx,https://www.argentina.gob.ar/sites/default/files/rs-2020-34819559-apn-mt.pdf
Ministerio de Desarrollo Social,2020-04-29,2020-06-07,"Comunicación Oficial enviada por el Ministerio de Desarrollo Social con el detalle del procedimiento COMPR.AR 95-0019-CDI20 / COVID-19 N°12/2020, planilla adjunta y acto administrativo.",https://www.argentina.gob.ar/sites/default/files/no-2020-36651747-apn-dcycmds.pdf,https://www.argentina.gob.ar/sites/default/files/planilla_no-2020-36651747-apn-dcycmds.xlsx,https://www.argentina.gob.ar/sites/default/files/rs-2020-33609737-apn-sgamds.pdf
Dirección Nacional de Migraciones,2020-05-18,2020-06-08,"Comunicación Oficial enviada por la Dirección Nacional de Migraciones con el detalle del procedimiento COMPR.AR 21-0015-CDI20 / COVID-19 N°04/2020, planilla adjunta y acto administrativo.",https://www.argentina.gob.ar/sites/default/files/no-2020-36834083-apn-dnmmi.pdf,https://www.argentina.gob.ar/sites/default/files/planilla_no-2020-36834083-apn-dnmmi.xlsx,https://www.argentina.gob.ar/sites/default/files/di-2020-36175419-apn-dnmmi.pdf
Ministerio de Salud,2020-05-12,2020-06-08,"Comunicación Oficial enviada por la Colonia Nacional Montes de Oca - Ministerio de Salud con el detalle del procedimiento COVID-19 Nº 05/2020, planilla adjunta y acto administrativo.",https://www.argentina.gob.ar/sites/default/files/no-2020-36860428-apn-dtacnmo.pdf,https://www.argentina.gob.ar/sites/default/files/planilla_no-2020-36860428-apn-dtacnmo.xlsx,https://www.argentina.gob.ar/sites/default/files/rs-2020-34150962-apn-dcnmo.pdf
"Ministerio de Relaciones Exteriores, Comercio Internacional y Culto",2020-05-22,2020-06-08,"Comunicación Oficial enviada por el Ministerio de Relaciones Exteriores, Comercio Internacional y Culto con el detalle del procedimiento COMPR.AR 26-0022-CDI20, planilla adjunta y acto administrativo.",https://www.argentina.gob.ar/sites/default/files/no-2020-36881412-apn-dcycmre.pdf,https://www.argentina.gob.ar/sites/default/files/planilla_no-2020-36881412-apn-dcycmre.xlsx,https://www.argentina.gob.ar/sites/default/files/rs-2020-36339083-apn-seccypemre.pdf
Ministerio de Educación,2020-05-20,2020-06-09,"Comunicación Oficial enviada por el Ministerio de Educación con el detalle del procedimiento COMPR.AR 82-0013-CDI20, planilla adjunta y acto administrativo.",https://www.argentina.gob.ar/sites/default/files/no-2020-37192764-apn-dcmemeccyt.pdf,https://www.argentina.gob.ar/sites/default/files/planilla_no-2020-37192764-apn-dcmemeccyt_1.xlsx,https://www.argentina.gob.ar/sites/default/files/rs-2020-33647265-apn-me.pdf
Ministerio de Educación,2020-05-22,2020-06-09,"Comunicación Oficial enviada por el Ministerio de Educación con el detalle del procedimiento COMPR.AR 82-0014-CDI20, planilla adjunta y acto administrativo.",https://www.argentina.gob.ar/sites/default/files/no-2020-37192764-apn-dcmemeccyt.pdf,https://www.argentina.gob.ar/sites/default/files/planilla_no-2020-37192764-apn-dcmemeccyt_2.xlsx,https://www.argentina.gob.ar/sites/default/files/rs-2020-34768774-apn-me.pdf
Ejército Argentino,2020-05-06,2020-06-09,"Comunicación Oficial enviada por el Ejército Argentino - Comando de Brigada Mecanizada IX con el detalle del procedimiento COVID-19 Nº 02/2020, planilla adjunta y acto administrativo.",https://www.argentina.gob.ar/sites/default/files/no-2020-37056573-apn-cbmixea.pdf,https://www.argentina.gob.ar/sites/default/files/planilla_no-2020-37056573-apn-cbmixea.xlsx,https://www.argentina.gob.ar/sites/default/files/rs-2020-34807408-apn-caaeea.pdf
Universidad Nacional General San Martín,2020-03-25,2020-06-08,Planilla enviada por la Universidad Nacional General San Martín con el detalle del procedimiento COVID-19 Nº34-2020,,https://www.argentina.gob.ar/sites/default/files/planilla_unsam_cd_covid-19_ndeg34-2020.pdf,https://www.argentina.gob.ar/sites/default/files/resolucion_rectoral_447-2020_-_cd_por_emergencia_covid-19_ndeg34_a_37.pdf
Universidad Nacional General San Martín,2020-03-25,2020-06-08,Planilla enviada por la Universidad Nacional General San Martín con el detalle del procedimiento COVID-19 Nº35-2020,,https://www.argentina.gob.ar/sites/default/files/planilla_unsam_cd_covid-19_ndeg35-2020.pdf,https://www.argentina.gob.ar/sites/default/files/resolucion_rectoral_447-2020_-_cd_por_emergencia_covid-19_ndeg34_a_37.pdf
Universidad Nacional General San Martín,2020-03-25,2020-06-08,Planilla enviada por la Universidad Nacional General San Martín con el detalle del procedimiento COVID-19 Nº36-2020,,https://www.argentina.gob.ar/sites/default/files/planilla_unsam_cd_covid-19_ndeg36-2020.pdf,https://www.argentina.gob.ar/sites/default/files/resolucion_rectoral_447-2020_-_cd_por_emergencia_covid-19_ndeg34_a_37.pdf
Universidad Nacional General San Martín,2020-03-25,2020-06-08,Planilla enviada por la Universidad Nacional General San Martín con el detalle del procedimiento COVID-19 Nº37-2020,,https://www.argentina.gob.ar/sites/default/files/planilla_unsam_cd_covid-19_ndeg37-2020.pdf,https://www.argentina.gob.ar/sites/default/files/resolucion_rectoral_447-2020_-_cd_por_emergencia_covid-19_ndeg34_a_37.pdf
Universidad Nacional General San Martín,2020-03-26,2020-06-08,Planilla enviada por la Universidad Nacional General San Martín con el detalle del procedimiento COVID-19 Nº38-2020,,https://www.argentina.gob.ar/sites/default/files/planilla_unsam_cd_covid-19_ndeg38-2020.pdf,https://www.argentina.gob.ar/sites/default/files/resolucion_rectoral_448-2020_-_cd_por_emergencia_covid-19_ndeg38_a_44.pdf
Universidad Nacional General San Martín,2020-03-26,2020-06-08,Planilla enviada por la Universidad Nacional General San Martín con el detalle del procedimiento COVID-19 Nº39-2020,,https://www.argentina.gob.ar/sites/default/files/planilla_unsam_cd_covid-19_ndeg39-2020.pdf,https://www.argentina.gob.ar/sites/default/files/resolucion_rectoral_448-2020_-_cd_por_emergencia_covid-19_ndeg38_a_44.pdf
Universidad Nacional General San Martín,2020-03-26,2020-06-08,Planilla enviada por la Universidad Nacional General San Martín con el detalle del procedimiento COVID-19 Nº40-2020,,https://www.argentina.gob.ar/sites/default/files/planilla_unsam_cd_covid-19_ndeg40-2020.pdf,https://www.argentina.gob.ar/sites/default/files/resolucion_rectoral_448-2020_-_cd_por_emergencia_covid-19_ndeg38_a_44.pdf
Universidad Nacional General San Martín,2020-03-26,2020-06-08,Planilla enviada por la Universidad Nacional General San Martín con el detalle del procedimiento COVID-19 Nº41-2020,,https://www.argentina.gob.ar/sites/default/files/planilla_unsam_cd_covid-19_ndeg41-2020.pdf,https://www.argentina.gob.ar/sites/default/files/resolucion_rectoral_448-2020_-_cd_por_emergencia_covid-19_ndeg38_a_44.pdf
Universidad Nacional General San Martín,2020-03-26,2020-06-08,Planilla enviada por la Universidad Nacional General San Martín con el detalle del procedimiento COVID-19 Nº42-2020,,https://www.argentina.gob.ar/sites/default/files/planilla_unsam_cd_covid-19_ndeg42-2020.pdf,https://www.argentina.gob.ar/sites/default/files/resolucion_rectoral_448-2020_-_cd_por_emergencia_covid-19_ndeg38_a_44.pdf
Universidad Nacional General San Martín,2020-03-26,2020-06-08,Planilla enviada por la Universidad Nacional General San Martín con el detalle del procedimiento COVID-19 Nº43-2020,,https://www.argentina.gob.ar/sites/default/files/planilla_unsam_cd_covid-19_ndeg43-2020.pdf,https://www.argentina.gob.ar/sites/default/files/resolucion_rectoral_448-2020_-_cd_por_emergencia_covid-19_ndeg38_a_44.pdf
Universidad Nacional General San Martín,2020-03-26,2020-06-08,Planilla enviada por la Universidad Nacional General San Martín con el detalle del procedimiento COVID-19 Nº44-2020,,https://www.argentina.gob.ar/sites/default/files/planilla_unsam_cd_covid-19_ndeg44-2020.pdf,https://www.argentina.gob.ar/sites/default/files/resolucion_rectoral_448-2020_-_cd_por_emergencia_covid-19_ndeg38_a_44.pdf
Universidad Nacional General San Martín,2020-03-27,2020-06-08,Planilla enviada por la Universidad Nacional General San Martín con el detalle del procedimiento COVID-19 Nº45-2020,,https://www.argentina.gob.ar/sites/default/files/planilla_unsam_cd_covid-19_ndeg45-2020.pdf,https://www.argentina.gob.ar/sites/default/files/resolucion_rectoral_449-2020_-_cd_por_emergencia_covid-19_ndeg45_a_47.pdf
Universidad Nacional General San Martín,2020-03-27,2020-06-08,Planilla enviada por la Universidad Nacional General San Martín con el detalle del procedimiento COVID-19 Nº46-2020,,https://www.argentina.gob.ar/sites/default/files/planilla_unsam_cd_covid-19_ndeg46-2020.pdf,https://www.argentina.gob.ar/sites/default/files/resolucion_rectoral_449-2020_-_cd_por_emergencia_covid-19_ndeg45_a_47.pdf
Universidad Nacional General San Martín,2020-03-27,2020-06-08,Planilla enviada por la Universidad Nacional General San Martín con el detalle del procedimiento COVID-19 Nº47-2020,,https://www.argentina.gob.ar/sites/default/files/planilla_unsam_cd_covid-19_ndeg47-2020.pdf,https://www.argentina.gob.ar/sites/default/files/resolucion_rectoral_449-2020_-_cd_por_emergencia_covid-19_ndeg45_a_47.pdf
Universidad Nacional General San Martín,2020-03-30,2020-06-08,Planilla enviada por la Universidad Nacional General San Martín con el detalle del procedimiento COVID-19 Nº48-2020,,https://www.argentina.gob.ar/sites/default/files/planilla_unsam_cd_covid-19_ndeg48-2020.pdf,https://www.argentina.gob.ar/sites/default/files/resolucion_rectoral_450-2020_-_cd_por_emergencia_covid-19_ndeg48_a_50.pdf
Universidad Nacional General San Martín,2020-03-30,2020-06-08,Planilla enviada por la Universidad Nacional General San Martín con el detalle del procedimiento COVID-19 Nº49-2020,,https://www.argentina.gob.ar/sites/default/files/planilla_unsam_cd_covid-19_ndeg49-2020.pdf,https://www.argentina.gob.ar/sites/default/files/resolucion_rectoral_450-2020_-_cd_por_emergencia_covid-19_ndeg48_a_50.pdf
Universidad Nacional General San Martín,2020-03-30,2020-06-08,Planilla enviada por la Universidad Nacional General San Martín con el detalle del procedimiento COVID-19 Nº50-2020,,https://www.argentina.gob.ar/sites/default/files/planilla_unsam_cd_covid-19_ndeg50-2020.pdf,https://www.argentina.gob.ar/sites/default/files/resolucion_rectoral_450-2020_-_cd_por_emergencia_covid-19_ndeg48_a_50.pdf
Universidad Nacional General San Martín,2020-04-01,2020-06-08,Planilla enviada por la Universidad Nacional General San Martín con el detalle del procedimiento COVID-19 Nº51-2020,,https://www.argentina.gob.ar/sites/default/files/planilla_unsam_cd_covid-19_ndeg51-2020.pdf,https://www.argentina.gob.ar/sites/default/files/resolucion_rectoral_451-2020_-_cd_por_emergencia_covid-19_ndeg51_y_52.pdf
Universidad Nacional General San Martín,2020-04-01,2020-06-08,Planilla enviada por la Universidad Nacional General San Martín con el detalle del procedimiento COVID-19 Nº52-2020,,https://www.argentina.gob.ar/sites/default/files/planilla_unsam_cd_covid-19_ndeg52-2020.pdf,https://www.argentina.gob.ar/sites/default/files/resolucion_rectoral_451-2020_-_cd_por_emergencia_covid-19_ndeg51_y_52.pdf
Universidad Nacional General San Martín,2020-04-02,2020-06-08,Planilla enviada por la Universidad Nacional General San Martín con el detalle del procedimiento COVID-19 Nº53-2020,,https://www.argentina.gob.ar/sites/default/files/planilla_unsam_cd_covid-19_ndeg53-2020.pdf,https://www.argentina.gob.ar/sites/default/files/resolucion_rectoral_453-2020_-_cd_por_emergencia_covid-19_ndeg53_a_55.pdf
Universidad Nacional General San Martín,2020-04-02,2020-06-08,Planilla enviada por la Universidad Nacional General San Martín con el detalle del procedimiento COVID-19 Nº54-2020,,https://www.argentina.gob.ar/sites/default/files/planilla_unsam_cd_covid-19_ndeg54-2020.pdf,https://www.argentina.gob.ar/sites/default/files/resolucion_rectoral_453-2020_-_cd_por_emergencia_covid-19_ndeg53_a_55.pdf
Universidad Nacional General San Martín,2020-04-02,2020-06-08,Planilla enviada por la Universidad Nacional General San Martín con el detalle del procedimiento COVID-19 Nº55-2020,,https://www.argentina.gob.ar/sites/default/files/planilla_unsam_cd_covid-19_ndeg55-2020.pdf,https://www.argentina.gob.ar/sites/default/files/resolucion_rectoral_453-2020_-_cd_por_emergencia_covid-19_ndeg53_a_55.pdf
Universidad Nacional General San Martín,2020-04-08,2020-06-08,Planilla enviada por la Universidad Nacional General San Martín con el detalle del procedimiento COVID-19 Nº56-2020,,https://www.argentina.gob.ar/sites/default/files/planilla_unsam_cd_covid-19_ndeg56-2020.pdf,https://www.argentina.gob.ar/sites/default/files/resolucion_rectoral_455-2020_-_cd_por_emergencia_covid-19_ndeg56.pdf
Universidad Nacional General San Martín,2020-04-13,2020-06-08,Planilla enviada por la Universidad Nacional General San Martín con el detalle del procedimiento COVID-19 Nº57-2020,,https://www.argentina.gob.ar/sites/default/files/planilla_unsam_cd_covid-19_ndeg57-2020.pdf,https://www.argentina.gob.ar/sites/default/files/resolucion_rectoral_459-2020_-_cd_por_emergencia_covid-19_ndeg57.pdf
Universidad Nacional General San Martín,2020-04-16,2020-06-08,Planilla enviada por la Universidad Nacional General San Martín con el detalle del procedimiento COVID-19 Nº58-2020,,https://www.argentina.gob.ar/sites/default/files/planilla_unsam_cd_covid-19_ndeg58-2020.pdf,https://www.argentina.gob.ar/sites/default/files/resolucion_rectoral_462-2020_-_cd_por_emergencia_covid-19_ndeg58_y_59.pdf
Universidad Nacional General San Martín,2020-04-16,2020-06-08,Planilla enviada por la Universidad Nacional General San Martín con el detalle del procedimiento COVID-19 Nº59-2020,,https://www.argentina.gob.ar/sites/default/files/planilla_unsam_cd_covid-19_ndeg59-2020.pdf,https://www.argentina.gob.ar/sites/default/files/resolucion_rectoral_462-2020_-_cd_por_emergencia_covid-19_ndeg58_y_59.pdf
Universidad Nacional General San Martín,2020-04-24,2020-06-08,Planilla enviada por la Universidad Nacional General San Martín con el detalle del procedimiento COVID-19 Nº60-2020,,https://www.argentina.gob.ar/sites/default/files/planilla_unsam_cd_covid-19_ndeg60-2020.pdf,https://www.argentina.gob.ar/sites/default/files/resolucion_rectoral_463-2020_-_cd_por_emergencia_covid-19_ndeg60.pdf
Universidad Nacional General San Martín,2020-05-07,2020-06-08,Planilla enviada por la Universidad Nacional General San Martín con el detalle del procedimiento COVID-19 Nº61-2020,,https://www.argentina.gob.ar/sites/default/files/planilla_unsam_cd_covid-19_ndeg61-2020_1.pdf,https://www.argentina.gob.ar/sites/default/files/resolucion_rectoral_465-2020_-_cd_por_emergencia_covid-19_ndeg61.pdf
Universidad Nacional General San Martín,2020-05-07,2020-06-08,Planilla enviada por la Universidad Nacional General San Martín con el detalle del procedimiento COVID-19 Nº62-2020,,https://www.argentina.gob.ar/sites/default/files/planilla_unsam_cd_covid-19_ndeg62-2020_0.pdf,https://www.argentina.gob.ar/sites/default/files/resolucion_rectoral_466-2020_-_cd_por_emergencia_covid-19_ndeg62.pdf
Universidad Nacional General San Martín,2020-05-11,2020-06-08,Planilla enviada por la Universidad Nacional General San Martín con el detalle del procedimiento COVID-19 Nº63-2020,,https://www.argentina.gob.ar/sites/default/files/planilla_unsam_cd_covid-19_ndeg63-2020_0.pdf,https://www.argentina.gob.ar/sites/default/files/resolucion_rectoral_472-2020_-_cd_por_emergencia_covid-19_ndeg63.pdf
Universidad Nacional General San Martín,2020-05-08,2020-06-08,Planilla enviada por la Universidad Nacional General San Martín con el detalle del procedimiento COVID-19 Nº64-2020,,https://www.argentina.gob.ar/sites/default/files/planilla_unsam_cd_covid-19_ndeg64-2020_0.pdf,https://www.argentina.gob.ar/sites/default/files/resolucion_rectoral_469-2020_-_cd_por_emergencia_covid-19_ndeg64.pdf
Universidad Nacional General San Martín,2020-05-08,2020-06-08,Planilla enviada por la Universidad Nacional General San Martín con el detalle del procedimiento COVID-19 Nº65-2020,,https://www.argentina.gob.ar/sites/default/files/planilla_unsam_cd_covid-19_ndeg65-2020_0.pdf,https://www.argentina.gob.ar/sites/default/files/resolucion_rectoral_470-2020_-_cd_por_emergencia_covid-19_ndeg65.pdf
Universidad Nacional General San Martín,2020-05-18,2020-06-08,Planilla enviada por la Universidad Nacional General San Martín con el detalle del procedimiento COVID-19 Nº66-2020,,https://www.argentina.gob.ar/sites/default/files/planilla_unsam_cd_covid-19_ndeg66-2020_0.pdf,https://www.argentina.gob.ar/sites/default/files/resolucion_rectoral_513-2020_-_cd_por_emergencia_covid-19_ndeg66.pdf
Ejército Argentino,2020-05-20,2020-06-10,"Comunicación Oficial enviada por el Ejército Argentino - Comando de la Fuerza de Despliegue Rápido con el detalle del procedimiento COMPR.AR 84/138- 0097-CDI20, planilla adjunta y acto administrativo.",https://www.argentina.gob.ar/sites/default/files/no-2020-37419619-apn-cfdrea.pdf,https://www.argentina.gob.ar/sites/default/files/planilla_no-2020-37419619-apn-cfdrea.xlsx,https://www.argentina.gob.ar/sites/default/files/rs-2020-36454439-apn-cfdrea.pdf
Ente Nacional Regulador del Gas,2020-04-22,2020-06-10,"Comunicación Oficial enviada por el Ente Nacional Regulador del Gas con el detalle del procedimiento COVID-19 Nº 01/2020, planilla adjunta y acto administrativo.",https://www.argentina.gob.ar/sites/default/files/no-2020-37534971-apn-gaenargas.pdf,https://www.argentina.gob.ar/sites/default/files/planilla_no-2020-37534971-apn-gaenargas.xlsx,https://www.argentina.gob.ar/sites/default/files/rs-2020-33857195-apn-directorioenargas.pdf
Ministerio de Desarrollo Social,2020-04-30,2020-06-11,"Comunicación Oficial enviada por el Ministerio de Desarrollo Social con el detalle del procedimiento COMPR.AR 95-0021-CDI20 / COVID-19 N°14/2020, planilla adjunta y acto administrativo.",https://www.argentina.gob.ar/sites/default/files/no-2020-37736630-apn-dcycmds.pdf,https://www.argentina.gob.ar/sites/default/files/planilla_no-2020-37736630-apn-dcycmds.xlsx,https://www.argentina.gob.ar/sites/default/files/rs-2020-36545825-apn-mds.pdf
Ministerio de Desarrollo Social,2020-04-30,2020-06-13,"Comunicación Oficial enviada por el Ministerio de Desarrollo Social con el detalle del procedimiento COMPR.AR 95-0020-CDI20 / COVID-19 N°13/2020, planilla adjunta y acto administrativo.",https://www.argentina.gob.ar/sites/default/files/no-2020-38176720-apn-dcycmds.pdf,https://www.argentina.gob.ar/sites/default/files/planilla_no-2020-38176720-apn-dcycmds.xlsx,https://www.argentina.gob.ar/sites/default/files/rs-2020-35128989-apn-mds.pdf
Fuerza Aérea Argentina,2020-05-11,2020-06-13,"Comunicación Oficial rectificada enviada por la Fuerza Aérea Argentina con el detalle del procedimiento COMPR.AR 40/45-0246-CDI20, planilla adjunta y acto administrativo.",https://www.argentina.gob.ar/sites/default/files/no-2020-38954459-apn-dconfaa.pdf,https://www.argentina.gob.ar/sites/default/files/planilla_no-2020-38954459-apn-dconfaa_2.xlsx,https://www.argentina.gob.ar/sites/default/files/di-2020-34233350-apn-dconfaa.pdf
Ejército Argentino,2020-04-14,2020-06-16,"Comunicación Oficial enviada por el Hospital Militar - Ejército Argentino con el detalle del procedimiento COVID-19 Nº 06/2020, planilla adjunta y acto administrativo.",https://www.argentina.gob.ar/sites/default/files/no-2020-38342768-apn-hmcea.pdf,https://www.argentina.gob.ar/sites/default/files/planilla_no-2020-38342768-apn-hmcea_1.xlsx,https://www.argentina.gob.ar/sites/default/files/rs-2020-34996584-apn-hmcea.pdf
Ejército Argentino,2020-05-08,2020-06-16,"Comunicación Oficial enviada por el Hospital Militar - Ejército Argentino con el detalle del procedimiento COVID-19 Nº 09/2020, planilla adjunta y acto administrativo.",https://www.argentina.gob.ar/sites/default/files/no-2020-38342768-apn-hmcea.pdf,https://www.argentina.gob.ar/sites/default/files/planilla_no-2020-38342768-apn-hmcea_2.xlsx,https://www.argentina.gob.ar/sites/default/files/rs-2020-36040193-apn-hmcea.pdf
Armada Argentina,2020-05-06,2020-06-16,"Comunicación Oficial enviada por la Armada Argentina con el detalle del procedimiento COVID-19 / COMPR.AR 38/22-0061-CDI20, planilla adjunta y acto administrativo.",https://www.argentina.gob.ar/sites/default/files/no-2020-38351956-apn-sgnaara.pdf,https://www.argentina.gob.ar/sites/default/files/planilla_no-2020-38351956-apn-sgnaara.xlsx,https://www.argentina.gob.ar/sites/default/files/di-2020-35014492-apn-sgnaara.pdf
Armada Argentina,2020-05-05,2020-06-16,"Comunicación Oficial enviada por la Armada Argentina - Hospital Naval con el detalle del procedimiento COMPR.AR 38/38-0054-CDI20 / COVID-19 Nº054-2020, planilla adjunta y acto administrativo.",https://www.argentina.gob.ar/sites/default/files/no-2020-38402012-apn-dgsaara.pdf,https://www.argentina.gob.ar/sites/default/files/planilla_no-2020-38402012-apn-dgsaara.xlsx,https://www.argentina.gob.ar/sites/default/files/di-2020-37303863-apn-dgsaara.pdf
Armada Argentina,2020-05-05,2020-06-16,"Comunicación Oficial enviada por la Armada Argentina - Hospital Naval con el detalle del procedimiento COMPR.AR 38/38-0057-CDI20 / COVID-19 Nº057-2020, planilla adjunta y acto administrativo.",https://www.argentina.gob.ar/sites/default/files/no-2020-38404401-apn-dgsaara.pdf,https://www.argentina.gob.ar/sites/default/files/planilla_no-2020-38404401-apn-dgsaara.xlsx,https://www.argentina.gob.ar/sites/default/files/di-2020-36350087-apn-dgsaara.pdf
Armada Argentina,2020-05-05,2020-06-16,"Comunicación Oficial enviada por la Armada Argentina - Hospital Naval con el detalle del procedimiento COMPR.AR 38/38-0058-CDI20 / COVID-19 Nº058-2020, planilla adjunta y acto administrativo.",https://www.argentina.gob.ar/sites/default/files/no-2020-38406273-apn-dgsaara.pdf,https://www.argentina.gob.ar/sites/default/files/planilla_no-2020-38406273-apn-dgsaara.xlsx,https://www.argentina.gob.ar/sites/default/files/di-2020-36350588-apn-dgsaara.pdf
Armada Argentina,2020-05-05,2020-06-16,"Comunicación Oficial enviada por la Armada Argentina - Hospital Naval con el detalle del procedimiento COMPR.AR 38/38-0059-CDI20 / COVID-19 Nº059-2020, planilla adjunta y acto administrativo.",https://www.argentina.gob.ar/sites/default/files/no-2020-38409444-apn-dgsaara.pdf,https://www.argentina.gob.ar/sites/default/files/planilla_no-2020-38409444-apn-dgsaara.xlsx,https://www.argentina.gob.ar/sites/default/files/di-2020-36346981-apn-dgsaara.pdf
Instituto Nacional de Estadística y Censos,2020-05-12,2020-06-16,"Comunicación Oficial enviada por el Instituto Nacional de Estadística y Censos con el detalle del procedimiento COMPR.AR 27-0005-CDI20, planilla adjunta y acto administrativo.",https://www.argentina.gob.ar/sites/default/files/no-2020-38414007-apn-dpysindec.pdf,https://www.argentina.gob.ar/sites/default/files/planilla_no-2020-38414007-apn-dpysindec.xlsx,https://www.argentina.gob.ar/sites/default/files/di-2020-37501482-apn-dgayoindec.pdf
Gendarmería Nacional Argentina,2020-04-02,2020-06-16,"Comunicación Oficial enviada por la Gendarmería Nacional Argentina con el detalle del procedimiento COVID-19 Nº01/2020, planilla adjunta y acto administrativo.",https://www.argentina.gob.ar/sites/default/files/no-2020-38508554-apn-dinalgengna.pdf,https://www.argentina.gob.ar/sites/default/files/planilla_no-2020-38508554-apn-dinalgengna.xlsx,https://www.argentina.gob.ar/sites/default/files/acto-2020-34521919-apn-dirsafgna.pdf
Ejército Argentino,2020-04-06,2020-06-17,"Comunicación Oficial enviada por el Hospital Militar Regional Cordoba - Ejército Argentino con el detalle del procedimiento COVID-19 Nº 01/2020, planilla adjunta y acto administrativo.",https://www.argentina.gob.ar/sites/default/files/no-2020-38627464-apn-hmrcea.pdf,https://www.argentina.gob.ar/sites/default/files/planilla_no-2020-38627464-apn-hmrcea.xlsx,https://www.argentina.gob.ar/sites/default/files/rs-2020-33537562-apn-dgsea.pdf
Ministerio de Salud,2020-03-06,2020-06-18,"Comunicación Oficial enviada por el Instituto Nacional de Rehabilitación Psicofísica del Sur - Ministerio de Salud con el detalle del procedimiento COVID-19 N° 10/2020 / COMPR.AR 88-0013-CDI20, planilla adjunta y acto administrativo.",https://www.argentina.gob.ar/sites/default/files/no-2020-38981480-apn-inarepsms.pdf,https://www.argentina.gob.ar/sites/default/files/planilla_no-2020-38981480-apn-inarepsms_1.xlsx,https://www.argentina.gob.ar/sites/default/files/di-2020-36366583-apn-inarepsms.pdf
Ministerio de Salud,2020-05-06,2020-06-18,"Comunicación Oficial enviada por el Instituto Nacional de Rehabilitación Psicofísica del Sur - Ministerio de Salud con el detalle del procedimiento COVID-19 N° 11/2020 / COMPR.AR 88-0014-CDI20, planilla adjunta y acto administrativo.",https://www.argentina.gob.ar/sites/default/files/no-2020-38981480-apn-inarepsms.pdf,https://www.argentina.gob.ar/sites/default/files/planilla_no-2020-38981480-apn-inarepsms_2.xlsx,https://www.argentina.gob.ar/sites/default/files/di-2020-37620443-apn-inarepsms.pdf
Teatro Nacional Cervantes,2020-05-06,2020-06-19,"Comunicación Oficial enviada por el Teatro Nacional Cervantes - Ministerio de Cultura con el detalle del procedimiento COMPR.AR 17-0023-CDI20, planilla adjunta y acto administrativo.",https://www.argentina.gob.ar/sites/default/files/no-2020-39369872-apn-datnc.pdf,https://www.argentina.gob.ar/sites/default/files/planilla_no-2020-39369872-apn-datnc.xlsx,https://www.argentina.gob.ar/sites/default/files/rs-2020-38808850-apn-tncmc.pdf
Ministerio de Defensa,2020-04-17,2020-06-22,"Comunicación Oficial enviada por el Ministerio de Defensa con el detalle del procedimiento COVID-19 Nº004/2020, planilla adjunta y acto administrativo.",https://www.argentina.gob.ar/sites/default/files/no-2020-39813914-apn-dgadmd.pdf,https://www.argentina.gob.ar/sites/default/files/planilla_no-2020-39813914-apn-dgadmd.xlsx,https://www.argentina.gob.ar/sites/default/files/di-2020-23992382-apn-sspoysldmd.pdf
Ministerio de Defensa,2020-03-25,2020-06-22,"Comunicación Oficial enviada por el Ministerio de Defensa con el detalle del procedimiento COVID-19 Nº003/2020, planilla adjunta y acto administrativo.",https://www.argentina.gob.ar/sites/default/files/no-2020-39815171-apn-dgadmd.pdf,https://www.argentina.gob.ar/sites/default/files/planilla_no-2020-39815171-apn-dgadmd.xlsx,https://www.argentina.gob.ar/sites/default/files/di-2020-26354439-apn-sspoysldmd.pdf
Ministerio de Defensa,2020-03-31,2020-06-22,"Comunicación Oficial enviada por el Ministerio de Defensa con el detalle del procedimiento COVID-19 Nº007/2020, planilla adjunta y acto administrativo.",https://www.argentina.gob.ar/sites/default/files/no-2020-39816658-apn-dgadmd.pdff,https://www.argentina.gob.ar/sites/default/files/planilla_no-2020-39816658-apn-dgadmd.xlsx,https://www.argentina.gob.ar/sites/default/files/di-2020-29150606-apn-sspoysldmd.pdf
Ministerio de Defensa,2020-04-28,2020-06-22,"Comunicación Oficial enviada por el Ministerio de Defensa con el detalle del procedimiento COVID-19 Nº005/2020, planilla adjunta y acto administrativo.",https://www.argentina.gob.ar/sites/default/files/no-2020-39817186-apn-dgadmd.pdf,https://www.argentina.gob.ar/sites/default/files/planilla_no-2020-39817186-apn-dgadmd.xlsx,https://www.argentina.gob.ar/sites/default/files/di-2020-29150333-apn-sspoysldmd.pdf
Administración Nacional de Aviación Civil,2020-05-14,2020-06-23,"Comunicación Oficial enviada por la Administración Nacional de Aviación Civil con el detalle del procedimiento COMPR.AR 327-0006-CDI20, planilla adjunta y acto administrativo.",https://www.argentina.gob.ar/sites/default/files/no-2020-39950781-apn-dgltyaanac.pdf,https://www.argentina.gob.ar/sites/default/files/planilla_no-2020-39950781-apn-dgltyaanac.xlsx,https://www.argentina.gob.ar/sites/default/files/rs-2020-37726797-apn-anacmtr.pdf
Secretaría General de la Presidencia de la Nación,2020-06-04,2020-06-23,"Comunicación Oficial enviada por la Secretaría General de la Presidencia de la Nación con el detalle del procedimiento COVID-19 N°2/2020 / COMPR.AR 23-0029-CDI20, planilla adjunta y acto administrativo.",https://www.argentina.gob.ar/sites/default/files/me-2020-40171198-apn-dpyssgp.pdf,https://www.argentina.gob.ar/sites/default/files/planilla_me-2020-40171198-apn-dpyssgp.xlsx,https://www.argentina.gob.ar/sites/default/files/di-2020-39533481-apn-sscsgp.pdf
Ministerio de Educación,2020-06-12,2020-06-23,"Comunicación Oficial enviada por el Ministerio de Educación con el detalle del procedimiento COMPR.AR 82-0011-LPU20, planilla adjunta y acto administrativo.",https://www.argentina.gob.ar/sites/default/files/no-2020-40202906-apn-dcmemeccyt.pdf,https://www.argentina.gob.ar/sites/default/files/planilla_no-2020-40202906-apn-dcmemeccyt_1.xlsx,https://www.argentina.gob.ar/sites/default/files/rs-2020-38260342-apn-me.pdf
Ministerio de Educación,2020-06-17,2020-06-23,"Comunicación Oficial enviada por el Ministerio de Educación con el detalle del procedimiento COMPR.AR 82-0016-CDI20, planilla adjunta y acto administrativo.",https://www.argentina.gob.ar/sites/default/files/no-2020-40202906-apn-dcmemeccyt.pdf,https://www.argentina.gob.ar/sites/default/files/planilla_no-2020-40202906-apn-dcmemeccyt_2.xlsx,https://www.argentina.gob.ar/sites/default/files/rs-2020-39463899-apn-me.pdf
Armada Argentina,2020-05-22,2020-06-24,"Comunicación Oficial enviada por la Armada Argentina - Hospital Naval con el detalle del procedimiento COMPR.AR 38/38-0088-CDI20 / COVID-19 Nº088-2020, planilla adjunta y acto administrativo.",https://www.argentina.gob.ar/sites/default/files/no-2020-40355568-apn-dgsaara.pdf,https://www.argentina.gob.ar/sites/default/files/planilla_no-2020-40355568-apn-dgsaara.xlsx,https://www.argentina.gob.ar/sites/default/files/di-2020-37073560-apn-dgsaara.pdf
Ejército Argentino,2020-04-24,2020-06-24,"Comunicación Oficial enviada por el Ejército Argentino - Comando de Brigada Blindada II con el detalle del procedimiento COVID-19 Nº01/2020, planilla adjunta y acto administrativo.",https://www.argentina.gob.ar/sites/default/files/no-2020-40362410-apn-cbbiiea.pdf,https://www.argentina.gob.ar/sites/default/files/planilla_no-2020-40362410-apn-cbbiiea_1.xlsx,https://www.argentina.gob.ar/sites/default/files/rs-2020-31678561-apn-caaeea.pdf
Ejército Argentino,2020-05-07,2020-06-24,"Comunicación Oficial enviada por el Ejército Argentino - Comando de Brigada Blindada II con el detalle del procedimiento COVID-19 Nº02/2020, planilla adjunta y acto administrativo.",https://www.argentina.gob.ar/sites/default/files/no-2020-40362410-apn-cbbiiea.pdf,https://www.argentina.gob.ar/sites/default/files/planilla_no-2020-40362410-apn-cbbiiea_2.xlsx,https://www.argentina.gob.ar/sites/default/files/rs-2020-33011229-apn-caaeea.pdf
Ejército Argentino,2020-05-18,2020-06-24,"Comunicación Oficial enviada por el Ejército Argentino - Comando de Brigada Blindada II con el detalle del procedimiento COVID-19 Nº03/2020, planilla adjunta y acto administrativo.",https://www.argentina.gob.ar/sites/default/files/no-2020-40362410-apn-cbbiiea.pdf,https://www.argentina.gob.ar/sites/default/files/planilla_no-2020-40362410-apn-cbbiiea_3.xlsx,https://www.argentina.gob.ar/sites/default/files/rs-2020-36000475-apn-caaeea.pdf
Ejército Argentino,2020-05-18,2020-06-24,"Comunicación Oficial enviada por el Ejército Argentino - Comando de Brigada Blindada II con el detalle del procedimiento COVID-19 Nº04/2020, planilla adjunta y acto administrativo.",https://www.argentina.gob.ar/sites/default/files/no-2020-40362410-apn-cbbiiea.pdf,https://www.argentina.gob.ar/sites/default/files/planilla_no-2020-40362410-apn-cbbiiea_4.xlsx,https://www.argentina.gob.ar/sites/default/files/rs-2020-36764543-apn-caaeea.pdf
Ministerio de Salud,2020-06-09,2020-06-25,"Comunicación Oficial enviada por el Instituto Nacional de Rehabilitación Psicofísica del Sur - Ministerio de Salud con el detalle del procedimiento COVID-19 Nº 012/2020, planilla adjunta y acto administrativo.",https://www.argentina.gob.ar/sites/default/files/no-2020-40599985-apn-inarepsms.pdf,https://www.argentina.gob.ar/sites/default/files/planilla_no-2020-40599985-apn-inarepsms_1.xlsx,https://www.argentina.gob.ar/sites/default/files/di-2020-39283683-apn-inarepsms.pdf
Ministerio de Salud,2020-06-11,2020-06-25,"Comunicación Oficial enviada por el Instituto Nacional de Rehabilitación Psicofísica del Sur - Ministerio de Salud con el detalle del procedimiento COVID-19 Nº 013/2020, planilla adjunta y acto administrativo.",https://www.argentina.gob.ar/sites/default/files/no-2020-40599985-apn-inarepsms.pdf,https://www.argentina.gob.ar/sites/default/files/planilla_no-2020-40599985-apn-inarepsms_2.xlsx,https://www.argentina.gob.ar/sites/default/files/di-2020-39270734-apn-inarepsms.pdf
Ejército Argentino,2020-05-27,2020-06-25,"Comunicación Oficial enviada por el Hospital Militar Central - Ejército Argentino con el detalle del procedimiento COVID-19 Nº 10/2020, planilla adjunta y acto administrativo.",https://www.argentina.gob.ar/sites/default/files/no-2020-40615890-apn-hmcea.pdf,https://www.argentina.gob.ar/sites/default/files/planilla_no-2020-40615890-apn-hmcea_1.xlsx,https://www.argentina.gob.ar/sites/default/files/rs-2020-38030400-apn-hmcea.pdf
Ejército Argentino,2020-06-01,2020-06-25,"Comunicación Oficial enviada por el Hospital Militar Central - Ejército Argentino con el detalle del procedimiento COVID-19 Nº 11/2020, planilla adjunta y acto administrativo.",https://www.argentina.gob.ar/sites/default/files/no-2020-40615890-apn-hmcea.pdf,https://www.argentina.gob.ar/sites/default/files/planilla_no-2020-40615890-apn-hmcea_2.xlsx,https://www.argentina.gob.ar/sites/default/files/rs-2020-39246441-apn-hmcea.pdf
Ministerio de Defensa,2020-04-29,2020-06-26,"Comunicación Oficial enviada por el Ministerio de Defensa con el detalle del procedimiento COVID-19 Nº014/2020, planilla adjunta y acto administrativo.",https://www.argentina.gob.ar/sites/default/files/no-2020-40920285-apn-dgadmd.pdf,https://www.argentina.gob.ar/sites/default/files/planilla_no-2020-40920285-apn-dgadmd.xlsx,https://www.argentina.gob.ar/sites/default/files/di-2020-34248726-apn-sspoysldmd.pdf
Ministerio de Defensa,2020-04-28,2020-06-26,"Comunicación Oficial enviada por el Ministerio de Defensa con el detalle del procedimiento COVID-19 Nº012/2020, planilla adjunta y acto administrativo.",https://www.argentina.gob.ar/sites/default/files/no-2020-40920931-apn-dgadmd_0.pdf,https://www.argentina.gob.ar/sites/default/files/planilla_no-2020-40920931-apn-dgadmd_1.xlsx,https://www.argentina.gob.ar/sites/default/files/rs-2020-37169188-apn-md_0.pdf
Ministerio de Economía,2020-05-27,2020-06-26,"Comunicación Oficial enviada por el Ministerio de Economía con el detalle del procedimiento COVID-19 Nº2/2020, planilla adjunta y acto administrativo.",https://www.argentina.gob.ar/sites/default/files/no-2020-40928029-apn-dcpysmec.pdf,https://www.argentina.gob.ar/sites/default/files/planilla_no-2020-40928029-apn-dcpysmec_ok.xlsx,https://www.argentina.gob.ar/sites/default/files/di-2020-40026159-apn-ssadynpmec.pdf
Ministerio de Defensa,2020-04-13,2020-06-26,"Comunicación Oficial rectificatoria enviada por el Ministerio de Defensa con el detalle del procedimiento COVID-19 Nº009/2020, planilla adjunta y acto administrativo.",https://www.argentina.gob.ar/sites/default/files/no-2020-41039456-apn-dgadmd.pdf,https://www.argentina.gob.ar/sites/default/files/planilla_no-2020-41039456-apn-dgadmd.xlsx,https://www.argentina.gob.ar/sites/default/files/di-2020-30057717-apn-sspoysldmd.pdf
Superintendencia de Servicios de Salud,2020-06-17,2020-06-26,"Comunicación Oficial enviada por la Superintendencia de Servicios de Salud con el detalle del procedimiento COMPR.AR 71-0017-CDI20, planilla adjunta y acto administrativo.",https://www.argentina.gob.ar/sites/default/files/no-2020-41066460-apn-ccypsss.pdf,https://www.argentina.gob.ar/sites/default/files/planilla_no-2020-41066460-apn-ccypsss.xlsx,https://www.argentina.gob.ar/sites/default/files/rs-2020-40762933-apn-sssms.pdf
Ministerio de Salud,2020-05-28,2020-06-29,"Comunicación Oficial enviada por la Colonia Nacional Montes de Oca - Ministerio de Salud con el detalle del procedimiento COVID-19 Nº 08/2020, planilla adjunta y acto administrativo.",https://www.argentina.gob.ar/sites/default/files/no-2020-41320609-apn-dtacnmo_0.pdf,https://www.argentina.gob.ar/sites/default/files/planilla_no-2020-41320609-apn-dtacnmo_ok.xlsx,https://www.argentina.gob.ar/sites/default/files/rs-2020-38441867-apn-dcnmo.pdf
Ministerio de Salud,2020-04-17,2020-06-30,"Comunicación Oficial enviada por la Colonia Nacional Montes de Oca - Ministerio de Salud con el detalle del procedimiento COVID-19 Nº 03/2020, planilla adjunta y acto administrativo.",https://www.argentina.gob.ar/sites/default/files/no-2020-41688836-apn-dtacnmo.pdf,https://www.argentina.gob.ar/sites/default/files/planilla_no-2020-41688836-apn-dtacnmo.xlsx,https://www.argentina.gob.ar/sites/default/files/rs-2020-38982016-apn-dcnmo.pdf
Ministerio de Salud,2020-05-22,2020-06-30,"Comunicación Oficial enviada por la Colonia Nacional Montes de Oca - Ministerio de Salud con el detalle del procedimiento COVID-19 Nº 06/2020, planilla adjunta y acto administrativo.",https://www.argentina.gob.ar/sites/default/files/no-2020-41714347-apn-dtacnmo.pdf,https://www.argentina.gob.ar/sites/default/files/planilla_no-2020-41714347-apn-dtacnmo.xlsx,https://www.argentina.gob.ar/sites/default/files/rs-2020-38980976-apn-dcnmo.pdf
Ministerio de Salud,2020-05-26,2020-06-30,"Comunicación Oficial enviada por la Colonia Nacional Montes de Oca - Ministerio de Salud con el detalle del procedimiento COVID-19 Nº 07/2020, planilla adjunta y acto administrativo.",https://www.argentina.gob.ar/sites/default/files/no-2020-41715952-apn-dtacnmo.pdf,https://www.argentina.gob.ar/sites/default/files/planilla_no-2020-41715952-apn-dtacnmo.xlsx,https://www.argentina.gob.ar/sites/default/files/rs-2020-37947521-apn-dcnmo.pdf
Gendarmería Nacional Argentina,2020-05-27,2020-07-01,"Comunicación Oficial enviada por la Gendarmería Nacional Argentina - Escuadron 7 Paso de los Libres ""Cabo Misael Pereyra""con el detalle del procedimiento COVID-19 Nº01/2020, planilla adjunta y acto administrativo.",https://www.argentina.gob.ar/sites/default/files/no-2020-42015097-apn-espalibregna.pdf,https://www.argentina.gob.ar/sites/default/files/planilla_no-2020-42015097-apn-espalibregna.xlsx,https://www.argentina.gob.ar/sites/default/files/acto-2020-41355486-apn-espalibregna.pdf
Ministerio de Salud,2020-04-07,2020-07-07,"Comunicación Oficial enviada por la Colonia Nacional Montes de Oca - Ministerio de Salud con el detalle del procedimiento COVID-19 Nº 01/2020, planilla adjunta y acto administrativo.",https://www.argentina.gob.ar/sites/default/files/no-2020-43398766-apn-dtacnmo.pdf,https://www.argentina.gob.ar/sites/default/files/planilla_no-2020-43398766-apn-dtacnmo.xlsx,https://www.argentina.gob.ar/sites/default/files/rs-2020-41390314-apn-dcnmo.pdf
Armada Argentina,2020-05-28,2020-07-09,"Comunicación Oficial enviada por la Armada Argentina - Cuartel General del Estado Mayor General de la Armada con el detalle del procedimiento COMPR.AR 38/19-0094-CDI20 / COVID-19, planilla adjunta y acto administrativo.",https://www.argentina.gob.ar/sites/default/files/no-2020-43903759-apn-cuemara.pdf,https://www.argentina.gob.ar/sites/default/files/planilla_no-2020-43903759-apn-cuemara.xlsx,https://www.argentina.gob.ar/sites/default/files/di-2020-39775559-apn-dgsaara.pdf
Armada Argentina,2020-06-02,2020-07-09,"Comunicación Oficial enviada por la Armada Argentina - Cuartel General del Estado Mayor General de la Armada con el detalle del procedimiento COMPR.AR 38/19-0100-CDI20 / COVID-19, planilla adjunta y acto administrativo.",https://www.argentina.gob.ar/sites/default/files/no-2020-43903778-apn-cuemara.pdf,https://www.argentina.gob.ar/sites/default/files/planilla_no-2020-43903778-apn-cuemara.xlsx,https://www.argentina.gob.ar/sites/default/files/di-2020-39400770-apn-dgsaara.pdf
Armada Argentina,2020-05-27,2020-07-09,"Comunicación Oficial enviada por la Armada Argentina - Cuartel General del Estado Mayor General de la Armada con el detalle del procedimiento COMPR.AR 38/19-0096-CDI20 / COVID-19, planilla adjunta y acto administrativo.",https://www.argentina.gob.ar/sites/default/files/no-2020-43903796-apn-cuemara.pdf,https://www.argentina.gob.ar/sites/default/files/planilla_no-2020-43903796-apn-cuemara.xlsx,https://www.argentina.gob.ar/sites/default/files/di-2020-38414505-apn-dgsaara.pdf
Ministerio de Salud,2020-03-18,2020-07-11,"Comunicación Oficial enviada por el Ministerio de Salud - Dirección General de Proyectos con Financiamiento Externo con el detalle del procedimiento COVID-19 01/2020, planilla adjunta y acto administrativo.",https://www.argentina.gob.ar/sites/default/files/no-2020-44176792-apn-ssgams.pdf,https://www.argentina.gob.ar/sites/default/files/planilla_no-2020-44176792-apn-ssgams_1.xlsx,https://www.argentina.gob.ar/sites/default/files/if-2020-36433682-apn-dgpfems.pdf
Ministerio de Salud,2020-04-15,2020-07-11,"Comunicación Oficial enviada por el Ministerio de Salud - Dirección General de Proyectos con Financiamiento Externo con el detalle del procedimiento COVID-19 02/2020, planilla adjunta y acto administrativo.",https://www.argentina.gob.ar/sites/default/files/no-2020-44176792-apn-ssgams.pdf,https://www.argentina.gob.ar/sites/default/files/planilla_no-2020-44176792-apn-ssgams_2.xlsx,https://www.argentina.gob.ar/sites/default/files/di-2020-29208993-apn-ssgams.pdf
Ministerio de Salud,2020-03-23,2020-07-11,"Comunicación Oficial enviada por el Ministerio de Salud - Dirección General de Proyectos con Financiamiento Externo con el detalle del procedimiento Compulsa de precios 80/12-0001-LPU20, planilla adjunta y acto administrativo.",https://www.argentina.gob.ar/sites/default/files/no-2020-44176792-apn-ssgams.pdf,https://www.argentina.gob.ar/sites/default/files/planilla_no-2020-44176792-apn-ssgams_3.xlsx,https://www.argentina.gob.ar/sites/default/files/if-2020-25423316-apn-ssgams.pdf
Ministerio de Salud,2020-04-28,2020-07-11,"Comunicación Oficial enviada por el Ministerio de Salud - Dirección General de Proyectos con Financiamiento Externo con el detalle del procedimiento COVID-19 N° GO-DIR-01-2020, planilla adjunta y acto administrativo.",https://www.argentina.gob.ar/sites/default/files/no-2020-44176792-apn-ssgams.pdf,https://www.argentina.gob.ar/sites/default/files/planilla_no-2020-44176792-apn-ssgams_4.xlsx,https://www.argentina.gob.ar/sites/default/files/di-2020-32019118-apn-ssgams.pdf
Ministerio de Salud,2020-04-15,2020-07-11,"Comunicación Oficial enviada por el Ministerio de Salud - Dirección General de Proyectos con Financiamiento Externo con el detalle del procedimiento COVID-19 N° GO-DIR-02-2020, planilla adjunta y acto administrativo.",https://www.argentina.gob.ar/sites/default/files/no-2020-44176792-apn-ssgams.pdf,https://www.argentina.gob.ar/sites/default/files/planilla_no-2020-44176792-apn-ssgams_5.xlsx,https://www.argentina.gob.ar/sites/default/files/di-2020-32025791-apn-ssgams.pdf
Ministerio de Salud,2020-04-12,2020-07-11,"Comunicación Oficial enviada por el Ministerio de Salud - Dirección General de Proyectos con Financiamiento Externo con el detalle del procedimiento COVID-19 N° GO-DIR-03-2020, planilla adjunta y acto administrativo.",https://www.argentina.gob.ar/sites/default/files/no-2020-44176792-apn-ssgams.pdf,https://www.argentina.gob.ar/sites/default/files/planilla_no-2020-44176792-apn-ssgams_6.xlsx,https://www.argentina.gob.ar/sites/default/files/di-2020-32677453-apn-ssgams.pdf
Ministerio de Salud,2020-04-11,2020-07-11,"Comunicación Oficial enviada por el Ministerio de Salud - Dirección General de Proyectos con Financiamiento Externo con el detalle del procedimiento COVID-19 N° GO-DIR-04-2020, planilla adjunta y acto administrativo.",https://www.argentina.gob.ar/sites/default/files/no-2020-44176792-apn-ssgams.pdf,https://www.argentina.gob.ar/sites/default/files/planilla_no-2020-44176792-apn-ssgams_7.xlsx,https://www.argentina.gob.ar/sites/default/files/di-2020-32677453-apn-ssgams.pdf
Ministerio de Salud,2020-04-17,2020-07-11,"Comunicación Oficial enviada por el Ministerio de Salud - Dirección General de Proyectos con Financiamiento Externo con el detalle del procedimiento COVID-19 N° GO-DIR-05-2020, planilla adjunta y acto administrativo.",https://www.argentina.gob.ar/sites/default/files/no-2020-44176792-apn-ssgams.pdf,https://www.argentina.gob.ar/sites/default/files/planilla_no-2020-44176792-apn-ssgams_8.xlsx,https://www.argentina.gob.ar/sites/default/files/di-2020-32677453-apn-ssgams.pdf
Ministerio de Salud,2020-04-14,2020-07-11,"Comunicación Oficial enviada por el Ministerio de Salud - Dirección General de Proyectos con Financiamiento Externo con el detalle del procedimiento COVID-19 N° GO-DIR-06-2020, planilla adjunta y acto administrativo.",https://www.argentina.gob.ar/sites/default/files/no-2020-44176792-apn-ssgams.pdf,https://www.argentina.gob.ar/sites/default/files/planilla_no-2020-44176792-apn-ssgams_9.xlsx,https://www.argentina.gob.ar/sites/default/files/di-2020-32678189-apn-ssgams.pdf
Ministerio de Salud,2020-05-04,2020-07-11,"Comunicación Oficial enviada por el Ministerio de Salud - Dirección General de Proyectos con Financiamiento Externo con el detalle del procedimiento COVID-19 N° GO-DIR-08-2020, planilla adjunta y acto administrativo.",https://www.argentina.gob.ar/sites/default/files/no-2020-44176792-apn-ssgams.pdf,https://www.argentina.gob.ar/sites/default/files/planilla_no-2020-44176792-apn-ssgams_10.xlsx,https://www.argentina.gob.ar/sites/default/files/di-2020-33351678-apn-ssgams.pdf
Ministerio de Salud,2020-05-06,2020-07-11,"Comunicación Oficial enviada por el Ministerio de Salud - Dirección General de Proyectos con Financiamiento Externo con el detalle del procedimiento COVID-19 N° GO-DIR-09-2020, planilla adjunta y acto administrativo.",https://www.argentina.gob.ar/sites/default/files/no-2020-44176792-apn-ssgams.pdf,https://www.argentina.gob.ar/sites/default/files/planilla_no-2020-44176792-apn-ssgams_11.xlsx,https://www.argentina.gob.ar/sites/default/files/di-2020-35430592-apn-ssgams.pdf
Ministerio de Salud,2020-05-04,2020-07-11,"Comunicación Oficial enviada por el Ministerio de Salud - Dirección General de Proyectos con Financiamiento Externo con el detalle del procedimiento COVID-19 N° GO-DIR-10-2020, planilla adjunta y acto administrativo.",https://www.argentina.gob.ar/sites/default/files/no-2020-44176792-apn-ssgams.pdf,https://www.argentina.gob.ar/sites/default/files/planilla_no-2020-44176792-apn-ssgams_12.xlsx,https://www.argentina.gob.ar/sites/default/files/di-2020-37111665-apn-ssgams.pdf
Ministerio de Salud,2020-04-29,2020-07-11,"Comunicación Oficial enviada por el Ministerio de Salud - Dirección General de Proyectos con Financiamiento Externo con el detalle del procedimiento COVID-19 N° GO-DIR-11-2020, planilla adjunta y acto administrativo.",https://www.argentina.gob.ar/sites/default/files/no-2020-44176792-apn-ssgams.pdf,https://www.argentina.gob.ar/sites/default/files/planilla_no-2020-44176792-apn-ssgams_13.xlsx,https://www.argentina.gob.ar/sites/default/files/di-2020-30500765-apn-ssgams.pdf
Ministerio de Salud,2020-06-05,2020-07-11,"Comunicación Oficial enviada por el Ministerio de Salud - Dirección General de Proyectos con Financiamiento Externo con el detalle del procedimiento COVID-19 N° GO-DIR-12-2020, planilla adjunta y acto administrativo.",https://www.argentina.gob.ar/sites/default/files/no-2020-44176792-apn-ssgams.pdf,https://www.argentina.gob.ar/sites/default/files/planilla_no-2020-44176792-apn-ssgams_14.xlsx,https://www.argentina.gob.ar/sites/default/files/di-2020-42130510-apn-ssgams.pdf
Ministerio de Salud,2020-04-09,2020-07-11,"Comunicación Oficial enviada por el Ministerio de Salud - Dirección General de Proyectos con Financiamiento Externo con el detalle del procedimiento COVID-19 N° GO-RFQ-02-2020, planilla adjunta y acto administrativo.",https://www.argentina.gob.ar/sites/default/files/no-2020-44176792-apn-ssgams.pdf,https://www.argentina.gob.ar/sites/default/files/planilla_no-2020-44176792-apn-ssgams_15.xlsx,https://www.argentina.gob.ar/sites/default/files/di-2020-27351997-apn-ssgams.pdf
Ministerio de Salud,2020-03-23,2020-07-11,"Comunicación Oficial enviada por el Ministerio de Salud - Dirección General de Proyectos con Financiamiento Externo con el detalle del procedimiento COVID-19 N° GO-RFQ-01-2020 (subsanación en Nota NO-2020-44263197-APN-SSGA#MS), planilla adjunta y acto administrativo.",https://www.argentina.gob.ar/sites/default/files/no-2020-44176792-apn-ssgams.pdf,https://www.argentina.gob.ar/sites/default/files/planilla_no-2020-44176792-apn-ssgams_16.xlsx,https://www.argentina.gob.ar/sites/default/files/if-2020-25423316-apn-ssgams_0.pdf
Ministerio de Salud,2020-03-18,2020-07-11,"Comunicación Oficial enviada por el Ministerio de Salud - Dirección General de Proyectos con Financiamiento Externo con el detalle del procedimiento COVID-19 N° PMAPSECNT2-59-CD-B, planilla adjunta y acto administrativo.",https://www.argentina.gob.ar/sites/default/files/no-2020-44176792-apn-ssgams.pdf,https://www.argentina.gob.ar/sites/default/files/planilla_no-2020-44176792-apn-ssgams_17.xlsx,https://www.argentina.gob.ar/sites/default/files/di-2020-34506804-apn-ssgams.pdf
Ministerio de Salud,2020-03-17,2020-07-11,"Comunicación Oficial enviada por el Ministerio de Salud - Dirección General de Proyectos con Financiamiento Externo con el detalle del procedimiento COVID-19 N° PMAPSECNT2-60-CD-B, planilla adjunta y acto administrativo.",https://www.argentina.gob.ar/sites/default/files/no-2020-44176792-apn-ssgams.pdf,https://www.argentina.gob.ar/sites/default/files/planilla_no-2020-44176792-apn-ssgams_18.xlsx,https://www.argentina.gob.ar/sites/default/files/di-2020-34506804-apn-ssgams.pdf
Ministerio de Salud,2020-03-20,2020-07-11,"Comunicación Oficial enviada por el Ministerio de Salud - Dirección General de Proyectos con Financiamiento Externo con el detalle del procedimiento COVID-19 N° PMAPSECNT2-61-CD-B, planilla adjunta y acto administrativo.",https://www.argentina.gob.ar/sites/default/files/no-2020-44176792-apn-ssgams.pdf,https://www.argentina.gob.ar/sites/default/files/planilla_no-2020-44176792-apn-ssgams_19.xlsx,https://www.argentina.gob.ar/sites/default/files/di-2020-34506804-apn-ssgams.pdf
Ministerio de Salud,2020-03-25,2020-07-11,"Comunicación Oficial enviada por el Ministerio de Salud - Dirección General de Proyectos con Financiamiento Externo con el detalle del procedimiento COVID-19 N° PMAPSECNT2-62-CD-B, planilla adjunta y acto administrativo.",https://www.argentina.gob.ar/sites/default/files/no-2020-44176792-apn-ssgams.pdf,https://www.argentina.gob.ar/sites/default/files/planilla_no-2020-44176792-apn-ssgams_20.xlsx,https://www.argentina.gob.ar/sites/default/files/di-2020-34506804-apn-ssgams.pdf
Ministerio de Salud,2020-04-02,2020-07-11,"Comunicación Oficial enviada por el Ministerio de Salud - Dirección General de Proyectos con Financiamiento Externo con el detalle del procedimiento COVID-19 N° PMAPSECNT2-63-CD-B, planilla adjunta y acto administrativo.",https://www.argentina.gob.ar/sites/default/files/no-2020-44176792-apn-ssgams.pdf,https://www.argentina.gob.ar/sites/default/files/planilla_no-2020-44176792-apn-ssgams_21.xlsx,https://www.argentina.gob.ar/sites/default/files/di-2020-34506804-apn-ssgams.pdf
Ministerio de Salud,2020-04-13,2020-07-11,"Comunicación Oficial enviada por el Ministerio de Salud - Dirección General de Proyectos con Financiamiento Externo con el detalle del procedimiento COVID-19 N° PMAPSECNT2-64-CD-B, planilla adjunta y acto administrativo.",https://www.argentina.gob.ar/sites/default/files/no-2020-44176792-apn-ssgams.pdf,https://www.argentina.gob.ar/sites/default/files/planilla_no-2020-44176792-apn-ssgams_22.xlsx,https://www.argentina.gob.ar/sites/default/files/di-2020-39131452-apn-ssgams.pdf
Ministerio de Salud,2020-04-13,2020-07-11,"Comunicación Oficial enviada por el Ministerio de Salud - Dirección General de Proyectos con Financiamiento Externo con el detalle del procedimiento COVID-19 N° PMAPSECNT2-65-CD-B, planilla adjunta y acto administrativo.",https://www.argentina.gob.ar/sites/default/files/no-2020-44176792-apn-ssgams.pdf,https://www.argentina.gob.ar/sites/default/files/planilla_no-2020-44176792-apn-ssgams_23.xlsx,https://www.argentina.gob.ar/sites/default/files/di-2020-39133823-apn-ssgams.pdf
Ministerio de Salud,2020-04-13,2020-07-11,"Comunicación Oficial enviada por el Ministerio de Salud - Dirección General de Proyectos con Financiamiento Externo con el detalle del procedimiento COVID-19 N° PMAPSECNT2-66-CD-B, planilla adjunta y acto administrativo.",https://www.argentina.gob.ar/sites/default/files/no-2020-44176792-apn-ssgams.pdf,https://www.argentina.gob.ar/sites/default/files/planilla_no-2020-44176792-apn-ssgams_24.xlsx,https://www.argentina.gob.ar/sites/default/files/di-2020-39158095-apn-ssgams.pdf
Ministerio de Salud,2020-03-13,2020-07-11,Comunicación Oficial enviada por el Ministerio de Salud con el detalle del procedimiento COMPR.AR 80-0002-CDI20 y planilla adjunta.,https://www.argentina.gob.ar/sites/default/files/no-2020-44181721-apn-ssgams.pdf,https://www.argentina.gob.ar/sites/default/files/planilla_no-2020-44181721-apn-ssgams_1.xlsx,
Ministerio de Salud,2020-03-13,2020-07-11,"Comunicación Oficial enviada por el Ministerio de Salud con el detalle del procedimiento COMPR.AR 80-0003-CDI20, planilla adjunta y acto administrativo.",https://www.argentina.gob.ar/sites/default/files/no-2020-44181721-apn-ssgams.pdf,https://www.argentina.gob.ar/sites/default/files/planilla_no-2020-44181721-apn-ssgams_2.xlsx,https://www.argentina.gob.ar/sites/default/files/rs-2020-17644972-apn-ms.pdf
Ministerio de Salud,2020-03-26,2020-07-11,"Comunicación Oficial enviada por el Ministerio de Salud con el detalle del procedimiento COVID-19 N° 01/2020, planilla adjunta y acto administrativo.",https://www.argentina.gob.ar/sites/default/files/no-2020-44181721-apn-ssgams.pdf,https://www.argentina.gob.ar/sites/default/files/planilla_no-2020-44181721-apn-ssgams_3.xlsx,https://www.argentina.gob.ar/sites/default/files/rs-2020-31241694-apn-ms.pdf
Ministerio de Salud,2020-04-06,2020-07-11,"Comunicación Oficial enviada por el Ministerio de Salud con el detalle del procedimiento COVID-19 N° 02/2020, planilla adjunta y acto administrativo.",https://www.argentina.gob.ar/sites/default/files/no-2020-44181721-apn-ssgams.pdf,https://www.argentina.gob.ar/sites/default/files/planilla_no-2020-44181721-apn-ssgams_4.xlsx,https://www.argentina.gob.ar/sites/default/files/rs-2020-30288454-apn-scsms.pdf
Ministerio de Salud,2020-04-21,2020-07-11,"Comunicación Oficial enviada por el Ministerio de Salud con el detalle del procedimiento COMPR.AR 80-0007-CDI20, planilla adjunta y acto administrativo.",https://www.argentina.gob.ar/sites/default/files/no-2020-44181721-apn-ssgams.pdf,https://www.argentina.gob.ar/sites/default/files/planilla_no-2020-44181721-apn-ssgams_5.xlsx,https://www.argentina.gob.ar/sites/default/files/rs-2020-37953999-apn-ms.pdf
Ministerio de Salud,2020-05-04,2020-07-11,"Comunicación Oficial enviada por el Ministerio de Salud con el detalle del procedimiento COMPR.AR 80-0013-CDI20 / COVID-19 N°03/2020, planilla adjunta y acto administrativo.",https://www.argentina.gob.ar/sites/default/files/no-2020-44181721-apn-ssgams.pdf,https://www.argentina.gob.ar/sites/default/files/planilla_no-2020-44181721-apn-ssgams_6.xlsx,https://www.argentina.gob.ar/sites/default/files/rs-2020-33768276-apn-ms.pdf
Ministerio de Salud,2020-06-03,2020-07-11,"Comunicación Oficial enviada por el Ministerio de Salud con el detalle del procedimiento COMPR.AR 80-0021-CDI20 / COVID-19 N°04/2020, planilla adjunta y acto administrativo.",https://www.argentina.gob.ar/sites/default/files/no-2020-44181721-apn-ssgams.pdf,https://www.argentina.gob.ar/sites/default/files/planilla_no-2020-44181721-apn-ssgams_8.xlsx,https://www.argentina.gob.ar/sites/default/files/rs-2020-42169709-apn-ms.pdf
Ministerio de Salud,2020-04-30,2020-07-11,"Comunicación Oficial enviada por el Ministerio de Salud con el detalle del procedimiento COMPR.AR 80-0011-CDI20, planilla adjunta y acto administrativo.",https://www.argentina.gob.ar/sites/default/files/no-2020-44181721-apn-ssgams.pdf,https://www.argentina.gob.ar/sites/default/files/planilla_no-2020-44181721-apn-ssgams_10.xlsxx,https://www.argentina.gob.ar/sites/default/files/rs-2020-35989587-apn-ms.pdf
Universidad Nacional General San Martín,2020-06-16,2020-07-06,Planilla enviada por la Universidad Nacional General San Martín con el detalle del procedimiento COVID-19 Nº68-2020,,https://www.argentina.gob.ar/sites/default/files/planilla_mail_unsam_68-2020.pdf,https://www.argentina.gob.ar/sites/default/files/rr_555-20_adjudicacion_-_cd_por_emergencia_covid-19_68-2020.pdf
Universidad Nacional de La Matanza,2020-06-19,2020-07-07,Planilla enviada por la Universidad Nacional de La Matanza con el detalle del procedimiento COVID-19 Nº29-2020,,https://www.argentina.gob.ar/sites/default/files/planilla_unlm_covid-19_no29-2020.xlsx,
Universidad Nacional de La Matanza,2020-06-17,2020-07-08,Planilla enviada por la Universidad Nacional de La Matanza con el detalle del procedimiento COVID-19 Nº28-2020,,https://www.argentina.gob.ar/sites/default/files/planilla_unlm_covid-19_no28-2020.xlsx,
Ministerio de Turismo y Deportes,2020-03-30,2020-07-07,"Comunicación Oficial enviada por el Ministerio de Turismo y Deportes con el detalle del procedimiento COVID-19 N°01/2020, planilla adjunta y acto administrativo.",https://www.argentina.gob.ar/sites/default/files/no-2020-43485047-apn-dcpyssgp.pdf,https://www.argentina.gob.ar/sites/default/files/planilla_no-2020-43485047-apn-dcpyssgp_1.xlsx,https://www.argentina.gob.ar/sites/default/files/rs-2020-23792938-apn-mtyd.pdf
Ministerio de Turismo y Deportes,2020-04-02,2020-07-07,"Comunicación Oficial enviada por el Ministerio de Turismo y Deportes con el detalle del procedimiento COVID-19 N°06/2020, planilla adjunta y acto administrativo.",https://www.argentina.gob.ar/sites/default/files/no-2020-43485047-apn-dcpyssgp.pdf,https://www.argentina.gob.ar/sites/default/files/planilla_no-2020-43485047-apn-dcpyssgp_2.xlsx,https://www.argentina.gob.ar/sites/default/files/di-2020-31714599-apn-sscaystnmtyd.pdf
Ministerio de Turismo y Deportes,2020-04-07,2020-07-07,"Comunicación Oficial enviada por el Ministerio de Turismo y Deportes con el detalle del procedimiento COVID-19 N°04/2020, planilla adjunta y acto administrativo.",https://www.argentina.gob.ar/sites/default/files/no-2020-43485047-apn-dcpyssgp.pdf,https://www.argentina.gob.ar/sites/default/files/planilla_no-2020-43485047-apn-dcpyssgp_3.xlsx,https://www.argentina.gob.ar/sites/default/files/di-2020-30478399-apn-sscaystnmtyd.pdff
Gendarmería Nacional Argentina,2020-06-10,2020-07-16,"Comunicación Oficial enviada por la Gendarmería Nacional Argentina con el detalle del procedimiento COVID-19 Nº02/2020 / COMPR.AR 37/18-0451-CDI20, planilla adjunta y acto administrativo.",https://www.argentina.gob.ar/sites/default/files/no-2020-45406593-apn-espalibregna.pdf,https://www.argentina.gob.ar/sites/default/files/planilla_no-2020-45406593-apn-espalibregna.xlsx,https://www.argentina.gob.ar/sites/default/files/acto-2020-45050324-apn-espalibregna.pdf
Ministerio de Desarrollo Social,2020-06-30,2020-07-17,"Comunicación Oficial enviada por el Ministerio de Desarrollo Social con el detalle del procedimiento COMPR.AR 95-0053-CDI20 / COVID-19 N°18/2020, planilla adjunta y acto administrativo.",https://www.argentina.gob.ar/sites/default/files/no-2020-45715295-apn-dcycmds.pdf,https://www.argentina.gob.ar/sites/default/files/planillas_no-2020-45715295-apn-dcycmds.xlsx,https://www.argentina.gob.ar/sites/default/files/rs-2020-43473032-apn-mds.pdf
Comisión Nacional de Regulación del Transporte,2020-06-17,2020-07-17,"Comunicación Oficial enviada por la Comisión Nacional de Regulación del Transporte con el detalle del procedimiento COMPR.AR 73-0023-CDI20, planilla adjunta y acto administrativo.",https://www.argentina.gob.ar/sites/default/files/no-2020-45741952-apn-dcsylcnrt.pdf,https://www.argentina.gob.ar/sites/default/files/planilla_no-2020-45741952-apn-dcsylcnrt.xlsx,https://www.argentina.gob.ar/sites/default/files/di-2020-40703208-apn-cnrtmtr.pdf
Ministerio de Defensa,2020-04-28,2020-07-17,"Comunicación Oficial enviada por el Ministerio de Defensa con el detalle del procedimiento COVID-19 Nº11/2020, planilla adjunta y acto administrativo.",https://www.argentina.gob.ar/sites/default/files/no-2020-45884496-apn-dgadmd.pdf,https://www.argentina.gob.ar/sites/default/files/planilla_no-2020-45884496-apn-dgadmd.xlsx,https://www.argentina.gob.ar/sites/default/files/rs-2020-39505109-apn-seceyammd.pdf
Armada Argentina,2020-06-12,2020-07-19,"Comunicación Oficial enviada por la Armada Argentina - Hospital Naval con el detalle del procedimiento COMPR.AR 38/38-0116-CDI20 / COVID-19 N°116/20, planilla adjunta y acto administrativo.",https://www.argentina.gob.ar/sites/default/files/no-2020-46178161-apn-dgsaara.pdf,https://www.argentina.gob.ar/sites/default/files/planilla_no-2020-46178161-apn-dgsaara.xlsx,https://www.argentina.gob.ar/sites/default/files/di-2020-43451971-apn-dgsaara.pdf
Ministerio de Desarrollo Social,2020-06-29,2020-07-20,"Comunicación Oficial enviada por el Ministerio de Desarrollo Social con el detalle del procedimiento COMPR.AR 95-0050-CDI20 / COVID-19 N°15/2020, planilla adjunta y acto administrativo.",https://www.argentina.gob.ar/sites/default/files/no-2020-46269451-apn-dcycmds.pdf,https://www.argentina.gob.ar/sites/default/files/planilla_no-2020-46269451-apn-dcycmds.xlsx,https://www.argentina.gob.ar/sites/default/files/rs-2020-44683642-apn-sgamds.pdf
Ministerio de Desarrollo Social,2020-07-03,2020-07-21,"Comunicación Oficial enviada por el Ministerio de Desarrollo Social con el detalle del procedimiento COMPR.AR 95-0062-CDI20 / COVID-19 N°27/2020, planilla adjunta y acto administrativo.",https://www.argentina.gob.ar/sites/default/files/no-2020-46645359-apn-dcycmds.pdf,https://www.argentina.gob.ar/sites/default/files/planilla_no-2020-46645359-apn-dcycmds.xlsx,https://www.argentina.gob.ar/sites/default/files/rs-2020-45913941-apn-mds.pdf
Armada Argentina,2020-06-17,2020-07-21,"Comunicación Oficial enviada por la Armada Argentina - Hospital Naval con el detalle del procedimiento COMPR.AR 38/38-0120-CDI20 / COVID-19 N°120/20, planilla adjunta y acto administrativo.",https://www.argentina.gob.ar/sites/default/files/no-2020-46755455-apn-dgsaara.pdf,https://www.argentina.gob.ar/sites/default/files/planilla_no-2020-46755455-apn-dgsaara.xlsx,https://www.argentina.gob.ar/sites/default/files/di-2020-43452621-apn-dgsaara.pdf
Ministerio de Defensa,2020-04-29,2020-07-22,"Comunicación Oficial enviada por el Ministerio de Defensa con el detalle del procedimiento COVID-19 Nº13/2020, planilla adjunta y acto administrativo.",https://www.argentina.gob.ar/sites/default/files/no-2020-47094934-apn-dgadmd.pdf,https://www.argentina.gob.ar/sites/default/files/planilla_no-2020-47094934-apn-dgadmd.xlsx,https://www.argentina.gob.ar/sites/default/files/rs-2020-40164737-apn-scmemd.pdf
Ministerio de Defensa,2020-03-25,2020-07-22,"Comunicación Oficial enviada por el Ministerio de Defensa con el detalle del procedimiento COVID-19 Nº02/2020, planilla adjunta y acto administrativo.",https://www.argentina.gob.ar/sites/default/files/no-2020-47095319-apn-dgadmd.pdf,https://www.argentina.gob.ar/sites/default/files/planilla_no-2020-47095319-apn-dgadmd_0.xlsx,https://www.argentina.gob.ar/sites/default/files/di-2020-39224888-apn-sspoysldmd_0.pdf
Ministerio de Defensa,2020-03-31,2020-07-22,"Comunicación Oficial enviada por el Ministerio de Defensa con el detalle del procedimiento COVID-19 Nº06/2020, planilla adjunta y acto administrativo.",https://www.argentina.gob.ar/sites/default/files/no-2020-47095910-apn-dgadmd_0.pdf,https://www.argentina.gob.ar/sites/default/files/planilla_no-2020-47095910-apn-dgadmd_0.xlsx,https://www.argentina.gob.ar/sites/default/files/rs-2020-39029189-apn-md_0.pdf
Ministerio de Defensa,2020-04-28,2020-07-22,"Comunicación Oficial enviada por el Ministerio de Defensa con el detalle del procedimiento COVID-19 Nº10/2020, planilla adjunta y acto administrativo.",https://www.argentina.gob.ar/sites/default/files/no-2020-47096143-apn-dgadmd.pdf,https://www.argentina.gob.ar/sites/default/files/planilla_no-2020-47096143-apn-dgadmd.xlsx,https://www.argentina.gob.ar/sites/default/files/rs-2020-40164838-apn-scmemd.pdf
Ministerio de Desarrollo Social,2020-06-30,2020-07-23,"Comunicación Oficial enviada por el Ministerio de Desarrollo Social con el detalle del procedimiento COMPR.AR 95-0055-CDI20 / COVID-19 N°20/2020, planilla adjunta y acto administrativo.",https://www.argentina.gob.ar/sites/default/files/no-2020-47287883-apn-dcycmds.pdf,https://www.argentina.gob.ar/sites/default/files/planilla_no-2020-47287883-apn-dcycmds.xlsx,https://www.argentina.gob.ar/sites/default/files/rs-2020-43886528-apn-mds.pdf
Armada Argentina,2020-05-19,2020-07-23,"Comunicación Oficial enviada por la Armada Argentina - Hospital Naval con el detalle del procedimiento COMPR.AR 38/38-0085-CDI20 / COVID-19 N°85/20, planilla adjunta y acto administrativo.",https://www.argentina.gob.ar/sites/default/files/no-2020-47352635-apn-dgsaara.pdf,https://www.argentina.gob.ar/sites/default/files/planilla_no-2020-47352635-apn-dgsaara.xlsxx,https://www.argentina.gob.ar/sites/default/files/di-2020-44951194-apn-dgsaara.pdf
Ministerio de Desarrollo Social,2020-06-29,2020-07-24,"Comunicación Oficial enviada por el Ministerio de Desarrollo Social con el detalle del procedimiento COMPR.AR 95-0051-CDI20 / COVID-19 N°16/2020, planilla adjunta y acto administrativo.",https://www.argentina.gob.ar/sites/default/files/no-2020-47724933-apn-dcycmds.pdf,https://www.argentina.gob.ar/sites/default/files/planilla_no-2020-47724933-apn-dcycmds.xlsx,https://www.argentina.gob.ar/sites/default/files/rs-2020-44689126-apn-sgamds.pdf
Teatro Nacional Cervantes,2020-06-26,2020-07-24,"Comunicación Oficial enviada por el Teatro Nacional Cervantescon el detalle del procedimiento COMPR.AR 17-0029-CDI20, planilla adjunta y acto administrativo.",https://www.argentina.gob.ar/sites/default/files/no-2020-47755552-apn-datnc.pdf,https://www.argentina.gob.ar/sites/default/files/planilla_no-2020-47755552-apn-datnc.xlsx,https://www.argentina.gob.ar/sites/default/files/rs-2020-45595969-apn-tncmc.pdf
Ministerio de Ambiente y Desarrollo Sostenible,2020-06-17,2020-07-24,"Comunicación Oficial enviada por el Ministerio de Ambiente y Desarrollo Sostenible con el detalle de la prórroga del procedimiento COVID-19 N° 1/20, planilla adjunta y acto administrativo.",https://www.argentina.gob.ar/sites/default/files/me-2020-47841535-apn-dccpysmad.pdf,https://www.argentina.gob.ar/sites/default/files/planilla_me-2020-47841535-apn-dccpysmad_1.xlsx,https://www.argentina.gob.ar/sites/default/files/di-2020-38697164-apn-ssgamad.pdf
Ministerio de Ambiente y Desarrollo Sostenible,2020-07-01,2020-07-24,"Comunicación Oficial enviada por el Ministerio de Ambiente y Desarrollo Sosteniblecon el detalle del procedimiento COMPR.AR 262-0011-CDI20 / COVID-19 N°3/2020, planilla adjunta y acto administrativo.",https://www.argentina.gob.ar/sites/default/files/me-2020-47841535-apn-dccpysmad.pdf,https://www.argentina.gob.ar/sites/default/files/planilla_me-2020-47841535-apn-dccpysmad_2.xlsx,https://www.argentina.gob.ar/sites/default/files/rs-2020-46034574-apn-mad_0.pdf
Ministerio de Desarrollo Social,2020-06-30,2020-07-15,"Comunicación Oficial enviada por el Ministerio de Desarrollo Social con el detalle del procedimiento COMPR.AR 95-0054-CDI20 / COVID-19 N°19/2020, planilla adjunta y acto administrativo.",https://www.argentina.gob.ar/sites/default/files/no-2020-45140368-apn-dcycmds.pdf,https://www.argentina.gob.ar/sites/default/files/planilla_no-2020-45140368-apn-dcycmds.xlsx,https://www.argentina.gob.ar/sites/default/files/rs-2020-43531406-apn-mds.pdf
Universidad Nacional de La Matanza,2020-06-25,2020-07-16,Planilla enviada por la Universidad Nacional de La Matanza con el detalle del procedimiento COVID-19 Nº30-2020,,https://www.argentina.gob.ar/sites/default/files/planilla_unlm_covid-19_no30-2020.xlsx,
Ministerio de Desarrollo Social,2020-06-29,2020-07-27,"Comunicación Oficial enviada por el Ministerio de Desarrollo Social con el detalle del procedimiento COMPR.AR 95-0052-CDI20 / COVID-19 N°17/2020, planilla adjunta y acto administrativo.",https://www.argentina.gob.ar/sites/default/files/no-2020-48285642-apn-dcycmds_0.pdf,https://www.argentina.gob.ar/sites/default/files/planilla_no-2020-48285642-apn-dcycmds.xlsx,https://www.argentina.gob.ar/sites/default/files/rs-2020-44545665-apn-mds.pdf
Armada Argentina,2020-05-19,2020-07-27,"Comunicación Oficial enviada por la Armada Argentina - Hospital Naval con el detalle del procedimiento COMPR.AR 38/38-0083-CDI20 / COVID-19 N°83/20, planilla adjunta y acto administrativo.",https://www.argentina.gob.ar/sites/default/files/no-2020-48471010-apn-dgsaara.pdf,https://www.argentina.gob.ar/sites/default/files/planilla_no-2020-48471010-apn-dgsaara.xlsx,https://www.argentina.gob.ar/sites/default/files/di-2020-46648321-apn-dgsaara.pdf
Ministerio de Desarrollo Social,2020-07-01,2020-07-28,"Comunicación Oficial enviada por el Ministerio de Desarrollo Social con el detalle del procedimiento COMPR.AR 95-0058-CDI20 / COVID-19 N°23/2020, planilla adjunta y acto administrativo.",https://www.argentina.gob.ar/sites/default/files/no-2020-48693290-apn-dcycmds.pdf,https://www.argentina.gob.ar/sites/default/files/planilla_no-2020-48693290-apn-dcycmds.xlsx,https://www.argentina.gob.ar/sites/default/files/rs-2020-46795226-apn-mds.pdff
Armada Argentina,2020-06-02,2020-07-28,"Comunicación Oficial enviada por la Armada Argentina - Hospital Naval con el detalle del procedimiento COMPR.AR 38/38-0093-CDI20 / COVID-19 N°93/20, planilla adjunta y acto administrativo.",https://www.argentina.gob.ar/sites/default/files/no-2020-48870249-apn-dgsaara.pdf,https://www.argentina.gob.ar/sites/default/files/planilla_no-2020-48870249-apn-dgsaara.xlsx,https://www.argentina.gob.ar/sites/default/files/di-2020-46647646-apn-dgsaara.pdf
Ministerio de Desarrollo Social,2020-07-02,2020-07-29,"Comunicación Oficial enviada por el Ministerio de Desarrollo Social con el detalle del procedimiento COMPR.AR 95-0060-CDI20 / COVID-19 N°25/2020, planilla adjunta y acto administrativo.",https://www.argentina.gob.ar/sites/default/files/no-2020-49179587-apn-dcycmds.pdf,https://www.argentina.gob.ar/sites/default/files/planilla_no-2020-49179587-apn-dcycmds.xlsx,https://www.argentina.gob.ar/sites/default/files/rs-2020-45588114-apn-mds.pdf
Ministerio de Desarrollo Social,2020-07-02,2020-07-30,"Comunicación Oficial enviada por el Ministerio de Desarrollo Social con el detalle del procedimiento COMPR.AR 95-0061-CDI20 / COVID-19 N°26/2020, planilla adjunta y acto administrativo.",https://www.argentina.gob.ar/sites/default/files/no-2020-49456560-apn-dcycmds.pdf,https://www.argentina.gob.ar/sites/default/files/planilla_no-2020-49456560-apn-dcycmds.xlsx,https://www.argentina.gob.ar/sites/default/files/rs-2020-47167360-apn-mds.pdf
Universidad Nacional de La Matanza,2020-06-26,2020-07-29,Planilla enviada por la Universidad Nacional de La Matanza con el detalle del procedimiento COVID-19 Nº31-2020,,https://www.argentina.gob.ar/sites/default/files/planilla_comunicacion_onc_expte_332-2020.xlsx,
Gendarmería Nacional Argentina,2020-06-16,2020-07-30,"Comunicación Oficial enviada por la Gendarmería Nacional Argentina con el detalle del procedimiento COMPR.AR 37/5-0564-CDI20, planilla adjunta y acto administrativo.",https://www.argentina.gob.ar/sites/default/files/no-2020-49604707-apn-escugengna.pdf,https://www.argentina.gob.ar/sites/default/files/planilla_no-2020-49604707-apn-escugengna.xlsx,https://www.argentina.gob.ar/sites/default/files/acto-2020-48496548-apn-escugengna.pdf
Gendarmería Nacional Argentina,2020-06-11,2020-07-30,"Comunicación Oficial enviada por la Gendarmería Nacional Argentina con el detalle del procedimiento COMPR.AR 37/5-0561-CDI20, planilla adjunta y acto administrativo.",https://www.argentina.gob.ar/sites/default/files/no-2020-49605872-apn-escugengna_1.pdf,https://www.argentina.gob.ar/sites/default/files/planilla_no-2020-49605872-apn-escugengna_0.xlsx,https://www.argentina.gob.ar/sites/default/files/acto-2020-48742678-apn-escugengna.pdf
Instituto de Ayuda Financiera para Pago de Retiros y Pensiones Militares,2020-07-02,2020-07-31,"Comunicación Oficial enviada por el Instituto de Ayuda Financiera para Pago de Retiros y Pensiones Militares con el detalle del procedimiento COVID-19 Nº3/20 / COMPR.AR 43-0013-CDI20, planilla adjunta y acto administrativo.",https://www.argentina.gob.ar/sites/default/files/no-2020-49920929-apn-deiaf.pdf,https://www.argentina.gob.ar/sites/default/files/planilla_no-2020-49920929-apn-deiaf.xlsx,https://www.argentina.gob.ar/sites/default/files/di-2020-47786465-apn-diriaf.pdf
Dirección Nacional de Vialidad,2020-06-10,2020-07-31,"Comunicación Oficial enviada por la Dirección Nacional de Vialidad con el detalle del procedimiento COMPR.AR 46/19-0315-CDI20, planilla adjunta y acto administrativo.",https://www.argentina.gob.ar/sites/default/files/no-2020-49963325-apn-dbadnv.pdf,https://www.argentina.gob.ar/sites/default/files/planilla_no-2020-49963325-apn-dbadnv.xlsx,https://www.argentina.gob.ar/sites/default/files/di-2020-49129850-apn-dbadnv.pdf
Ministerio de Educación,2020-07-20,2020-07-31,"Comunicación Oficial enviada por el Ministerio de Educación con el detalle del procedimiento COMPR.AR 82-0019-CDI20, planilla adjunta y acto administrativo.",https://www.argentina.gob.ar/sites/default/files/no-2020-50034377-apn-dcmemeccyt.pdf,https://www.argentina.gob.ar/sites/default/files/planilla_no-2020-50034377-apn-dcmemeccyt_1.xlsx,https://www.argentina.gob.ar/sites/default/files/rs-2020-47275793-apn-me.pdf
Ministerio de Educación,2020-07-23,2020-07-31,"Comunicación Oficial enviada por el Ministerio de Educación con el detalle del procedimiento COMPR.AR 82-0020-CDI20, planilla adjunta y acto administrativo.",https://www.argentina.gob.ar/sites/default/files/no-2020-50034377-apn-dcmemeccyt.pdf,https://www.argentina.gob.ar/sites/default/files/planilla_no-2020-50034377-apn-dcmemeccyt_2.xlsxx,https://www.argentina.gob.ar/sites/default/files/rs-2020-49290609-apn-me.pdf
Ministerio del Interior,2020-06-12,2020-08-03,"Comunicación Oficial enviada por el Ministerio del Interior con el detalle del procedimiento COVID19 N°0001/2020 / COMPR.AR 81-0010-CDI20, planilla adjunta y acto administrativo.",https://www.argentina.gob.ar/sites/default/files/no-2020-50511642-apn-dcysmi.pdf,https://www.argentina.gob.ar/sites/default/files/planilla_no-2020-50511642-apn-dcysmi.xlsx,https://www.argentina.gob.ar/sites/default/files/di-2020-50433614-apn-ssgami.pdf
Ministerio de Turismo y Deportes,2020-05-12,2020-08-04,"Comunicación Oficial enviada por el Ministerio de Turismo y Deportes con el detalle del procedimiento COVID-19 N°08/2020 / COMPR.AR 28-0019-CDI20, planilla adjunta y acto administrativo.",https://www.argentina.gob.ar/sites/default/files/no-2020-50681723-apn-dcpyssgp_0.pdf,https://www.argentina.gob.ar/sites/default/files/planilla_no-2020-50681723-apn-dcpyssgp.xlsx,https://www.argentina.gob.ar/sites/default/files/di-2020-46490135-apn-sscaystnmtyd.pdf
Ministerio de Desarrollo Social,2020-07-03,2020-08-05,"Comunicación Oficial enviada por el Ministerio de Desarrollo Social con el detalle del procedimiento COMPR.AR 95-0067-CDI20 / COVID-19 N°28/2020, planilla adjunta y acto administrativo.",https://www.argentina.gob.ar/sites/default/files/no-2020-50981962-apn-dcycmds.pdf,https://www.argentina.gob.ar/sites/default/files/planilla_no-2020-50981962-apn-dcycmds.xlsx,https://www.argentina.gob.ar/sites/default/files/rs-2020-47592434-apn-sgamds.pdf
Servicio Nacional de Sanidad y Calidad Agroalimentaria,2020-05-19,2020-08-05,"Comunicación Oficial enviada por el Servicio Nacional de Sanidad y Calidad Agroalimentaria (SENASA) con el detalle del procedimiento COVID-19 Nº009/2020, planilla adjunta y acto administrativo.",https://www.argentina.gob.ar/sites/default/files/no-2020-51194509-apn-dsayfsenasa.pdf,https://www.argentina.gob.ar/sites/default/files/planilla_no-2020-51194509-apn-dsayfsenasa_1.xlsx,https://www.argentina.gob.ar/sites/default/files/rs-2020-35162935-apn-pressenasa.pdf
Servicio Nacional de Sanidad y Calidad Agroalimentaria,2020-06-23,2020-08-05,"Comunicación Oficial enviada por el Servicio Nacional de Sanidad y Calidad Agroalimentaria (SENASA) con el detalle del procedimiento COVID-19 Nº010/2020, planilla adjunta y acto administrativo.",https://www.argentina.gob.ar/sites/default/files/no-2020-51194509-apn-dsayfsenasa.pdf,https://www.argentina.gob.ar/sites/default/files/planilla_no-2020-51194509-apn-dsayfsenasa_2.xlsx,https://www.argentina.gob.ar/sites/default/files/rs-2020-42694731-apn-pressenasa.pdf
Administración Nacional de Aviación Civil,2020-06-16,2020-08-05,"Comunicación Oficial enviada por la Administración Nacional de Aviación Civil con el detalle del procedimiento COMPR.AR 327-0010-CDI20 / COVID19 N° 2/2020, planilla adjunta y acto administrativo.",https://www.argentina.gob.ar/sites/default/files/no-2020-51229057-apn-dgltyaanac.pdf,https://www.argentina.gob.ar/sites/default/files/planilla_no-2020-51229057-apn-dgltyaanac.xlsx,https://www.argentina.gob.ar/sites/default/files/rs-2020-48379843-apn-anacmtr.pdf
Ministerio de Defensa,2020-04-29,2020-08-06,"Comunicación Oficial enviada por el Ministerio de Defensa con el detalle del procedimiento COVID-19 Nº15/2020 / COMPR.AR 340/01-0015-CDI20, planilla adjunta y acto administrativo.",https://www.argentina.gob.ar/sites/default/files/no-2020-51511220-apn-dgadmd.pdf,https://www.argentina.gob.ar/sites/default/files/planilla_no-2020-51511220-apn-dgadmd.xlsx,https://www.argentina.gob.ar/sites/default/files/rs-2020-47851797-apn-scmemd.pdf
Ministerio de Desarrollo Social,2020-07-02,2020-08-06,"Comunicación Oficial enviada por el Ministerio de Desarrollo Social con el detalle del procedimiento COMPR.AR 95-0059-CDI20 / COVID-19 N°24/2020, planilla adjunta y acto administrativo.",https://www.argentina.gob.ar/sites/default/files/no-2020-51706631-apn-dcycmds.pdf,https://www.argentina.gob.ar/sites/default/files/planilla_no-2020-51706631-apn-dcycmds.xlsx,https://www.argentina.gob.ar/sites/default/files/rs-2020-49681896-apn-mds.pdf
Ente Nacional Regulador del Gas,2020-06-19,2020-08-06,"Comunicación Oficial enviada por el Ente Nacional Regulador del Gas con el detalle del procedimiento COVID19 N°002/20, planilla adjunta y acto administrativo.",https://www.argentina.gob.ar/sites/default/files/no-2020-51747231-apn-gaenargas.pdf,https://www.argentina.gob.ar/sites/default/files/planilla_no-2020-51747231-apn-gaenargas.xlsx,https://www.argentina.gob.ar/sites/default/files/rs-2020-49526282-apn-directorioenargas.pdf
Comisión Nacional de Regulación del Transporte,2020-06-22,2020-08-07,"Comunicación Oficial enviada por la Comisión Nacional de Regulación del Transporte con el detalle del procedimiento COMPR.AR 73-0024-CDI20 / COVID19 N°03/20, planilla adjunta y acto administrativo.",https://www.argentina.gob.ar/sites/default/files/no-2020-52035396-apn-dcsylcnrt.pdf,https://www.argentina.gob.ar/sites/default/files/planilla_no-2020-52035396-apn-dcsylcnrt.xlsx,https://www.argentina.gob.ar/sites/default/files/di-2020-47138266-apn-cnrtmtr.pdf
Armada Argentina,2020-06-22,2020-08-10,"Comunicación Oficial enviada por la Armada Argentina - Hospital Naval con el detalle del procedimiento COMPR.AR 38/38-0121-CDI20 / COVID-19 N°121/20, planilla adjunta y acto administrativo.",https://www.argentina.gob.ar/sites/default/files/no-2020-52334402-apn-dgsaara.pdf,https://www.argentina.gob.ar/sites/default/files/planilla_no-2020-52334402-apn-dgsaara.xlsx,https://www.argentina.gob.ar/sites/default/files/di-2020-49429616-apn-dgsaara.pdf
Armada Argentina,2020-05-15,2020-08-10,"Comunicación Oficial enviada por la Armada Argentina - Hospital Naval con el detalle del procedimiento COMPR.AR 38/38-0080-CDI20 / COVID-19 N°80/20, planilla adjunta y acto administrativo.",https://www.argentina.gob.ar/sites/default/files/no-2020-52336807-apn-dgsaara.pdf,https://www.argentina.gob.ar/sites/default/files/planilla_no-2020-52336807-apn-dgsaara.xlsx,https://www.argentina.gob.ar/sites/default/files/di-2020-49430062-apn-dgsaara.pdf
Ministerio de Desarrollo Social,2020-07-01,2020-08-10,"Comunicación Oficial enviada por el Ministerio de Desarrollo Social con el detalle del procedimiento COMPR.AR 95-0056-CDI20 / COVID-19 N°21/2020, planilla adjunta y acto administrativo.",https://www.argentina.gob.ar/sites/default/files/no-2020-52415149-apn-dcycmds.pdf,https://www.argentina.gob.ar/sites/default/files/planilla_no-2020-52415149-apn-dcycmds.xlsx,https://www.argentina.gob.ar/sites/default/files/rs-2020-49696210-apn-mds.pdf
Fuerza Aérea Argentina,2020-07-13,2020-08-11,"Comunicación Oficial enviada por la Fuerza Aérea Argentina con el detalle del procedimiento COMPR.AR 40/16-0388-CDI20 / COVID19 N°01/20, planilla adjunta y acto administrativo.",https://www.argentina.gob.ar/sites/default/files/no-2020-52710969-apn-amqfaa.pdf,https://www.argentina.gob.ar/sites/default/files/planilla_no-2020-52710969-apn-amqfaa.xlsx,https://www.argentina.gob.ar/sites/default/files/di-2020-49203158-apn-amqfaa.pdf
Ministerio de Salud,2020-04-28,2020-08-11,"Comunicación Oficial enviada por el Ministerio de Salud - Dirección General de Proyectos con Financiamiento Externo con el detalle del procedimiento COVID-19 N° GO-DIR-12-2020, planilla adjunta y acto administrativo.",https://www.argentina.gob.ar/sites/default/files/no-2020-52817489-apn-ssgams.pdf,https://www.argentina.gob.ar/sites/default/files/planilla_no-2020-52817489-apn-ssgams_1.xlsx,https://www.argentina.gob.ar/sites/default/files/di-2020-42130510-apn-ssgams_0.pdf
Ministerio de Salud,2020-07-13,2020-08-11,"Comunicación Oficial enviada por el Ministerio de Salud - Dirección General de Proyectos con Financiamiento Externo con el detalle del procedimiento COVID-19 N° GO-RFQ-06-2020, planilla adjunta y acto administrativo.",https://www.argentina.gob.ar/sites/default/files/no-2020-52817489-apn-ssgams.pdf,https://www.argentina.gob.ar/sites/default/files/planilla_no-2020-52817489-apn-ssgams_2.xlsx,https://www.argentina.gob.ar/sites/default/files/di-2020-50376123-apn-ssgams.pdf
Armada Argentina,2020-07-01,2020-08-13,"Comunicación Oficial enviada por la Armada Argentina - Hospital Naval con el detalle del procedimiento COMPR.AR 38/38-0139-CDI20 / COVID-19 N°139/20, planilla adjunta y acto administrativo.",https://www.argentina.gob.ar/sites/default/files/no-2020-53274934-apn-dgsaara.pdff,https://www.argentina.gob.ar/sites/default/files/planilla_no-2020-53274934-apn-dgsaara.xlsx,https://www.argentina.gob.ar/sites/default/files/di-2020-50944043-apn-dgsaara.pdf
Armada Argentina,2020-05-19,2020-08-13,"Comunicación Oficial enviada por la Armada Argentina - Hospital Naval con el detalle del procedimiento COMPR.AR 38/38-0084-CDI20 / COVID-19 N°84/20, planilla adjunta y acto administrativo.",https://www.argentina.gob.ar/sites/default/files/no-2020-53496153-apn-dgsaara.pdf,https://www.argentina.gob.ar/sites/default/files/planilla_no-2020-53496153-apn-dgsaara.xlsx,https://www.argentina.gob.ar/sites/default/files/di-2020-50536358-apn-dgsaara.pdf
Armada Argentina,2020-06-26,2020-08-13,"Comunicación Oficial enviada por la Armada Argentina - Hospital Naval con el detalle del procedimiento COMPR.AR 38/38-0136-CDI20 / COVID-19 N°136/20, planilla adjunta y acto administrativo.",https://www.argentina.gob.ar/sites/default/files/no-2020-53496464-apn-dgsaara.pdf,https://www.argentina.gob.ar/sites/default/files/planilla_no-2020-53496464-apn-dgsaara.xlsx,https://www.argentina.gob.ar/sites/default/files/di-2020-49431020-apn-dgsaara.pdf
Universidad Nacional de La Matanza,2020-07-31,2020-08-14,Planilla enviada por la Universidad Nacional de La Matanza con el detalle del procedimiento COVID-19 Nº32-2020,,https://www.argentina.gob.ar/sites/default/files/planilla_comunicacion_onc_n9_32_expte_374-20.xlsx,
Comisión Nacional de Regulación del Transporte,2020-08-03,2020-08-18,"Comunicación Oficial enviada por la Comisión Nacional de Regulación del Transporte con el detalle del procedimiento COMPR.AR 73-0029-CDI20 / COVID19 N°04/20, planilla adjunta y acto administrativo.",https://www.argentina.gob.ar/sites/default/files/no-2020-54227147-apn-dcsylcnrt_0.pdf,https://www.argentina.gob.ar/sites/default/files/planilla_no-2020-54227147-apn-dcsylcnrt.xlsx,https://www.argentina.gob.ar/sites/default/files/di-2020-51930452-apn-cnrtmtr.pdf
Universidad Nacional de La Matanza,2020-08-11,2020-08-19,Planilla enviada por la Universidad Nacional de La Matanza con el detalle del procedimiento COVID-19 Nº34-2020,,https://www.argentina.gob.ar/sites/default/files/planilla_comunicacion_onc_n934_expte_384-20.xlsx,
Fuerza Aérea Argentina,2020-07-17,2020-08-21,"Comunicación Oficial enviada por la Fuerza Aérea Argentina con el detalle del procedimiento COMPR.AR 40/39-0398-CDI20 / COVID19 N°04/20, planilla adjunta y acto administrativo.",https://www.argentina.gob.ar/sites/default/files/no-2020-55062242-apn-dconfaa.pdf,https://www.argentina.gob.ar/sites/default/files/planilla_no-2020-55062242-apn-dconfaa_1.xlsx,https://www.argentina.gob.ar/sites/default/files/di-2020-53405823-apn-dconfaa.pdf
Fuerza Aérea Argentina,2020-07-08,2020-08-21,"Comunicación Oficial enviada por la Fuerza Aérea Argentina con el detalle del procedimiento COMPR.AR 40/39-0406-CDI20 / COVID19 N°02/20, planilla adjunta y acto administrativo.",https://www.argentina.gob.ar/sites/default/files/no-2020-55062242-apn-dconfaa.pdf,https://www.argentina.gob.ar/sites/default/files/planilla_no-2020-55062242-apn-dconfaa_2.xlsx,https://www.argentina.gob.ar/sites/default/files/di-2020-48916996-apn-dconfaa.pdf
Fuerza Aérea Argentina,2020-07-08,2020-08-21,"Comunicación Oficial enviada por la Fuerza Aérea Argentina con el detalle del procedimiento COMPR.AR 40/39-0408-CDI20 / COVID19 N°03/20, planilla adjunta y acto administrativo.",https://www.argentina.gob.ar/sites/default/files/no-2020-55062242-apn-dconfaa.pdf,https://www.argentina.gob.ar/sites/default/files/planilla_no-2020-55062242-apn-dconfaa_3.xlsx,https://www.argentina.gob.ar/sites/default/files/di-2020-51909614-apn-dconfaa.pdf
Fuerza Aérea Argentina,2020-07-14,2020-08-21,"Comunicación Oficial enviada por la Fuerza Aérea Argentina con el detalle del procedimiento COMPR.AR 40/39-0412-CDI20 / COVID19 N°05/20, planilla adjunta y acto administrativo.",https://www.argentina.gob.ar/sites/default/files/no-2020-55062242-apn-dconfaa.pdf,https://www.argentina.gob.ar/sites/default/files/planilla_no-2020-55062242-apn-dconfaa_4.xlsx,https://www.argentina.gob.ar/sites/default/files/di-2020-51909614-apn-dconfaa.pdf
Comisión Nacional de Regulación del Transporte,2020-07-28,2020-08-24,"Comunicación Oficial enviada por la Comisión Nacional de Regulación del Transporte con el detalle del procedimiento COMPR.AR 73-0026-CDI20 / COVID19 N°05/20, planilla adjunta y acto administrativo.",https://www.argentina.gob.ar/sites/default/files/no-2020-55536059-apn-dcsylcnrt.pdf,https://www.argentina.gob.ar/sites/default/files/planilla_no-2020-55536059-apn-dcsylcnrt.xlsx,https://www.argentina.gob.ar/sites/default/files/di-2020-51976515-apn-cnrtmtr.pdf
Armada Argentina,2020-05-22,2020-08-24,"Comunicación Oficial enviada por la Armada Argentina - Hospital Naval con el detalle del procedimiento COMPR.AR 38/38-0089-CDI20 / COVID-19 N°89/20, planilla adjunta y acto administrativo.",https://www.argentina.gob.ar/sites/default/files/no-2020-55729073-apn-dgsaara.pdf,https://www.argentina.gob.ar/sites/default/files/planilla_no-2020-55729073-apn-dgsaara.xlsx,https://www.argentina.gob.ar/sites/default/files/di-2020-52639521-apn-dgsaara.pdf
Armada Argentina,2020-06-17,2020-08-24,"Comunicación Oficial enviada por la Armada Argentina - Hospital Naval con el detalle del procedimiento COMPR.AR 38/38-0122-CDI20 / COVID-19 N°122/20, planilla adjunta y acto administrativo.",https://www.argentina.gob.ar/sites/default/files/no-2020-55730425-apn-dgsaara.pdf,https://www.argentina.gob.ar/sites/default/files/planilla_no-2020-55730425-apn-dgsaara.xlsx,https://www.argentina.gob.ar/sites/default/files/di-2020-53329737-apn-dgsaara.pdf
Armada Argentina,2020-06-30,2020-08-24,"Comunicación Oficial enviada por la Armada Argentina - Hospital Naval con el detalle del procedimiento COMPR.AR 38/38-0130-CDI20 / COVID-19 N°130/20, planilla adjunta y acto administrativo.",https://www.argentina.gob.ar/sites/default/files/no-2020-55731455-apn-dgsaara.pdf,https://www.argentina.gob.ar/sites/default/files/planilla_no-2020-55731455-apn-dgsaara.xlsx,https://www.argentina.gob.ar/sites/default/files/di-2020-53535932-apn-dgsaara.pdf
Armada Argentina,2020-07-13,2020-08-24,"Comunicación Oficial enviada por la Armada Argentina - Hospital Naval con el detalle del procedimiento COMPR.AR 38/38-0150-CDI20 / COVID-19 N°150/20, planilla adjunta y acto administrativo.",https://www.argentina.gob.ar/sites/default/files/no-2020-55733010-apn-dgsaara.pdf,https://www.argentina.gob.ar/sites/default/files/planilla_no-2020-55733010-apn-dgsaara.xlsx,https://www.argentina.gob.ar/sites/default/files/di-2020-52638765-apn-dgsaara.pdf
Armada Argentina,2020-07-23,2020-08-24,"Comunicación Oficial enviada por la Armada Argentina - Hospital Naval con el detalle del procedimiento COMPR.AR 38/38-0172-CDI20 / COVID-19 N°172/20, planilla adjunta y acto administrativo.",https://www.argentina.gob.ar/sites/default/files/no-2020-55735594-apn-dgsaara.pdf,https://www.argentina.gob.ar/sites/default/files/planilla_no-2020-55735594-apn-dgsaara.xlsx,https://www.argentina.gob.ar/sites/default/files/di-2020-53327834-apn-dgsaara.pdf
Armada Argentina,2020-07-22,2020-08-24,"Comunicación Oficial enviada por la Armada Argentina - Hospital Naval con el detalle del procedimiento COMPR.AR 38/38-0175-CDI20 / COVID-19 N°175/20, planilla adjunta y acto administrativo.",https://www.argentina.gob.ar/sites/default/files/no-2020-55736889-apn-dgsaara.pdf,https://www.argentina.gob.ar/sites/default/files/planilla_no-2020-55736889-apn-dgsaara.xlsx,https://www.argentina.gob.ar/sites/default/files/di-2020-53536213-apn-dgsaara.pdf
Fuerza Aérea Argentina,2020-07-30,2020-08-25,"Comunicación Oficial enviada por la Fuerza Aérea Argentina con el detalle del procedimiento COMPR.AR 40/39-0472-CDI20 / COVID19 N°12/20, planilla adjunta y acto administrativo.",https://www.argentina.gob.ar/sites/default/files/no-2020-55895429-apn-dconfaa.pdf,https://www.argentina.gob.ar/sites/default/files/planilla_no-2020-55895429-apn-dconfaa.xlsx,https://www.argentina.gob.ar/sites/default/files/di-2020-53385335-apn-dconfaa.pdf
Ministerio de Desarrollo Social,2020-07-01,2020-08-27,"Comunicación Oficial enviada por el Ministerio de Desarrollo Social con el detalle del procedimiento COMPR.AR 95-0057-CDI20 / COVID-19 N°22/2020, planilla adjunta y acto administrativo.",https://www.argentina.gob.ar/sites/default/files/no-2020-56585237-apn-dcycmds.pdf,https://www.argentina.gob.ar/sites/default/files/planilla_no-2020-56585237-apn-dcycmds.xlsx,https://www.argentina.gob.ar/sites/default/files/rs-2020-56348058-apn-mds.pdf
Ministerio de Educación,2020-08-24,2020-08-27,"Comunicación Oficial enviada por el Ministerio de Educación con el detalle del procedimiento COMPR.AR 82-0024-CDI20, planilla adjunta y acto administrativo.",https://www.argentina.gob.ar/sites/default/files/no-2020-56642626-apn-dcme.pdf,https://www.argentina.gob.ar/sites/default/files/planilla_no-2020-56642626-apn-dcme.xlsx,https://www.argentina.gob.ar/sites/default/files/rs-2020-56182550-apn-me.pdf
Agencia Nacional de Seguridad Vial,2020-08-03,2020-08-28,"Comunicación Oficial enviada por la Agencia Nacional de Seguridad Vial con el detalle del procedimiento COMPR.AR 313-0009-CDI20 / COVID-19 N°1/2020, planilla adjunta y acto administrativo.",https://www.argentina.gob.ar/sites/default/files/no-2020-57149184-apn-dcansv.pdf,https://www.argentina.gob.ar/sites/default/files/planilla_no-2020-57149184-apn-dcansv.xlsx,https://www.argentina.gob.ar/sites/default/files/di-2020-388-apn-ansvmtr.pdf
Instituto Nacional de Vitivinicultura,2020-06-16,2020-08-31,"Comunicación Oficial enviada por el Instituto Nacional de Vitivinicultura con el detalle del procedimiento COMPR.AR 49-0019-CDI20, planilla adjunta y acto administrativo.",https://www.argentina.gob.ar/sites/default/files/no-2020-57439555-apn-sainv.pdf,https://www.argentina.gob.ar/sites/default/files/planilla_no-2020-57439555-apn-sainv.xlsx,https://www.argentina.gob.ar/sites/default/files/di-2020-42599354-apn-invmagyp.pdf
Ministerio de Desarrollo Social,2020-07-29,2020-08-31,"Comunicación Oficial enviada por el Ministerio de Desarrollo Social con el detalle del procedimiento COMPR.AR 95-0075-CDI20 / COVID-19 N°30/2020, planilla adjunta y acto administrativo.",https://www.argentina.gob.ar/sites/default/files/no-2020-57549782-apn-dcycmds.pdf,https://www.argentina.gob.ar/sites/default/files/planilla_no-2020-57549782-apn-dcycmds.xlsxx,https://www.argentina.gob.ar/sites/default/files/rs-2020-56730471-apn-mds.pdf
Fuerza Aérea Argentina,2020-07-16,2020-09-01,"Comunicación Oficial enviada por la Fuerza Aérea Argentina con el detalle del procedimiento COMPR.AR 40/39-0428-CDI20 / COVID19 N°6/20, planilla adjunta y acto administrativo.",https://www.argentina.gob.ar/sites/default/files/no-2020-57863471-apn-dconfaa.pdf,https://www.argentina.gob.ar/sites/default/files/planilla_no-2020-57863471-apn-dconfaa.xlsx,https://www.argentina.gob.ar/sites/default/files/di-2020-53167755-apn-dconfaa.pdf
Ministerio de Ambiente y Desarrollo Sostenible,2020-08-07,2020-09-09,"Comunicación Oficial enviada por el Ministerio de Ambiente y Desarrollo Sostenible con el detalle del procedimiento COMPR.AR 262-0014-CDI20 / COVID19 N°4/20, planilla adjunta y acto administrativo.",https://www.argentina.gob.ar/sites/default/files/me-2020-60012388-apn-dccpysmad.pdf,https://www.argentina.gob.ar/sites/default/files/planilla_me-2020-60012388-apn-dccpysmad.xlsx,https://www.argentina.gob.ar/sites/default/files/rs-2020-59026863-apn-mad.pdf
Teatro Nacional Cervantes,2020-08-25,2020-09-09,"Comunicación Oficial enviada por el Teatro Nacional Cervantes con el detalle del procedimiento COMPR.AR 17-0035-CDI20 / COVID19 N°4/20, planilla adjunta y acto administrativo.",https://www.argentina.gob.ar/sites/default/files/no-2020-60104679-apn-datnc.pdf,https://www.argentina.gob.ar/sites/default/files/planilla_no-2020-60104679-apn-datnc.xlsx,https://www.argentina.gob.ar/sites/default/files/rs-2020-58623701-apn-tncmc.pdf
Autoridad Regulatoria Nuclear,2020-08-07,2020-09-11,"Comunicación Oficial enviada por la Autoridad Regulatoria Nuclear con el detalle del procedimiento COMPR.AR 16-0021-CDI20 / COVID19 N°1/20, planilla adjunta y acto administrativo.",https://www.argentina.gob.ar/sites/default/files/no-2020-60728823-apn-gaayrarn.pdf,https://www.argentina.gob.ar/sites/default/files/planilla_no-2020-60728823-apn-gaayrarn.xlsx,https://www.argentina.gob.ar/sites/default/files/rs-2020-59509337-apn-darn.pdf
Armada Argentina,2020-05-19,2020-09-07,"Comunicación Oficial enviada por la Armada Argentina - Hospital Naval con el detalle del procedimiento COMPR.AR 38/38-0083-CDI20 / COVID-19 N°83/20, planilla adjunta y acto administrativo.",https://www.argentina.gob.ar/sites/default/files/no-2020-59457809-apn-dgsaara.pdf,https://www.argentina.gob.ar/sites/default/files/planilla_no-2020-59457809-apn-dgsaara.xlsx,https://www.argentina.gob.ar/sites/default/files/di-2020-54380728-apn-dgsaara.pdf
Armada Argentina,2020-08-04,2020-09-07,"Comunicación Oficial enviada por la Armada Argentina - Hospital Naval con el detalle del procedimiento COMPR.AR 38/38-0181-CDI20 / COVID-19 N°181/20, planilla adjunta y acto administrativo.",https://www.argentina.gob.ar/sites/default/files/no-2020-59458538-apn-dgsaara.pdf,https://www.argentina.gob.ar/sites/default/files/planilla_no-2020-59458538-apn-dgsaara.xlsx,https://www.argentina.gob.ar/sites/default/files/di-2020-57040979-apn-dgsaara.pdf
Armada Argentina,2020-06-19,2020-09-08,"Comunicación Oficial enviada por la Armada Argentina - Hospital Naval con el detalle del procedimiento COMPR.AR 38/38-0124-CDI20 / COVID-19 N°124/20, planilla adjunta y acto administrativo.",https://www.argentina.gob.ar/sites/default/files/no-2020-59631770-apn-dgsaara.pdf,https://www.argentina.gob.ar/sites/default/files/planilla_no-2020-59631770-apn-dgsaara.xlsx,https://www.argentina.gob.ar/sites/default/files/di-2020-55885191-apn-dgsaara.pdf
Armada Argentina,2020-08-11,2020-09-11,"Comunicación Oficial enviada por la Armada Argentina - Hospital Naval con el detalle del procedimiento COMPR.AR 38/38-0190-CDI20 / COVID-19 N°190/20, planilla adjunta y acto administrativo.",https://www.argentina.gob.ar/sites/default/files/no-2020-60622237-apn-dgsaara.pdf,https://www.argentina.gob.ar/sites/default/files/planilla_no-2020-60622237-apn-dgsaara.xlsx,https://www.argentina.gob.ar/sites/default/files/di-2020-55885616-apn-dgsaara.pdf
Armada Argentina,2020-07-13,2020-09-11,"Comunicación Oficial enviada por la Armada Argentina - Hospital Naval con el detalle del procedimiento COMPR.AR 38/38-0149-CDI20 / COVID-19 N°149/20, planilla adjunta y acto administrativo.",https://www.argentina.gob.ar/sites/default/files/no-2020-60759027-apn-dgsaara.pdf,https://www.argentina.gob.ar/sites/default/files/planilla_no-2020-60759027-apn-dgsaara.xlsx,https://www.argentina.gob.ar/sites/default/files/di-2020-58900663-apn-dgsaara.pdf
Armada Argentina,2020-06-01,2020-09-14,"Comunicación Oficial enviada por la Armada Argentina - Hospital Naval con el detalle del procedimiento COMPR.AR 38/19-0098-CDI20, planilla adjunta y acto administrativo.",https://www.argentina.gob.ar/sites/default/files/no-2020-61126998-apn-cuemara.pdf,https://www.argentina.gob.ar/sites/default/files/planilla_no-2020-61126998-apn-cuemara.xlsx,https://www.argentina.gob.ar/sites/default/files/di-2020-39400539-apn-dgsaara.pdf
Teatro Nacional Cervantes,2020-08-19,2020-09-14,"Comunicación Oficial enviada por el Teatro Nacional Cervantes con el detalle del procedimiento COMPR.AR 17-0032-CDI20 / COVID19 N°3/20, planilla adjunta y acto administrativo.",https://www.argentina.gob.ar/sites/default/files/no-2020-61177372-apn-datnc.pdf,https://www.argentina.gob.ar/sites/default/files/planilla_no-2020-61177372-apn-datnc.xlsx,https://www.argentina.gob.ar/sites/default/files/rs-2020-60342984-apn-tncmc.pdf
Armada Argentina,2020-08-03,2020-09-14,"Comunicación Oficial enviada por la Armada Argentina - Hospital Naval con el detalle del procedimiento COMPR.AR 38/38-0183-CDI20 / COVID-19 N°183/20, planilla adjunta y acto administrativo.",https://www.argentina.gob.ar/sites/default/files/no-2020-61271685-apn-dgsaara.pdf,https://www.argentina.gob.ar/sites/default/files/planilla_no-2020-61271685-apn-dgsaara.xlsx,https://www.argentina.gob.ar/sites/default/files/di-2020-58582074-apn-dgsaara.pdf
Armada Argentina,2020-08-12,2020-09-14,"Comunicación Oficial enviada por la Armada Argentina - Hospital Naval con el detalle del procedimiento COMPR.AR 38/38-0201-CDI20 / COVID-19 N°201/20, planilla adjunta y acto administrativo.",https://www.argentina.gob.ar/sites/default/files/no-2020-61272361-apn-dgsaara.pdf,https://www.argentina.gob.ar/sites/default/files/planilla_no-2020-61272361-apn-dgsaara.xlsx,https://www.argentina.gob.ar/sites/default/files/di-2020-58900217-apn-dgsaara.pdf
Ministerio de Desarrollo Social,2020-09-04,2020-09-16,"Comunicación Oficial enviada por el Ministerio de Desarrollo Social con el detalle del procedimiento COMPR.AR 95-0088-CDI20 / COVID-19 N°34/2020, planilla adjunta y acto administrativo.",https://www.argentina.gob.ar/sites/default/files/no-2020-61786147-apn-dcycmds.pdf,https://www.argentina.gob.ar/sites/default/files/planilla_no-2020-61786147-apn-dcycmds.xlsx,https://www.argentina.gob.ar/sites/default/files/rs-2020-61146174-apn-mds.pdf
Armada Argentina,2020-08-24,2020-09-16,"Comunicación Oficial enviada por la Armada Argentina - Hospital Naval con el detalle del procedimiento COMPR.AR 38/38-0212-CDI20 / COVID-19 N°212/20, planilla adjunta y acto administrativo.",https://www.argentina.gob.ar/sites/default/files/no-2020-62027134-apn-dgsaara.pdf,https://www.argentina.gob.ar/sites/default/files/planilla_no-2020-62027134-apn-dgsaara.xlsx,https://www.argentina.gob.ar/sites/default/files/di-2020-59945997-apn-dgsaara.pdf
Armada Argentina,2020-08-18,2020-09-17,"Comunicación Oficial enviada por la Armada Argentina - Hospital Naval con el detalle del procedimiento COMPR.AR 38/38-0205-CDI20 / COVID-19 N°205/20, planilla adjunta y acto administrativo.",https://www.argentina.gob.ar/sites/default/files/no-2020-62348678-apn-dgsaara.pdf,https://www.argentina.gob.ar/sites/default/files/planilla_no-2020-62348678-apn-dgsaara.xlsx,https://www.argentina.gob.ar/sites/default/files/di-2020-61210606-apn-dgsaara.pdf
Universidad Nacional de La Matanza,2020-08-13,2020-09-15,Planilla enviada por la Universidad Nacional de La Matanza con el detalle del procedimiento COVID-19 Nº36-2020,,https://www.argentina.gob.ar/sites/default/files/planilla_comunicacion_onc_expte_377-2020.xlsx,
Instituto Nacional de Estadística y Censos,2020-08-05,2020-09-18,"Comunicación Oficial enviada por el Instituto Nacional de Estadística y Censos con el detalle del procedimiento COMPR.AR 27-0013-CDI20, planilla adjunta y acto administrativo.",https://www.argentina.gob.ar/sites/default/files/no-2020-62558745-apn-dpysindec.pdf,https://www.argentina.gob.ar/sites/default/files/planilla_no-2020-62558745-apn-dpysindec.xlsx,https://www.argentina.gob.ar/sites/default/files/di-2020-62027760-apn-dgayoindec.pdf
Ministerio de Desarrollo Social,2020-09-08,2020-09-21,"Comunicación Oficial enviada por el Ministerio de Desarrollo Social con el detalle del procedimiento COMPR.AR 95-0091-CDI20 / COVID-19 N°36/2020, planilla adjunta y acto administrativo.",https://www.argentina.gob.ar/sites/default/files/no-2020-62919897-apn-dcycmds.pdf,https://www.argentina.gob.ar/sites/default/files/planilla_no-2020-62919897-apn-dcycmds.xlsx,https://www.argentina.gob.ar/sites/default/files/rs-2020-62275304-apn-mds.pdf
Instituto de Ayuda Financiera para Pago de Retiros y Pensiones Militares,2020-08-31,2020-09-21,"Comunicación Oficial enviada por el Instituto de Ayuda Financiera para Pago de Retiros y Pensiones Militares con el detalle del procedimiento COVID19 N° 0004/20 / COMPR.AR 43-0027-CDI20, planilla adjunta y acto administrativo.",https://www.argentina.gob.ar/sites/default/files/no-2020-62953591-apn-deiaf.pdf,https://www.argentina.gob.ar/sites/default/files/planilla_no-2020-62953591-apn-deiaf.xlsx,https://www.argentina.gob.ar/sites/default/files/di-2020-62089911-apn-diriaf.pdf
Gendarmería Nacional Argentina,2020-04-08,2020-09-21,"Comunicación Oficial enviada por la Gendarmería Nacional Argentina con el detalle del procedimiento COVID-19 Nº01/2020, planilla adjunta y acto administrativo.",https://www.argentina.gob.ar/sites/default/files/no-2020-63025255-apn-esjachalgna.pdf,https://www.argentina.gob.ar/sites/default/files/planilla_no-2020-63025255-apn-esjachalgna.xlsx,https://www.argentina.gob.ar/sites/default/files/acto-2020-62934838-apn-esjachalgna.pdf
Teatro Nacional Cervantes,2020-09-04,2020-09-21,"Comunicación Oficial enviada por el Teatro Nacional Cervantes con el detalle del procedimiento COMPR.AR 17-0038-CDI20 / COVID19 N°5/20, planilla adjunta y acto administrativo.",https://www.argentina.gob.ar/sites/default/files/no-2020-63129281-apn-datnc.pdf,https://www.argentina.gob.ar/sites/default/files/planilla_no-2020-63129281-apn-datnc.xlsx,https://www.argentina.gob.ar/sites/default/files/rs-2020-61157277-apn-tncmc.pdf
Gendarmería Nacional Argentina,2020-06-16,2020-09-23,"Comunicación Oficial enviada por la Gendarmería Nacional Argentina con el detalle del procedimiento COMPR.AR 37/5-0777-CDI20, planilla adjunta y acto administrativo.",https://www.argentina.gob.ar/sites/default/files/no-2020-63854126-apn-escugengna.pdf,https://www.argentina.gob.ar/sites/default/files/planilla_no-2020-63854126-apn-escugengna.xlsx,https://www.argentina.gob.ar/sites/default/files/acto-2020-62685450-apn-escugengna.pdf
Ministerio de Desarrollo Social,2020-09-08,2020-09-28,"Comunicación Oficial enviada por el Ministerio de Desarrollo Social con el detalle del procedimiento COMPR.AR 95-0090-CDI20 / COVID-19 N°35/2020, planilla adjunta y acto administrativo.",https://www.argentina.gob.ar/sites/default/files/no-2020-64787212-apn-dcycmds.pdf,https://www.argentina.gob.ar/sites/default/files/planilla_no-2020-64787212-apn-dcycmds.xlsx,https://www.argentina.gob.ar/sites/default/files/rs-2020-62575916-apn-mds.pdf
Prefectura Naval Argentina,2020-08-18,2020-09-28,"Comunicación Oficial enviada por la Prefectura Naval Argentina con el detalle del procedimiento COMPR.AR 39-0010-CDI20, planilla adjunta y acto administrativo.",https://www.argentina.gob.ar/sites/default/files/no-2020-64866386-apn-dafipna.pdf,https://www.argentina.gob.ar/sites/default/files/planilla_no-2020-64866386-apn-dafipna_0.xlsx,https://www.argentina.gob.ar/sites/default/files/di-2020-60329799-apn-pnamsg.pdf
Gendarmería Nacional Argentina,2020-08-24,2020-09-28,"Comunicación Oficial enviada por la Gendarmería Nacional Argentina con el detalle del procedimiento COMPR.AR 37/5-0778-CDI20, planilla adjunta y acto administrativo.",https://www.argentina.gob.ar/sites/default/files/no-2020-64868960-apn-escugengna.pdf,https://www.argentina.gob.ar/sites/default/files/planilla_no-2020-64868960-apn-escugengna.xlsx,https://www.argentina.gob.ar/sites/default/files/acto-2020-64556050-apn-escugengna.pdf
Ministerio de Educación,2020-09-17,2020-09-28,"Comunicación Oficial enviada por el Ministerio de Educación con el detalle del procedimiento COMPR.AR 82-0027-CDI20, planilla adjunta y acto administrativo.",https://www.argentina.gob.ar/sites/default/files/no-2020-65122208-apn-dcme.pdf,https://www.argentina.gob.ar/sites/default/files/planilla_no-2020-65122208-apn-dcme.xlsx,https://www.argentina.gob.ar/sites/default/files/rs-2020-63938529-apn-me.pdf
Ministerio de Educación,2020-08-28,2020-09-28,"Comunicación Oficial enviada por el Ministerio de Educación con el detalle del procedimiento COMPR.AR 82-0023-CDI20, planilla adjunta y acto administrativo.",https://www.argentina.gob.ar/sites/default/files/no-2020-65122208-apn-dcme.pdf,https://www.argentina.gob.ar/sites/default/files/planilla_no-2020-65122208-apn-dcme.xlsx,https://www.argentina.gob.ar/sites/default/files/di-2020-61832630-apn-ssgame.pdf
Ministerio de Desarrollo Social,2020-09-08,2020-10-01,"Comunicación Oficial enviada por el Ministerio de Desarrollo Social con el detalle del procedimiento COMPR.AR 95-0092-CDI20 / COVID-19 N°37/2020, planilla adjunta y acto administrativo.",https://www.argentina.gob.ar/sites/default/files/no-2020-65868213-apn-dcycmds.pdf,https://www.argentina.gob.ar/sites/default/files/planilla_no-2020-65868213-apn-dcycmds.xlsx,https://www.argentina.gob.ar/sites/default/files/rs-2020-62696420-apn-mds.pdf
Ministerio de Desarrollo Social,2020-09-11,2020-10-02,"Comunicación Oficial enviada por el Ministerio de Desarrollo Social con el detalle del procedimiento COMPR.AR 95-0093-CDI20 / COVID-19 N°38/2020, planilla adjunta y acto administrativo.",https://www.argentina.gob.ar/sites/default/files/no-2020-66227438-apn-dcycmds.pdf,https://www.argentina.gob.ar/sites/default/files/planilla_no-2020-66227438-apn-dcycmds.xlsx,https://www.argentina.gob.ar/sites/default/files/rs-2020-63064516-apn-mds.pdf
Ministerio de Educación,2020-09-24,2020-10-02,"Comunicación Oficial enviada por el Ministerio de Educación con el detalle del procedimiento COMPR.AR 82-0029-CDI20, planilla adjunta y acto administrativo.",https://www.argentina.gob.ar/sites/default/files/no-2020-66273864-apn-dcme.pdf,https://www.argentina.gob.ar/sites/default/files/planilla_no-2020-66273864-apn-dcme.xlsx,https://www.argentina.gob.ar/sites/default/files/rs-2020-64601124-apn-me.pdf
Armada Argentina,2020-07-16,2020-10-02,"Comunicación Oficial enviada por la Armada Argentina - Hospital Naval con el detalle del procedimiento COMPR.AR 38/38-0156-CDI20 / COVID-19 N°156/20, planilla adjunta y acto administrativo.",https://www.argentina.gob.ar/sites/default/files/no-2020-66362626-apn-dgsaara.pdf,https://www.argentina.gob.ar/sites/default/files/planilla_no-2020-66362626-apn-dgsaara.xlsx,https://www.argentina.gob.ar/sites/default/files/di-2020-62542044-apn-dgsaara.pdf
Armada Argentina,2020-08-11,2020-10-02,"Comunicación Oficial enviada por la Armada Argentina - Hospital Naval con el detalle del procedimiento COMPR.AR 38/38-0191-CDI20 / COVID-19 N°191/20, planilla adjunta y acto administrativo.",https://www.argentina.gob.ar/sites/default/files/no-2020-66364350-apn-dgsaara.pdf,https://www.argentina.gob.ar/sites/default/files/planilla_no-2020-66364350-apn-dgsaara.xlsx,https://www.argentina.gob.ar/sites/default/files/di-2020-62272988-apn-dgsaara.pdf
Armada Argentina,2020-08-18,2020-10-02,"Comunicación Oficial enviada por la Armada Argentina - Hospital Naval con el detalle del procedimiento COMPR.AR 38/38-0203-CDI20 / COVID-19 N°203/20, planilla adjunta y acto administrativo.",https://www.argentina.gob.ar/sites/default/files/no-2020-66365429-apn-dgsaara.pdf,https://www.argentina.gob.ar/sites/default/files/planilla_no-2020-66365429-apn-dgsaara.xlsx,https://www.argentina.gob.ar/sites/default/files/di-2020-62272453-apn-dgsaara.pdf
Armada Argentina,2020-08-31,2020-10-02,"Comunicación Oficial enviada por la Armada Argentina - Hospital Naval con el detalle del procedimiento COMPR.AR 38/38-0223-CDI20 / COVID-19 N°223/20, planilla adjunta y acto administrativo.",https://www.argentina.gob.ar/sites/default/files/no-2020-66368207-apn-dgsaara.pdf,https://www.argentina.gob.ar/sites/default/files/planilla_no-2020-66368207-apn-dgsaara.xlsx,https://www.argentina.gob.ar/sites/default/files/di-2020-62270962-apn-dgsaara.pdf
Armada Argentina,2020-09-04,2020-10-02,"Comunicación Oficial enviada por la Armada Argentina - Hospital Naval con el detalle del procedimiento COMPR.AR 38/38-0225-CDI20 / COVID-19 N°225/20, planilla adjunta y acto administrativo.",https://www.argentina.gob.ar/sites/default/files/no-2020-66369667-apn-dgsaara.pdf,https://www.argentina.gob.ar/sites/default/files/planilla_no-2020-66369667-apn-dgsaara.xlsx,https://www.argentina.gob.ar/sites/default/files/di-2020-62271685-apn-dgsaara.pdf
Ministerio de Salud,2020-09-28,2020-10-05,"Comunicación Oficial enviada por el Ministerio de Salud - Dirección General de Proyectos con Financiamiento Externo con el detalle del procedimiento COVID-19 N° GO-RFQ-09-2020, planilla adjunta y acto administrativo.",https://www.argentina.gob.ar/sites/default/files/no-2020-66755851-apn-ssgams.pdf,https://www.argentina.gob.ar/sites/default/files/planilla_no-2020-66755851-apn-ssgams.xlsx,https://www.argentina.gob.ar/sites/default/files/di-2020-66379476-apn-ssgams.pdf
Universidad Nacional de La Matanza,2020-08-14,2020-09-22,Planilla enviada por la Universidad Nacional de La Matanza con el detalle del procedimiento COVID-19 Nº37-2020,,https://www.argentina.gob.ar/sites/default/files/planilla_comunicacion_onc_n9_expte_394-20.xlsx,
Universidad Nacional de La Matanza,2020-09-02,2020-09-23,Planilla enviada por la Universidad Nacional de La Matanza con el detalle del procedimiento COVID-19 Nº40-2020,,https://www.argentina.gob.ar/sites/default/files/planilla_comunicacion_onc_n9_expte_409-20.xlsx,
Universidad Tecnológica Nacional,2020-09-18,2020-10-02,Planilla enviada por la Universidad Tecnológica Nacional con el detalle del procedimiento COVID-19 Nº01/2020 / COMPR.AR 129-0001-CDI20,,https://www.argentina.gob.ar/sites/default/files/planilla_public._c._covid_19_ndeg1-20.pdf,
Universidad Tecnológica Nacional,2020-09-18,2020-10-02,Planilla enviada por la Universidad Tecnológica Nacional con el detalle del procedimiento COVID-19 Nº02/2020 / COMPR.AR 129-0002-CDI20,,https://www.argentina.gob.ar/sites/default/files/planilla_public._c._covid_19_ndeg2-20.pdf,
Universidad Tecnológica Nacional,2020-09-18,2020-10-02,Planilla enviada por la Universidad Tecnológica Nacional con el detalle del procedimiento COVID-19 Nº03/2020 / COMPR.AR 129-0003-CDI20,,https://www.argentina.gob.ar/sites/default/files/planilla_public._c._covid_19_ndeg3-20.pdf,
Ministerio de Educación,2020-08-28,2020-10-05,"Comunicación Oficial enviada por el Ministerio de Educación con el detalle del procedimiento COMPR.AR 82-0025-CDI20, planilla adjunta y acto administrativo.",https://www.argentina.gob.ar/sites/default/files/no-2020-66937381-apn-dcme.pdf,https://www.argentina.gob.ar/sites/default/files/planilla_no-2020-66937381-apn-dcme.xlsx,https://www.argentina.gob.ar/sites/default/files/rs-2020-61314548-apn-me.pdf
Fuerza Aérea Argentina,2020-09-11,2020-10-06,"Comunicación Oficial enviada por la Fuerza Aérea Argentina con el detalle del procedimiento COMPR.AR 40/16-0558-CDI20, planilla adjunta  y acto administrativo.",https://www.argentina.gob.ar/sites/default/files/no-2020-67184503-apn-amqfaa.pdf,https://www.argentina.gob.ar/sites/default/files/planilla_no-2020-67184503-apn-amqfaa.xlsx,https://www.argentina.gob.ar/sites/default/files/di-2020-64335506-apn-amqfaa.pdf
Ministerio de Desarrollo Social,2020-09-04,2020-10-07,"Comunicación Oficial enviada por el Ministerio de Desarrollo Social con el detalle del procedimiento COMPR.AR 95-0086-CDI20 / COVID-19 N°32/2020, planilla adjunta y acto administrativo.",https://www.argentina.gob.ar/sites/default/files/no-2020-67363501-apn-dcycmds.pdf,https://www.argentina.gob.ar/sites/default/files/planilla_no-2020-67363501-apn-dcycmds.xlsx,https://www.argentina.gob.ar/sites/default/files/rs-2020-67120432-apn-mds.pdf
Fuerza Aérea Argentina,2020-07-15,2020-10-07,"Comunicación Oficial enviada por la Fuerza Aérea Argentina con el detalle del procedimiento COVID19 N°8/2020 / COMPR.AR 40/39-0429-CDI20, planilla adjunta y acto administrativo.",https://www.argentina.gob.ar/sites/default/files/no-2020-67395760-apn-dconfaa.pdf,https://www.argentina.gob.ar/sites/default/files/planilla_no-2020-67395760-apn-dconfaa_1.xlsx,https://www.argentina.gob.ar/sites/default/files/di-2020-51906973-apn-dconfaa.pdf
Fuerza Aérea Argentina,2020-07-17,2020-10-07,"Comunicación Oficial enviada por la Fuerza Aérea Argentina con el detalle del procedimiento COVID19 N°9/2020 / COMPR.AR 40/39-0448-CDI20, planilla adjunta y acto administrativo.",https://www.argentina.gob.ar/sites/default/files/no-2020-67395760-apn-dconfaa.pdf,https://www.argentina.gob.ar/sites/default/files/planilla_no-2020-67395760-apn-dconfaa_2.xlsx,https://www.argentina.gob.ar/sites/default/files/di-2020-60069796-apn-dconfaa.pdf
Ministerio de Desarrollo Social,2020-09-04,2020-10-09,"Comunicación Oficial enviada por el Ministerio de Desarrollo Social con el detalle del procedimiento COMPR.AR 95-0085-CDI20 / COVID-19 N°31/2020, planilla adjunta y acto administrativo.",https://www.argentina.gob.ar/sites/default/files/no-2020-68070604-apn-dcycmds.pdf,https://www.argentina.gob.ar/sites/default/files/planilla_no-2020-68070604-apn-dcycmds.xlsx,https://www.argentina.gob.ar/sites/default/files/rs-2020-66503491-apn-mds.pdf
Ministerio de Salud,2020-09-15,2020-10-13,"Comunicación Oficial enviada por el Instituto Nacional de Rehabilitación Psicofísica del Sur - Ministerio de Salud con el detalle del procedimiento COMPR.AR 88-0024-CDI20, planilla adjunta y acto administrativo.",https://www.argentina.gob.ar/sites/default/files/no-2020-68668623-apn-inarepsms.pdf,https://www.argentina.gob.ar/sites/default/files/planilla_no-2020-68668623-apn-inarepsms.xlsx,https://www.argentina.gob.ar/sites/default/files/di-2020-67835236-apn-inarepsms.pdf
Servicio Penitenciario Federal,2020-06-12,2020-10-13,"Comunicación Oficial enviada por el Servicio Penitenciario Federal con el detalle del procedimiento COMPR.AR 31-0002-CDI20, planilla adjunta y acto administrativo.",https://www.argentina.gob.ar/sites/default/files/no-2020-68935396-apn-dcspf.pdf,https://www.argentina.gob.ar/sites/default/files/planilla_no-2020-68935396-apn-dcspf_1_0.xlsx,https://www.argentina.gob.ar/sites/default/files/di-2020-62707037-apn-ssapmj.pdf
Servicio Penitenciario Federal,2020-04-13,2020-10-13,"Comunicación Oficial enviada por el Servicio Penitenciario Federal con el detalle del procedimiento COVID-19 Nº 2/2020, planilla adjunta y acto administrativo.",https://www.argentina.gob.ar/sites/default/files/no-2020-68935396-apn-dcspf.pdf,https://www.argentina.gob.ar/sites/default/files/planilla_no-2020-68935396-apn-dcspf_4.xlsx,https://www.argentina.gob.ar/sites/default/files/di-2020-47595092-apn-ssapmj.pdf
Servicio Penitenciario Federal,2020-04-13,2020-10-13,"Comunicación Oficial enviada por el Servicio Penitenciario Federal con el detalle del procedimiento COVID-19 Nº 3/2020, planilla adjunta y acto administrativo.",https://www.argentina.gob.ar/sites/default/files/no-2020-68935396-apn-dcspf.pdf,https://www.argentina.gob.ar/sites/default/files/planilla_no-2020-68935396-apn-dcspf_5.xlsx,https://www.argentina.gob.ar/sites/default/files/rs-2020-56154108-apn-secjmj.pdf
Comisión Nacional de Regulación del Transporte,2020-09-17,2020-10-16,"Comunicación Oficial enviada por la Comisión Nacional de Regulación del Transporte con el detalle del procedimiento COVID19 N°06/2020 / COMPR.AR 73-0034-CDI20, planilla adjunta y acto administrativo.",https://www.argentina.gob.ar/sites/default/files/no-2020-70009823-apn-dcsylcnrt.pdf,https://www.argentina.gob.ar/sites/default/files/planilla_no-2020-70009823-apn-dcsylcnrt.xlsx,https://www.argentina.gob.ar/sites/default/files/di-2020-65480190-apn-cnrtmtr.pdf
Banco de Inversión y Comercio Exterior,2020-04-07,2020-10-05,Comunicación Oficial enviada por el Banco de Inversión y Comercio Exterior con el detalle del procedimiento CDIRECTA Nº1/2020 y planilla adjunta.,https://www.argentina.gob.ar/sites/default/files/no-2020-66848503-apn-gabice.pdf,https://www.argentina.gob.ar/sites/default/files/planilla_no-2020-66848503-apn-gabice_1.xlsx,
Banco de Inversión y Comercio Exterior,2020-03-13,2020-10-05,Comunicación Oficial enviada por el Banco de Inversión y Comercio Exterior con el detalle del procedimiento CDIRECTA Nº2/2020 y planilla adjunta.,https://www.argentina.gob.ar/sites/default/files/no-2020-66848503-apn-gabice.pdf,https://www.argentina.gob.ar/sites/default/files/planilla_no-2020-66848503-apn-gabice_2.xlsx,
Banco de Inversión y Comercio Exterior,2020-04-01,2020-10-05,Comunicación Oficial enviada por el Banco de Inversión y Comercio Exterior con el detalle del procedimiento CDIRECTA Nº3/2020 y planilla adjunta.,https://www.argentina.gob.ar/sites/default/files/no-2020-66848503-apn-gabice.pdf,https://www.argentina.gob.ar/sites/default/files/planilla_no-2020-66848503-apn-gabice_3.xlsx,
Banco de Inversión y Comercio Exterior,2020-04-06,2020-10-05,Comunicación Oficial enviada por el Banco de Inversión y Comercio Exterior con el detalle del procedimiento CDIRECTA Nº4/2020 y planilla adjunta.,https://www.argentina.gob.ar/sites/default/files/no-2020-66848503-apn-gabice.pdf,https://www.argentina.gob.ar/sites/default/files/planilla_no-2020-66848503-apn-gabice_4.xlsx,
Banco de Inversión y Comercio Exterior,2020-04-08,2020-10-05,Comunicación Oficial enviada por el Banco de Inversión y Comercio Exterior con el detalle del procedimiento CDIRECTA Nº5/2020 y planilla adjunta.,https://www.argentina.gob.ar/sites/default/files/no-2020-66848503-apn-gabice.pdf,https://www.argentina.gob.ar/sites/default/files/planilla_no-2020-66848503-apn-gabice_5.xlsx,
Banco de Inversión y Comercio Exterior,2020-04-08,2020-10-05,Comunicación Oficial enviada por el Banco de Inversión y Comercio Exterior con el detalle del procedimiento CDIRECTA Nº6/2020 y planilla adjunta.,https://www.argentina.gob.ar/sites/default/files/no-2020-66848503-apn-gabice.pdf,https://www.argentina.gob.ar/sites/default/files/planilla_no-2020-66848503-apn-gabice_6.xlsx,
Banco de Inversión y Comercio Exterior,2020-04-08,2020-10-05,Comunicación Oficial enviada por el Banco de Inversión y Comercio Exterior con el detalle del procedimiento CDIRECTA Nº7/2020 y planilla adjunta.,https://www.argentina.gob.ar/sites/default/files/no-2020-66848503-apn-gabice.pdf,https://www.argentina.gob.ar/sites/default/files/planilla_no-2020-66848503-apn-gabice_7.xlsx,
Banco de Inversión y Comercio Exterior,2020-04-14,2020-10-05,Comunicación Oficial enviada por el Banco de Inversión y Comercio Exterior con el detalle del procedimiento CDIRECTA Nº8/2020 y planilla adjunta.,https://www.argentina.gob.ar/sites/default/files/no-2020-66848503-apn-gabice.pdf,https://www.argentina.gob.ar/sites/default/files/planilla_no-2020-66848503-apn-gabice_8.xlsx,
Banco de Inversión y Comercio Exterior,2020-04-14,2020-10-05,Comunicación Oficial enviada por el Banco de Inversión y Comercio Exterior con el detalle del procedimiento CDIRECTA Nº9/2020 y planilla adjunta.,https://www.argentina.gob.ar/sites/default/files/no-2020-66848503-apn-gabice.pdf,https://www.argentina.gob.ar/sites/default/files/planilla_no-2020-66848503-apn-gabice_9.xlsx,
Banco de Inversión y Comercio Exterior,2020-04-03,2020-10-05,Comunicación Oficial enviada por el Banco de Inversión y Comercio Exterior con el detalle del procedimiento CDIRECTA Nº10/2020 y planilla adjunta.,https://www.argentina.gob.ar/sites/default/files/no-2020-66848503-apn-gabice.pdf,https://www.argentina.gob.ar/sites/default/files/planilla_no-2020-66848503-apn-gabice_10.xlsx,
Banco de Inversión y Comercio Exterior,2020-04-30,2020-10-05,Comunicación Oficial enviada por el Banco de Inversión y Comercio Exterior con el detalle del procedimiento CDIRECTA Nº11/2020 y planilla adjunta.,https://www.argentina.gob.ar/sites/default/files/no-2020-66848503-apn-gabice.pdf,https://www.argentina.gob.ar/sites/default/files/planilla_no-2020-66848503-apn-gabice_11.xlsx,
Banco de Inversión y Comercio Exterior,2020-06-18,2020-10-05,Comunicación Oficial enviada por el Banco de Inversión y Comercio Exterior con el detalle del procedimiento CDIRECTA Nº12/2020 y planilla adjunta.,https://www.argentina.gob.ar/sites/default/files/no-2020-66848503-apn-gabice.pdf,https://www.argentina.gob.ar/sites/default/files/planilla_no-2020-66848503-apn-gabice_12.xlsx,
Universidad Nacional de La Matanza,2020-08-31,2020-10-07,Planilla enviada por la Universidad Nacional de La Matanza con el detalle del procedimiento COVID-19 Nº38-2020,,https://www.argentina.gob.ar/sites/default/files/planilla_unlam_planilla_comunicacion_onc_n9_expte_398-20.xlsx,
Universidad Nacional General San Martín,2020-06-24,2020-10-07,Planilla enviada por la Universidad Nacional General San Martín con el detalle del procedimiento COVID-19 Nº69-2020 y acto administrativo,,https://www.argentina.gob.ar/sites/default/files/planilla_unsam_covid-19_ndeg69-2020.pdf,https://www.argentina.gob.ar/sites/default/files/resol_unsam_covid-19_ndeg69-2020.pdf
Universidad Nacional General San Martín,2020-06-23,2020-10-07,Planilla enviada por la Universidad Nacional General San Martín con el detalle del procedimiento COVID-19 Nº70-2020 y acto administrativo,,https://www.argentina.gob.ar/sites/default/files/planilla_unsam_covid-19_ndeg70-2020.pdf,https://www.argentina.gob.ar/sites/default/files/resol_unsam_covid_ndeg70-2020.pdf
Universidad Nacional General San Martín,2020-07-23,2020-10-07,Planilla enviada por la Universidad Nacional General San Martín con el detalle del procedimiento COVID-19 Nº74-2020 y acto administrativo,,https://www.argentina.gob.ar/sites/default/files/planilla_unsam_covid-19_ndeg74-2020.pdf,https://www.argentina.gob.ar/sites/default/files/resol_unsam_covid_ndeg74-2020.pdf
Universidad Nacional General San Martín,2020-07-27,2020-10-07,Planilla enviada por la Universidad Nacional General San Martín con el detalle del procedimiento COVID-19 Nº78-2020 y acto administrativo,,https://www.argentina.gob.ar/sites/default/files/planilla_unsam_covid-19_ndeg78-2020.pdf,https://www.argentina.gob.ar/sites/default/files/resol_unsam_covid_ndeg78-2020.pdf
Universidad Nacional General San Martín,2020-07-31,2020-10-07,Planilla enviada por la Universidad Nacional General San Martín con el detalle del procedimiento COVID-19 Nº81-2020 y acto administrativo,,https://www.argentina.gob.ar/sites/default/files/planilla_unsam_covid-19_ndeg81-2020.pdf,https://www.argentina.gob.ar/sites/default/files/resol_unsam_covid_ndeg81-2020.pdf
Universidad Nacional General San Martín,2020-07-31,2020-10-07,Planilla enviada por la Universidad Nacional General San Martín con el detalle del procedimiento COVID-19 Nº82-2020 y acto administrativo,,https://www.argentina.gob.ar/sites/default/files/planilla_unsam_covid-19_ndeg82-2020.pdf,https://www.argentina.gob.ar/sites/default/files/resol_unsam_covid_ndeg82-2020.pdf
Universidad Nacional General San Martín,2020-08-20,2020-10-07,Planilla enviada por la Universidad Nacional General San Martín con el detalle del procedimiento COVID-19 Nº89-2020 y acto administrativo,,https://www.argentina.gob.ar/sites/default/files/planilla_unsam_covid-19_ndeg89-2020.pdf,https://www.argentina.gob.ar/sites/default/files/resol_unsam_covid_ndeg89-2020.pdf
Universidad Nacional General San Martín,2020-09-08,2020-10-07,Planilla enviada por la Universidad Nacional General San Martín con el detalle del procedimiento COVID-19 Nº104-2020 y acto administrativo,,https://www.argentina.gob.ar/sites/default/files/planilla_unsam_covid-19_ndeg104-2020.pdf,https://www.argentina.gob.ar/sites/default/files/resol_unsam_covid_ndeg104-2020.pdf
Ministerio de Salud,2020-10-08,2020-10-19,"Comunicación Oficial enviada por el Instituto Nacional de Rehabilitación Psicofísica del Sur - Ministerio de Salud con el detalle del procedimiento COMPR.AR 88-0025-CDI20, planilla adjunta y acto administrativo.",https://www.argentina.gob.ar/sites/default/files/no-2020-70269762-apn-inarepsms.pdf,https://www.argentina.gob.ar/sites/default/files/planilla_no-2020-70269762-apn-inarepsms.xlsx,https://www.argentina.gob.ar/sites/default/files/di-2020-69108809-apn-inarepsms.pdf
Servicio Nacional de Sanidad y Calidad Agroalimentaria,2020-05-19,2020-10-19,Comunicación Oficial enviada por el Servicio Nacional de Sanidad y Calidad Agroalimentaria (SENASA) con el detalle del procedimiento COVID-19 Nº09/2020 y planilla adjunta (informan que rectifican lo remitido en la NOTA NO-2020-51194509-APN-DSAYF#SENASA del 05/08/2020).,https://www.argentina.gob.ar/sites/default/files/no-2020-70344701-apn-dsayfsenasa_0.pdf,https://www.argentina.gob.ar/sites/default/files/planilla_no-2020-70344701-apn-dsayfsenasa_1.xlsx,
Servicio Nacional de Sanidad y Calidad Agroalimentaria,2020-06-23,2020-10-19,Comunicación Oficial enviada por el Servicio Nacional de Sanidad y Calidad Agroalimentaria (SENASA) con el detalle del procedimiento COVID-19 Nº10/2020 y planilla adjunta (informan que rectifican lo remitido en la NOTA NO-2020-51194509-APN-DSAYF#SENASA del 05/08/2020).,https://www.argentina.gob.ar/sites/default/files/no-2020-70344701-apn-dsayfsenasa_0.pdf,https://www.argentina.gob.ar/sites/default/files/planilla_no-2020-70344701-apn-dsayfsenasa_2.xlsx,
Armada Argentina,2020-08-18,2020-10-19,"Comunicación Oficial enviada por la Armada Argentina - Hospital Naval con el detalle del procedimiento COMPR.AR 38/38-0204-CDI20 / COVID-19 N°204/20, planilla adjunta y acto administrativo.",https://www.argentina.gob.ar/sites/default/files/no-2020-70470035-apn-dgsaara.pdf,https://www.argentina.gob.ar/sites/default/files/planilla_no-2020-70470035-apn-dgsaara.xlsx,https://www.argentina.gob.ar/sites/default/files/di-2020-65250288-apn-dgsaara.pdf
Armada Argentina,2020-08-12,2020-10-19,"Comunicación Oficial enviada por la Armada Argentina - Hospital Naval con el detalle del procedimiento COMPR.AR 38/38-0202-CDI20 / COVID-19 N°202/20, planilla adjunta y acto administrativo.",https://www.argentina.gob.ar/sites/default/files/no-2020-70473035-apn-dgsaara.pdf,https://www.argentina.gob.ar/sites/default/files/planilla_no-2020-70473035-apn-dgsaara.xlsx,https://www.argentina.gob.ar/sites/default/files/di-2020-65249867-apn-dgsaara.pdf
Armada Argentina,2020-08-31,2020-10-19,"Comunicación Oficial enviada por la Armada Argentina - Hospital Naval con el detalle del procedimiento COMPR.AR 38/38-0224-CDI20 / COVID-19 N°224/20, planilla adjunta y acto administrativo.",https://www.argentina.gob.ar/sites/default/files/no-2020-70474335-apn-dgsaara.pdf,https://www.argentina.gob.ar/sites/default/files/planilla_no-2020-70474335-apn-dgsaara.xlsx,https://www.argentina.gob.ar/sites/default/files/di-2020-65249444-apn-dgsaara.pdf
Armada Argentina,2020-09-15,2020-10-19,"Comunicación Oficial enviada por la Armada Argentina - Hospital Naval con el detalle del procedimiento COMPR.AR 38/38-0248-CDI20 / COVID-19 N°248/20, planilla adjunta y acto administrativo.",https://www.argentina.gob.ar/sites/default/files/no-2020-70475279-apn-dgsaara.pdf,https://www.argentina.gob.ar/sites/default/files/planilla_no-2020-70475279-apn-dgsaara.xlsx,https://www.argentina.gob.ar/sites/default/files/di-2020-65379702-apn-dgsaara.pdf
Armada Argentina,2020-07-23,2020-10-19,"Comunicación Oficial enviada por la Armada Argentina - Hospital Naval con el detalle del procedimiento COMPR.AR 38/38-0173-CDI20 / COVID-19 N°173/20, planilla adjunta y acto administrativo.",https://www.argentina.gob.ar/sites/default/files/no-2020-70477016-apn-dgsaara.pdf,https://www.argentina.gob.ar/sites/default/files/planilla_no-2020-70477016-apn-dgsaara.xlsx,https://www.argentina.gob.ar/sites/default/files/di-2020-65248584-apn-dgsaara.pdf
Armada Argentina,2020-07-07,2020-10-19,"Comunicación Oficial enviada por la Armada Argentina - Hospital Naval con el detalle del procedimiento COMPR.AR 38/38-0153-CDI20 / COVID-19 N°153/20, planilla adjunta y acto administrativo.",https://www.argentina.gob.ar/sites/default/files/no-2020-70478890-apn-dgsaara.pdf,https://www.argentina.gob.ar/sites/default/files/planilla_no-2020-70478890-apn-dgsaara.xlsx,https://www.argentina.gob.ar/sites/default/files/di-2020-65247464-apn-dgsaara.pdf
Armada Argentina,2020-07-14,2020-10-19,"Comunicación Oficial enviada por la Armada Argentina - Hospital Naval con el detalle del procedimiento COMPR.AR 38/38-0154-CDI20 / COVID-19 N°154/20, planilla adjunta y acto administrativo.",https://www.argentina.gob.ar/sites/default/files/no-2020-70479756-apn-dgsaara.pdf,https://www.argentina.gob.ar/sites/default/files/planilla_no-2020-70479756-apn-dgsaara.xlsx,https://www.argentina.gob.ar/sites/default/files/di-2020-65249070-apn-dgsaara.pdf
Servicio Nacional de Sanidad y Calidad Agroalimentaria,2020-08-03,2020-10-19,Comunicación Oficial enviada por el Servicio Nacional de Sanidad y Calidad Agroalimentaria (SENASA) con el detalle del procedimiento COVID-19 Nº11/2020 y planilla adjunta y acto administrativo. ,https://www.argentina.gob.ar/sites/default/files/no-2020-70497725-apn-dsayfsenasa.pdf,https://www.argentina.gob.ar/sites/default/files/planilla_no-2020-70497725-apn-dsayfsenasa_1.xlsx,https://www.argentina.gob.ar/sites/default/files/di-2020-59814362-apn-dgtyasenasa.pdf
Servicio Nacional de Sanidad y Calidad Agroalimentaria,2020-06-16,2020-10-19,Comunicación Oficial enviada por el Servicio Nacional de Sanidad y Calidad Agroalimentaria (SENASA) con el detalle del procedimiento COVID-19 Nº12/2020 y planilla adjunta y acto administrativo. ,https://www.argentina.gob.ar/sites/default/files/no-2020-70497725-apn-dsayfsenasa.pdf,https://www.argentina.gob.ar/sites/default/files/planilla_no-2020-70497725-apn-dsayfsenasa_2.xlsx,https://www.argentina.gob.ar/sites/default/files/di-2020-59814141-apn-dgtyasenasa.pdf
Servicio Nacional de Sanidad y Calidad Agroalimentaria,2020-08-05,2020-10-19,Comunicación Oficial enviada por el Servicio Nacional de Sanidad y Calidad Agroalimentaria (SENASA) con el detalle del procedimiento COVID-19 Nº13/2020 y planilla adjunta y acto administrativo. ,https://www.argentina.gob.ar/sites/default/files/no-2020-70497725-apn-dsayfsenasa.pdf,https://www.argentina.gob.ar/sites/default/files/planilla_no-2020-70497725-apn-dsayfsenasa_3.xlsx,https://www.argentina.gob.ar/sites/default/files/rs-2020-61016550-apn-pressenasa.pdf
Armada Argentina,2020-09-15,2020-10-21,"Comunicación Oficial enviada por la Armada Argentina - Hospital Naval con el detalle del procedimiento COMPR.AR 38/38-0255-CDI20 / COVID-19 N°255/20, planilla adjunta y acto administrativo.",https://www.argentina.gob.ar/sites/default/files/no-2020-71085120-apn-dgsaara.pdf,https://www.argentina.gob.ar/sites/default/files/planilla_no-2020-71085120-apn-dgsaara.xlsx,https://www.argentina.gob.ar/sites/default/files/di-2020-65380612-apn-dgsaara.pdf
Armada Argentina,2020-09-22,2020-10-21,"Comunicación Oficial enviada por la Armada Argentina - Hospital Naval con el detalle del procedimiento COMPR.AR 38/38-0272-CDI20 / COVID-19 N°272/20, planilla adjunta y acto administrativo.",https://www.argentina.gob.ar/sites/default/files/no-2020-71092280-apn-dgsaara.pdf,https://www.argentina.gob.ar/sites/default/files/planilla_no-2020-71092280-apn-dgsaara.xlsx,https://www.argentina.gob.ar/sites/default/files/di-2020-66326951-apn-dgsaara.pdf
Armada Argentina,2020-09-21,2020-10-21,"Comunicación Oficial enviada por la Armada Argentina - Hospital Naval con el detalle del procedimiento COMPR.AR 38/38-0269-CDI20 / COVID-19 N°269/20, planilla adjunta y acto administrativo.",https://www.argentina.gob.ar/sites/default/files/no-2020-71099191-apn-dgsaara.pdf,https://www.argentina.gob.ar/sites/default/files/planilla_no-2020-71099191-apn-dgsaara.xlsx,https://www.argentina.gob.ar/sites/default/files/di-2020-70416517-apn-dgsaara.pdf
Ministerio de Desarrollo Social,2020-09-04,2020-10-27,"Comunicación Oficial enviada por el Ministerio de Desarrollo Social con el detalle del procedimiento COMPR.AR 95-0087-CDI20 / COVID-19 N°33/2020, planilla adjunta y acto administrativo.",https://www.argentina.gob.ar/sites/default/files/no-2020-72581993-apn-dcycmds.pdf,https://www.argentina.gob.ar/sites/default/files/planilla_no-2020-72581993-apn-dcycmds.xlsx,https://www.argentina.gob.ar/sites/default/files/rs-2020-71508615-apn-mds.pdf
Comisión Nacional de Regulación del Transporte,2020-08-28,2020-10-28,"Comunicación Oficial enviada por la Comisión Nacional de Regulación del Transporte con el detalle del procedimiento COVID19 N°07/2020 / COMPR.AR 73-0032-CDI20, planilla adjunta y acto administrativo.",https://www.argentina.gob.ar/sites/default/files/no-2020-73142686-apn-dcsylcnrt.pdf,https://www.argentina.gob.ar/sites/default/files/planilla_no-2020-73142686-apn-dcsylcnrt.xlsx,https://www.argentina.gob.ar/sites/default/files/di-2020-70178156-apn-cnrtmtr.pdf
Ministerio de Educación,2020-10-20,2020-10-28,"Comunicación Oficial enviada por el Ministerio de Educación con el detalle del procedimiento COMPR.AR 82-0031-CDI20, planilla adjunta y acto administrativo.",https://www.argentina.gob.ar/sites/default/files/no-2020-73254450-apn-dcme.pdf,https://www.argentina.gob.ar/sites/default/files/planilla_no-2020-73254450-apn-dcme.xlsx,https://www.argentina.gob.ar/sites/default/files/rs-2020-71986499-apn-me.pdf
Ministerio de Desarrollo Social,2020-10-27,2020-10-29,"Comunicación Oficial enviada por el Ministerio de Desarrollo Social con el detalle de la adjudicación en el marco del Acuerdo Nacional Emergencia COVID-19 N° 3, planilla adjunta y acto administrativo.",https://www.argentina.gob.ar/sites/default/files/no-2020-73380017-apn-dcycmds.pdf,https://www.argentina.gob.ar/sites/default/files/planilla_no-2020-73380017-apn-dcycmds.xlsx,https://www.argentina.gob.ar/sites/default/files/rs-2020-72847460-apn-mds.pdf
Universidad Nacional de La Matanza,2020-10-09,2020-10-23,Planilla enviada por la Universidad Nacional de La Matanza con el detalle del procedimiento COVID-19 Nº44-2020,,https://www.argentina.gob.ar/sites/default/files/planilla_unlam_planilla_comunicacion_onc_n9_expte_497-20.xlsx,
Universidad Nacional de La Matanza,2020-09-16,2020-10-23,Planilla enviada por la Universidad Nacional de La Matanza con el detalle del procedimiento COVID-19 Nº42-2020,,https://www.argentina.gob.ar/sites/default/files/planilla_unlam_planilla_comunicacion_onc_n9_expte_457-20.xlsx,
Universidad Nacional de La Matanza,2020-09-03,2020-10-26,Planilla enviada por la Universidad Nacional de La Matanza con el detalle del procedimiento COVID-19 Nº39-2020,,https://www.argentina.gob.ar/sites/default/files/planilla_unlam_planilla_comunicacion_onc_n9_expte_455-20.xlsx,
Universidad Nacional del Oeste,2020-05-29,2020-10-26,Planilla enviada por la Universidad Nacional del Oeste con el detalle del procedimiento  COVID-19 N°1/2020 y acto administrativo. ,,https://www.argentina.gob.ar/sites/default/files/planilla_universidad_nacional_del_oeste_covid19_ndeg1.xlsx,https://www.argentina.gob.ar/sites/default/files/covid19_ndeg1_res.245-2020.pdf
Universidad Nacional del Oeste,2020-09-04,2020-10-26,Planilla enviada por la Universidad Nacional del Oeste con el detalle del procedimiento  COVID-19 N°2/2020 y acto administrativo. ,,https://www.argentina.gob.ar/sites/default/files/planilla_universidad_nacional_del_oeste_covid19_ndeg2.xlsx,https://www.argentina.gob.ar/sites/default/files/covid19_ndeg2_res.328-2020._fracasado.pdf
Instituto Geográfico Nacional,2020-10-01,2020-11-02,"Comunicación Oficial enviada por el Instituto Geográfico Nacional con el detalle del procedimiento COMPR.AR 41-0010-CDI20 / COVID-19 N°0001/2020, planilla adjunta y acto administrativo.",https://www.argentina.gob.ar/sites/default/files/no-2020-74424811-apn-dgayrrhhign.pdf,https://www.argentina.gob.ar/sites/default/files/planilla_no-2020-74424811-apn-dgayrrhhign.xlsx,https://www.argentina.gob.ar/sites/default/files/di-2020-70480585-apn-ignmd.pdf
Ministerio de Salud,2020-04-03,2020-11-02,"Comunicación Oficial enviada por el Ministerio de Salud con el detalle de procedimiento COVID19, planilla adjunta N°1 y acto administrativo.",https://www.argentina.gob.ar/sites/default/files/no-2020-74417396-apn-ssgams.pdf,https://www.argentina.gob.ar/sites/default/files/planilla_no-2020-74417396-apn-ssgams_1.xlsx,https://www.argentina.gob.ar/sites/default/files/di-2020-23493382-apn-ssgams.pdf
Ministerio de Salud,2020-03-26,2020-11-02,"Comunicación Oficial enviada por el Ministerio de Salud con el detalle de procedimiento COVID19, planilla adjunta N°2 y acto administrativo.",https://www.argentina.gob.ar/sites/default/files/no-2020-74417396-apn-ssgams.pdf,https://www.argentina.gob.ar/sites/default/files/planilla_no-2020-74417396-apn-ssgams_2.xlsx,https://www.argentina.gob.ar/sites/default/files/di-2020-18985375-apn-ssgams.pdf
Ministerio de Salud,2020-03-26,2020-11-02,"Comunicación Oficial enviada por el Ministerio de Salud con el detalle de procedimiento COVID19, planilla adjunta N°3 y acto administrativo.",https://www.argentina.gob.ar/sites/default/files/no-2020-74417396-apn-ssgams.pdf,https://www.argentina.gob.ar/sites/default/files/planilla_no-2020-74417396-apn-ssgams_3.xlsx,https://www.argentina.gob.ar/sites/default/files/di-2020-18985139-apn-ssgams.pdf
Ministerio de Salud,2020-03-25,2020-11-02,"Comunicación Oficial enviada por el Ministerio de Salud con detalle de procedimiento COVID19, planilla adjunta N°4 y orden de provisión. ",https://www.argentina.gob.ar/sites/default/files/no-2020-74417396-apn-ssgams.pdf,https://www.argentina.gob.ar/sites/default/files/planilla_no-2020-74417396-apn-ssgams_4.xlsx,https://www.argentina.gob.ar/sites/default/files/no-2020-19288610-apn-ssgams.pdf
Ministerio de Salud,2020-03-25,2020-11-02,"Comunicación Oficial enviada por el Ministerio de Salud con detalle de procedimiento COVID19, planilla adjunta N°5 y orden de provisión. ",https://www.argentina.gob.ar/sites/default/files/no-2020-74417396-apn-ssgams.pdf,https://www.argentina.gob.ar/sites/default/files/planilla_no-2020-74417396-apn-ssgams_5.xlsx,https://www.argentina.gob.ar/sites/default/files/no-2020-19288121-apn-ssgams.pdf
Ministerio de Salud,2020-04-16,2020-11-02,"Comunicación Oficial enviada por el Ministerio de Salud con detalle de procedimiento COVID19, planilla adjunta N°6 y orden de provisión. ",https://www.argentina.gob.ar/sites/default/files/no-2020-74417396-apn-ssgams.pdf,https://www.argentina.gob.ar/sites/default/files/planilla_no-2020-74417396-apn-ssgams_6.xlsx,https://www.argentina.gob.ar/sites/default/files/no-2020-26293494-apn-ssgams.pdf
Ministerio de Salud,2020-04-07,2020-11-02,"Comunicación Oficial enviada por el Ministerio de Salud con detalle de procedimiento COVID19, planilla adjunta N°7 y orden de provisión. ",https://www.argentina.gob.ar/sites/default/files/no-2020-74417396-apn-ssgams.pdf,https://www.argentina.gob.ar/sites/default/files/planilla_no-2020-74417396-apn-ssgams_7.xlsx,https://www.argentina.gob.ar/sites/default/files/no-2020-26459574-apn-ssgams.pdf
Ministerio de Salud,2020-04-06,2020-11-02,"Comunicación Oficial enviada por el Ministerio de Salud con detalle de procedimiento COVID19, planilla adjunta N°8 y orden de provisión. ",https://www.argentina.gob.ar/sites/default/files/no-2020-74417396-apn-ssgams.pdf,https://www.argentina.gob.ar/sites/default/files/planilla_no-2020-74417396-apn-ssgams_8.xlsx,https://www.argentina.gob.ar/sites/default/files/no-2020-26460355-apn-ssgams.pdf
Ministerio de Salud,2020-04-14,2020-11-02,"Comunicación Oficial enviada por el Ministerio de Salud con detalle de procedimiento COVID19, planilla adjunta N°9 y orden de provisión. ",https://www.argentina.gob.ar/sites/default/files/no-2020-74417396-apn-ssgams.pdf,https://www.argentina.gob.ar/sites/default/files/planilla_no-2020-74417396-apn-ssgams_9.xlsx,https://www.argentina.gob.ar/sites/default/files/no-2020-26438991-apn-ssgams.pdf
Ministerio de Salud,2020-04-06,2020-11-02,"Comunicación Oficial enviada por el Ministerio de Salud con detalle de procedimiento COVID19, planilla adjunta N°10 y orden de provisión. ",https://www.argentina.gob.ar/sites/default/files/no-2020-74417396-apn-ssgams.pdf,https://www.argentina.gob.ar/sites/default/files/planilla_no-2020-74417396-apn-ssgams_10.xlsx,https://www.argentina.gob.ar/sites/default/files/no-2020-24896529-apn-ssgams.pdf
Ministerio de Salud,2020-04-22,2020-11-02,"Comunicación Oficial enviada por el Ministerio de Salud con detalle de procedimiento COVID19, planilla adjunta N°11 y orden de provisión. ",https://www.argentina.gob.ar/sites/default/files/no-2020-74417396-apn-ssgams.pdf,https://www.argentina.gob.ar/sites/default/files/planilla_no-2020-74417396-apn-ssgams_11_0.xlsx,https://www.argentina.gob.ar/sites/default/files/no-2020-27834605-apn-ssgams.pdf
Ministerio de Salud,2020-03-31,2020-11-02,"Comunicación Oficial enviada por el Ministerio de Salud con detalle de procedimiento COVID19, planilla adjunta N°12 y orden de provisión. ",https://www.argentina.gob.ar/sites/default/files/no-2020-74417396-apn-ssgams.pdf,https://www.argentina.gob.ar/sites/default/files/planilla_no-2020-74417396-apn-ssgams_12.xlsx,https://www.argentina.gob.ar/sites/default/files/no-2020-22564351-apn-ssgams.pdf
Fuerza Aérea Argentina,2020-07-16,2020-11-04,"Comunicación Oficial enviada por la Fuerza Aérea Argentina con el detalle del procedimiento COVID19 N°7/2020 / COMPR.AR 40/39-0431-CDI20, planilla adjunta y acto administrativo.",https://www.argentina.gob.ar/sites/default/files/no-2020-75256482-apn-dconfaa.pdf,https://www.argentina.gob.ar/sites/default/files/planilla_no-2020-75256482-apn-dconfaa_1.xlsx,https://www.argentina.gob.ar/sites/default/files/di-2020-48916996-apn-dconfaa_0.pdf
Fuerza Aérea Argentina,2020-07-15,2020-11-04,"Comunicación Oficial enviada por la Fuerza Aérea Argentina con el detalle del procedimiento COVID19 N°8/2020 / COMPR.AR 40/39-0429-CDI20, planilla adjunta y acto administrativo.",https://www.argentina.gob.ar/sites/default/files/no-2020-75256482-apn-dconfaa.pdf,https://www.argentina.gob.ar/sites/default/files/planilla_no-2020-75256482-apn-dconfaa_2.xlsx,https://www.argentina.gob.ar/sites/default/files/di-2020-51906973-apn-dconfaa_0.pdf
Fuerza Aérea Argentina,2020-07-17,2020-11-04,"Comunicación Oficial enviada por la Fuerza Aérea Argentina con el detalle del procedimiento COVID19 N°9/2020 / COMPR.AR 40/39-0448-CDI20, planilla adjunta y acto administrativo.",https://www.argentina.gob.ar/sites/default/files/no-2020-75256482-apn-dconfaa.pdf,https://www.argentina.gob.ar/sites/default/files/planilla_no-2020-75256482-apn-dconfaa_3.xlsx,https://www.argentina.gob.ar/sites/default/files/di-2020-60069796-apn-dconfaa_0.pdf
Autoridad Regulatoria Nuclear,2020-09-08,2020-11-06,"Comunicación Oficial enviada por la Autoridad Regulatoria Nuclear con el detalle del procedimiento COMPR.AR 16-0030-CDI20 / COVID19 N°2/20, planilla adjunta y acto administrativo.",https://www.argentina.gob.ar/sites/default/files/no-2020-75883893-apn-gaayrarn.pdf,https://www.argentina.gob.ar/sites/default/files/planilla_no-2020-75883893-apn-gaayrarn.xlsx,https://www.argentina.gob.ar/sites/default/files/rs-2020-74303996-apn-darn.pdf
Ministerio de Transporte,2020-09-23,2020-11-05,"Comunicación Oficial enviada por la Junta de Seguridad en el Transporte - Ministerio de Transporte con el detalle del procedimiento COMPR.AR 436-0015-CDI20 / COVID19 N°0001/20, planilla adjunta y acto administrativo.",https://www.argentina.gob.ar/sites/default/files/no-2020-75515659-apn-jstmtr.pdf,https://www.argentina.gob.ar/sites/default/files/planilla_no-2020-75515659-apn-jstmtr.xlsx,https://www.argentina.gob.ar/sites/default/files/rs-2020-65836417-apn-jstmtr.pdf
Armada Argentina,2020-09-18,2020-11-11,"Comunicación Oficial enviada por la Armada Argentina - Hospital Naval con el detalle del procedimiento COMPR.AR 38/38-0262-CDI20 / COVID-19 N°262/20, planilla adjunta y acto administrativo.",https://www.argentina.gob.ar/sites/default/files/no-2020-77276553-apn-dgsaara.pdf,https://www.argentina.gob.ar/sites/default/files/planilla_no-2020-77276553-apn-dgsaara.xlsx,https://www.argentina.gob.ar/sites/default/files/di-2020-73012366-apn-dgsaara.pdf
Sindicatura General de la Nación,2020-08-25,2020-11-11,"Comunicación Oficial enviada por la Sindicatura General de la Nación con el detalle del procedimiento COMPR.AR 76-0004-CDI20 / COVID-19 N°01/20, planilla adjunta y acto administrativo.",https://www.argentina.gob.ar/sites/default/files/no-2020-77318948-apn-gcasigen_0.pdf,https://www.argentina.gob.ar/sites/default/files/planilla_no-2020-77318948-apn-gcasigen_0.xlsx,https://www.argentina.gob.ar/sites/default/files/rs-2020-75948951-apn-sigen_0.pdf
Comisión Nacional de Regulación del Transporte,2020-10-19,2020-11-11,"Comunicación Oficial enviada por la Comisión Nacional de Regulación del Transporte con el detalle del procedimiento COVID19 N°08/2020 / COMPR.AR 73-0039-CDI20, planilla adjunta y acto administrativo.",https://www.argentina.gob.ar/sites/default/files/no-2020-77499924-apn-dcsylcnrt.pdf,https://www.argentina.gob.ar/sites/default/files/planilla_no-2020-77499924-apn-dcsylcnrt.xlsx,https://www.argentina.gob.ar/sites/default/files/di-2020-74971866-apn-cnrtmtr.pdf
Universidad Nacional del Oeste,2020-10-27,2020-11-11,Planilla enviada por la Universidad Nacional del Oeste con el detalle del procedimiento  COVID-19 N°3/2020 y acto administrativo. ,,https://www.argentina.gob.ar/sites/default/files/planilla_universidad_nacional_del_oeste_covid19_ndeg3.xlsx,https://www.argentina.gob.ar/sites/default/files/res.353-2020_covid19_ndeg3_uno.pdf
Instituto de Ayuda Financiera para Pago de Retiros y Pensiones Militares,2020-10-26,2020-11-12,"Comunicación Oficial enviada por el Instituto de Ayuda Financiera para Pago de Retiros y Pensiones Militares con el detalle del procedimiento COVID-19 Nº5/2020 / COMPR.AR 43-0033-CDI20, planilla adjunta y acto administrativo.",https://www.argentina.gob.ar/sites/default/files/no-2020-77646690-apn-deiaf.pdf,https://www.argentina.gob.ar/sites/default/files/planilla_no-2020-77646690-apn-deiaf.xlsx,https://www.argentina.gob.ar/sites/default/files/di-2020-76385701-apn-diriaf.pdf
Ministerio de Educación,2020-09-18,2020-11-19,"Comunicación Oficial enviada por el Ministerio de Educación con el detalle del procedimiento COMPR.AR 82-0028-CDI20, planilla adjunta y acto administrativo.",https://www.argentina.gob.ar/sites/default/files/no-2020-80039749-apn-dcme.pdf,https://www.argentina.gob.ar/sites/default/files/planilla_no-2020-80039749-apn-dcme.xlsx,https://www.argentina.gob.ar/sites/default/files/di-2020-76055728-apn-ssgame.pdf
Ministerio de Educación,2020-10-27,2020-11-19,"Comunicación Oficial enviada por el Ministerio de Educación con el detalle del procedimiento COMPR.AR 82-0032-CDI20, planilla adjunta y acto administrativo.",https://www.argentina.gob.ar/sites/default/files/no-2020-80039749-apn-dcme.pdf,https://www.argentina.gob.ar/sites/default/files/planilla_no-2020-80039749-apn-dcme.xlsx,https://www.argentina.gob.ar/sites/default/files/di-2020-76056370-apn-ssgame.pdf
Ministerio de Desarrollo Social,2020-11-05,2020-11-24,"Comunicación Oficial enviada por el Ministerio de Desarrollo Social con el detalle del procedimiento COMPR.AR 95-0104-CDI20 / COVID-19 N°42/2020, planilla adjunta y acto administrativo.",https://www.argentina.gob.ar/sites/default/files/no-2020-81386471-apn-dcycmds.pdf,https://www.argentina.gob.ar/sites/default/files/planilla_no-2020-81386471-apn-dcycmds.xlsx,https://www.argentina.gob.ar/sites/default/files/rs-2020-80602061-apn-mds.pdf
Ministerio de Desarrollo Social,2020-11-06,2020-11-27,"Comunicación Oficial enviada por el Ministerio de Desarrollo Social con el detalle del procedimiento COMPR.AR 95-0108-CDI20 / COVID-19 N°46/2020, planilla adjunta y acto administrativo.",https://www.argentina.gob.ar/sites/default/files/no-2020-82296011-apn-dcycmds.pdf,https://www.argentina.gob.ar/sites/default/files/planilla_no-2020-82296011-apn-dcycmds.xlsx,https://www.argentina.gob.ar/sites/default/files/rs-2020-81740022-apn-mds.pdf
Armada Argentina,2020-09-08,2020-11-27,"Comunicación Oficial enviada por la Armada Argentina - Hospital Naval con el detalle del procedimiento COMPR.AR 38/38-0244-CDI20 / COVID-19 N°244/20, planilla adjunta y acto administrativo.",https://www.argentina.gob.ar/sites/default/files/no-2020-82378989-apn-dgsaara.pdf,https://www.argentina.gob.ar/sites/default/files/planilla_no-2020-82378989-apn-dgsaara.xlsx,https://www.argentina.gob.ar/sites/default/files/di-2020-77472260-apn-dgsaara.pdf
Armada Argentina,2020-09-08,2020-11-27,"Comunicación Oficial enviada por la Armada Argentina - Hospital Naval con el detalle del procedimiento COMPR.AR 38/38-0245-CDI20 / COVID-19 N°245/20, planilla adjunta y acto administrativo.",https://www.argentina.gob.ar/sites/default/files/no-2020-82380853-apn-dgsaara.pdf,https://www.argentina.gob.ar/sites/default/files/planilla_no-2020-82380853-apn-dgsaara.xlsx,https://www.argentina.gob.ar/sites/default/files/di-2020-77471709-apn-dgsaara.pdf
Armada Argentina,2020-09-25,2020-11-27,"Comunicación Oficial enviada por la Armada Argentina - Hospital Naval con el detalle del procedimiento COMPR.AR 38/38-0276-CDI20 / COVID-19 N°276/20, planilla adjunta y acto administrativo.",https://www.argentina.gob.ar/sites/default/files/no-2020-82381885-apn-dgsaara.pdf,https://www.argentina.gob.ar/sites/default/files/planilla_no-2020-82381885-apn-dgsaara.xlsx,https://www.argentina.gob.ar/sites/default/files/di-2020-77473058-apn-dgsaara.pdf
Ministerio de Desarrollo Social,2020-11-05,2020-11-30,"Comunicación Oficial enviada por el Ministerio de Desarrollo Social con el detalle del procedimiento COMPR.AR 95-0107-CDI20 / COVID-19 N°45/2020, planilla adjunta y acto administrativo.",https://www.argentina.gob.ar/sites/default/files/no-2020-83065855-apn-dcycmds.pdf,https://www.argentina.gob.ar/sites/default/files/planilla_no-2020-83065855-apn-dcycmds.xlsx,https://www.argentina.gob.ar/sites/default/files/rs-2020-82523091-apn-mds.pdf
Gendarmería Nacional Argentina,2020-05-01,2020-12-02,"Comunicación Oficial enviada por la Gendarmería Nacional Argentina con el detalle del procedimiento COVID-19 Nº02/2020, planilla adjunta y acto administrativo.",https://www.argentina.gob.ar/sites/default/files/no-2020-83613815-apn-dinalgengna.pdf,https://www.argentina.gob.ar/sites/default/files/planilla_no-2020-83613815-apn-dinalgengna.xlsx,https://www.argentina.gob.ar/sites/default/files/di-2020-81343696-apn-dinalgengna.pdf
Ministerio de Desarrollo Social,2020-11-05,2020-12-02,"Comunicación Oficial enviada por el Ministerio de Desarrollo Social con el detalle del procedimiento COMPR.AR 95-0102-CDI20 / COVID-19 N°40/2020, planilla adjunta y acto administrativo.",https://www.argentina.gob.ar/sites/default/files/no-2020-83876204-apn-dcycmds.pdf,https://www.argentina.gob.ar/sites/default/files/planilla_no-2020-83876204-apn-dcycmds.xlsx,https://www.argentina.gob.ar/sites/default/files/rs-2020-83328423-apn-mds.pdf
Ministerio de Desarrollo Social,2020-11-05,2020-12-07,"Comunicación Oficial enviada por el Ministerio de Desarrollo Social con el detalle del procedimiento COMPR.AR 95-0103-CDI20 / COVID-19 N°41/2020, planilla adjunta y acto administrativo.",https://www.argentina.gob.ar/sites/default/files/no-2020-85002636-apn-dcycmds.pdf,https://www.argentina.gob.ar/sites/default/files/planilla_no-2020-85002636-apn-dcycmds.xlsx,https://www.argentina.gob.ar/sites/default/files/rs-2020-84145278-apn-mds.pdf
Fuerza Aérea Argentina,2020-09-23,2020-12-11,"Comunicación Oficial enviada por la Fuerza Aérea Argentina con el detalle del procedimiento COVID19 N°16/2020 / COMPR.AR 40/39-0630-CDI20, planilla adjunta y acto administrativo.",https://www.argentina.gob.ar/sites/default/files/no-2020-86077527-apn-dconfaa.pdf,https://www.argentina.gob.ar/sites/default/files/planilla_no-2020-86077527-apn-dconfaa.xlsx,https://www.argentina.gob.ar/sites/default/files/di-2020-80174205-apn-dconfaa.pdf
Ministerio de Desarrollo Social,2020-10-27,2020-12-11,"Comunicación Oficial enviada por el Ministerio de Desarrollo Social con el detalle de la adjudicación en el marco del Acuerdo Nacional Emergencia COVID-19 N° 4, planilla adjunta y acto administrativo.",https://www.argentina.gob.ar/sites/default/files/no-2020-86127630-apn-dcycmds.pdf,https://www.argentina.gob.ar/sites/default/files/planilla_no-2020-86127630-apn-dcycmds.xlsx,https://www.argentina.gob.ar/sites/default/files/rs-2020-83826511-apn-mds.pdf
Armada Argentina,2020-09-07,2020-12-14,"Comunicación Oficial enviada por la Armada Argentina - Hospital Naval con el detalle del procedimiento COMPR.AR 38/38-0227-CDI20 / COVID-19 N°227/20, planilla adjunta y acto administrativo.",https://www.argentina.gob.ar/sites/default/files/no-2020-87009873-apn-dgsaara.pdf,https://www.argentina.gob.ar/sites/default/files/planilla_no-2020-87009873-apn-dgsaara.xlsx,https://www.argentina.gob.ar/sites/default/files/di-2020-82281113-apn-dgsaara.pdf
Armada Argentina,2020-09-18,2020-12-14,"Comunicación Oficial enviada por la Armada Argentina - Hospital Naval con el detalle del procedimiento COMPR.AR 38/38-0268-CDI20 / COVID-19 N°268/20, planilla adjunta y acto administrativo.",https://www.argentina.gob.ar/sites/default/files/no-2020-87010909-apn-dgsaara.pdf,https://www.argentina.gob.ar/sites/default/files/planilla_no-2020-87010909-apn-dgsaara.xlsx,https://www.argentina.gob.ar/sites/default/files/di-2020-82280570-apn-dgsaara.pdf
Ministerio de Desarrollo Social,2020-11-05,2020-12-15,"Comunicación Oficial enviada por el Ministerio de Desarrollo Social con el detalle del procedimiento COMPR.AR 95-0105-CDI20 / COVID-19 N°43/2020, planilla adjunta y acto administrativo.",https://www.argentina.gob.ar/sites/default/files/no-2020-87385574-apn-dcycmds.pdf,https://www.argentina.gob.ar/sites/default/files/planilla_no-2020-87385574-apn-dcycmds.xlsx,https://www.argentina.gob.ar/sites/default/files/rs-2020-86722390-apn-mds.pdf
Armada Argentina,2020-11-10,2020-12-16,"Comunicación Oficial enviada por la Armada Argentina - Hospital Naval con el detalle del procedimiento COMPR.AR 38/38-0339-CDI20 / COVID-19 N°339/20, planilla adjunta y acto administrativo.",https://www.argentina.gob.ar/sites/default/files/no-2020-87627145-apn-dgsaara.pdf,https://www.argentina.gob.ar/sites/default/files/planilla_no-2020-87627145-apn-dgsaara.xlsx,https://www.argentina.gob.ar/sites/default/files/di-2020-86145939-apn-dgsaara.pdf
Universidad Nacional General San Martín,2020-09-28,2020-12-03,Planilla enviada por la Universidad Nacional General San Martín con el detalle del procedimiento COVID-19 Nº112-2020 y acto administrativo,,https://www.argentina.gob.ar/sites/default/files/planilla_comunicacion_onc_ndeg9_-_cd_por_emergencia_covid-19_ndeg112-2020.pdf,https://www.argentina.gob.ar/sites/default/files/rr_741-2020_cd_por_emergencia_ndeg112-2020.pdf
Ministerio de Desarrollo Social,2020-11-06,2020-12-16,"Comunicación Oficial enviada por el Ministerio de Desarrollo Social con el detalle del procedimiento COMPR.AR 95-0109-CDI20 / COVID-19 N°47/2020, planilla adjunta y acto administrativo.",https://www.argentina.gob.ar/sites/default/files/no-2020-87879678-apn-dcycmds.pdf,https://www.argentina.gob.ar/sites/default/files/planilla_no-2020-87879678-apn-dcycmds.xlsx,https://www.argentina.gob.ar/sites/default/files/rs-2020-87434336-apn-mds.pdf
Ministerio de Desarrollo Social,2020-11-06,2020-12-17,"Comunicación Oficial enviada por el Ministerio de Desarrollo Social con el detalle del procedimiento COMPR.AR 95-0101-CDI20 / COVID-19 N°39/2020, planilla adjunta y acto administrativo.",https://www.argentina.gob.ar/sites/default/files/no-2020-88267522-apn-dcycmds.pdf,https://www.argentina.gob.ar/sites/default/files/planilla_no-2020-88267522-apn-dcycmds.xlsx,https://www.argentina.gob.ar/sites/default/files/rs-2020-87847848-apn-mds.pdf
Comisión Nacional de Regulación del Transporte,2020-11-17,2020-12-18,"Comunicación Oficial enviada por la Comisión Nacional de Regulación del Transporte con el detalle del procedimiento COVID19 N°09/2020 / COMPR.AR 73-0043-CDI20, planilla adjunta y acto administrativo.",https://www.argentina.gob.ar/sites/default/files/no-2020-88502653-apn-dcsylcnrt.pdf,https://www.argentina.gob.ar/sites/default/files/planilla_no-2020-88502653-apn-dcsylcnrt.xlsx,https://www.argentina.gob.ar/sites/default/files/di-2020-86407057-apn-cnrtmtr.pdf
Ministerio de Desarrollo Social,2020-12-14,2020-12-18,"Comunicación Oficial enviada por el Ministerio de Desarrollo Social con el detalle de la adjudicación en el marco del Acuerdo Nacional Emergencia COVID-19 N°5, planilla adjunta y acto administrativo.",https://www.argentina.gob.ar/sites/default/files/no-2020-88652510-apn-dcycmds.pdf,https://www.argentina.gob.ar/sites/default/files/planilla_no-2020-88652510-apn-dcycmds.xlsx,https://www.argentina.gob.ar/sites/default/files/rs-2020-87058306-apn-sgamds.pdf
Ministerio de Desarrollo Social,2020-11-06,2020-12-21,"Comunicación Oficial enviada por el Ministerio de Desarrollo Social con el detalle del procedimiento COMPR.AR 95-0110-CDI20 / COVID-19 N°48/2020, planilla adjunta y acto administrativo.",https://www.argentina.gob.ar/sites/default/files/no-2020-89347445-apn-dcycmds.pdf,https://www.argentina.gob.ar/sites/default/files/planilla_no-2020-89347445-apn-dcycmds.xlsx,https://www.argentina.gob.ar/sites/default/files/rs-2020-88256950-apn-mds.pdf
Instituto Geográfico Nacional,2020-11-12,2020-12-22,"Comunicación Oficial enviada por el Instituto Geográfico Nacional con el detalle del procedimiento COMPR.AR 41-0011-CDI20 / COVID-19 N°0002/2020, planilla adjunta y acto administrativo.",https://www.argentina.gob.ar/sites/default/files/no-2020-89716588-apn-dgayrrhhign.pdf,https://www.argentina.gob.ar/sites/default/files/planilla_no-2020-89716588-apn-dgayrrhhign.xlsx,https://www.argentina.gob.ar/sites/default/files/di-2020-87467921-apn-ignmd.pdf
Servicio Nacional de Sanidad y Calidad Agroalimentaria,2020-10-21,2020-12-28,Comunicación Oficial enviada por el Servicio Nacional de Sanidad y Calidad Agroalimentaria (SENASA) con el detalle del procedimiento COMPR.AR 52-0053-CDI20y planilla adjunta y acto administrativo. ,https://www.argentina.gob.ar/sites/default/files/no-2020-90581233-apn-dsayfsenasa.pdf,https://www.argentina.gob.ar/sites/default/files/planilla_no-2020-90581233-apn-dsayfsenasa_1.xlsx,https://www.argentina.gob.ar/sites/default/files/rs-2020-81881330-apn-pressenasa.pdf
Servicio Nacional de Sanidad y Calidad Agroalimentaria,2020-08-19,2020-12-28,Comunicación Oficial enviada por el Servicio Nacional de Sanidad y Calidad Agroalimentaria (SENASA) con el detalle del procedimiento COVID-19 Nº13/2020 y planilla adjunta y acto administrativo. ,https://www.argentina.gob.ar/sites/default/files/no-2020-90581233-apn-dsayfsenasa.pdf,https://www.argentina.gob.ar/sites/default/files/planilla_no-2020-90581233-apn-dsayfsenasa_2.xlsx,https://www.argentina.gob.ar/sites/default/files/rs-2020-61016550-apn-pressenasa_0.pdf
Servicio Nacional de Sanidad y Calidad Agroalimentaria,2020-08-19,2020-12-28,Comunicación Oficial enviada por el Servicio Nacional de Sanidad y Calidad Agroalimentaria (SENASA) con el detalle del procedimiento COVID-19 Nº14/2020 y planilla adjunta y acto administrativo. ,https://www.argentina.gob.ar/sites/default/files/no-2020-90581233-apn-dsayfsenasa.pdf,https://www.argentina.gob.ar/sites/default/files/planilla_no-2020-90581233-apn-dsayfsenasa_3.xlsx,https://www.argentina.gob.ar/sites/default/files/rs-2020-70310712-apn-pressenasa.pdf
Servicio Nacional de Sanidad y Calidad Agroalimentaria,2020-08-18,2020-12-28,Comunicación Oficial enviada por el Servicio Nacional de Sanidad y Calidad Agroalimentaria (SENASA) con el detalle del procedimiento COVID-19 Nº15/2020 y planilla adjunta y acto administrativo. ,https://www.argentina.gob.ar/sites/default/files/no-2020-90581233-apn-dsayfsenasa.pdf,https://www.argentina.gob.ar/sites/default/files/planilla_no-2020-90581233-apn-dsayfsenasa_4.xlsx,https://www.argentina.gob.ar/sites/default/files/di-2020-77912181-apn-dgtyasenasa.pdf
Ministerio de Educación,2020-07-31,2020-12-30,"Comunicación Oficial enviada por el Ministerio de Educación con el detalle del procedimiento COMPR.AR 82-0021-CDI20, planilla adjunta y acto administrativo.",https://www.argentina.gob.ar/sites/default/files/no-2020-91502133-apn-dcme.pdf,https://www.argentina.gob.ar/sites/default/files/planilla_no-2020-91502133-apn-dcme.xlsx,https://www.argentina.gob.ar/sites/default/files/di-2020-86137190-apn-ssgame.pdf
Ministerio de Educación,2020-03-29,2020-12-30,"Comunicación Oficial enviada por el Ministerio de Educación con el detalle del procedimiento COVID 01/20, planilla adjunta y acto administrativo.",https://www.argentina.gob.ar/sites/default/files/no-2020-91502133-apn-dcme.pdf,https://www.argentina.gob.ar/sites/default/files/planilla_no-2020-91502133-apn-dcme.xlsx,https://www.argentina.gob.ar/sites/default/files/rs-2020-19476005-apn-me.pdf
Universidad Nacional de La Matanza,2020-11-20,2020-12-22,Planilla enviada por la Universidad Nacional de La Matanza con el detalle del procedimiento COVID-19 Nº46-2020,,https://www.argentina.gob.ar/sites/default/files/planilla_comunicacion_onc_expte_571-2020.xlsx,
Ministerio de Desarrollo Social,2020-07-08,2021-01-06,"Comunicación Oficial enviada por el Ministerio de Desarrollo Social con el detalle del procedimiento COMPR.AR 95-0074-CDI20 / COVID-19 N°29/2020, planilla adjunta y acto administrativo.",https://www.argentina.gob.ar/sites/default/files/no-2021-01358050-apn-dcycmds_0.pdf,https://www.argentina.gob.ar/sites/default/files/planilla_no-2021-01358050-apn-dcycmds_0.xlsx,https://www.argentina.gob.ar/sites/default/files/rs-2020-91788027-apn-sgamds.pdf
Comisión Nacional de Regulación del Transporte,2020-12-22,2021-01-11,"Comunicación Oficial enviada por la Comisión Nacional de Regulación del Transporte con el detalle del procedimiento COVID19 N°05/2020 / COMPR.AR 73-0050-CDI20, planilla adjunta y acto administrativo.",https://www.argentina.gob.ar/sites/default/files/no-2021-02370097-apn-dcsylcnrt.pdf,https://www.argentina.gob.ar/sites/default/files/planilla_no-2021-02370097-apn-dcsylcnrt.xlsx,https://www.argentina.gob.ar/sites/default/files/di-2020-91322463-apn-cnrtmtr.pdf
Instituto de Ayuda Financiera para Pago de Retiros y Pensiones Militares,2020-12-11,2021-01-14,"Comunicación Oficial enviada por el Instituto de Ayuda Financiera para Pago de Retiros y Pensiones Militares con el detalle del procedimiento COVID-19 Nº6/2020 / COMPR.AR 43-0035-CDI20, planilla adjunta y acto administrativo.",https://www.argentina.gob.ar/sites/default/files/no-2021-03645151-apn-deiaf.pdf,https://www.argentina.gob.ar/sites/default/files/planilla_no-2021-03645151-apn-deiaf.xlsx,https://www.argentina.gob.ar/sites/default/files/rs-2021-03142260-apn-diriaf.pdf
Universidad Nacional General San Martín,2020-11-09,2021-01-04,Planilla enviada por la Universidad Nacional General San Martín con el detalle del procedimiento COVID-19 Nº134-2020 y acto administrativo,,https://www.argentina.gob.ar/sites/default/files/planilla_unsam_cd_ndeg134-2020.pdf,https://www.argentina.gob.ar/sites/default/files/rr_792-2020_contratacion_por_emergencia_covid-19_ndeg134-2020.pdf
Universidad Nacional General San Martín,2020-11-09,2021-01-04,Planilla enviada por la Universidad Nacional General San Martín con el detalle del procedimiento COVID-19 Nº136-2020 y acto administrativo,,https://www.argentina.gob.ar/sites/default/files/planilla_unsam_cd_ndeg136-2020.pdf,https://www.argentina.gob.ar/sites/default/files/rr_793-2020_contratacion_por_emergencia_covid-19_ndeg136-2020.pdf
Universidad Nacional General San Martín,2020-11-06,2021-01-04,Planilla enviada por la Universidad Nacional General San Martín con el detalle del procedimiento COVID-19 Nº139-2020 y acto administrativo,,https://www.argentina.gob.ar/sites/default/files/planilla_unsam_cd_ndeg139-2020.pdf,https://www.argentina.gob.ar/sites/default/files/rr_768-2020_contratacion_por_emergencia_covid-19_ndeg139-2020.pdf
Universidad Tecnológica Nacional,2020-12-22,2021-01-04,Planilla enviada por la Universidad Tecnológica Nacional con el detalle del procedimiento COVID-19 Nº05/2020 / COMPR.AR 129-0005-CDI20,,https://www.argentina.gob.ar/sites/default/files/planilla_utn_cd_05-2020.pdf,
Ministerio de Salud,2020-10-20,2021-01-26,"Comunicación Oficial enviada por el Ministerio de Salud con detalle de procedimiento COVID19 N°5 / COMPR.AR 80-0042-CDI20, planilla adjunta y Acto Administrativo",https://www.argentina.gob.ar/sites/default/files/no-2021-06960318-apn-dcycms.pdf,https://www.argentina.gob.ar/sites/default/files/planilla_no-2021-06960318-apn-dcycms_1.xlsx,https://www.argentina.gob.ar/sites/default/files/rs-2020-79436630-apn-sasms.pdf
Ministerio de Salud,2020-12-28,2021-01-26,"Comunicación Oficial enviada por el Ministerio de Salud con detalle de procedimiento COVID19 N°8 / COMPR.AR 80-0069-CDI20, planilla adjunta y Acto Administrativo",https://www.argentina.gob.ar/sites/default/files/no-2021-06960318-apn-dcycms.pdf,https://www.argentina.gob.ar/sites/default/files/planilla_no-2021-06960318-apn-dcycms_2.xlsx,https://www.argentina.gob.ar/sites/default/files/rs-2021-04146457-apn-ms.pdf
Ministerio de Desarrollo Social,2021-01-25,2021-01-27,"Comunicación Oficial enviada por el Ministerio de Desarrollo Social con el detalle de la adjudicación en el marco del Acuerdo Nacional Emergencia COVID-19 N°6, planilla adjunta y acto administrativo",https://www.argentina.gob.ar/sites/default/files/no-2021-07460777-apn-dcycmds.pdf,https://www.argentina.gob.ar/sites/default/files/planilla_no-2021-07460777-apn-dcycmds.xlsx,https://www.argentina.gob.ar/sites/default/files/rs-2021-06727674-apn-sgamds.pdf